2026-03-10 00:44:39,340 INFO o.a.j.u.JMeterUtils: Setting Locale to en_EN
2026-03-10 00:44:39,354 INFO o.a.j.JMeter: Loading user properties from: /opt/homebrew/Cellar/jmeter/5.6.3/libexec/bin/user.properties
2026-03-10 00:44:39,355 INFO o.a.j.JMeter: Loading system properties from: /opt/homebrew/Cellar/jmeter/5.6.3/libexec/bin/system.properties
2026-03-10 00:44:39,358 INFO o.a.j.JMeter: Copyright (c) 1998-2024 The Apache Software Foundation
2026-03-10 00:44:39,358 INFO o.a.j.JMeter: Version 5.6.3
2026-03-10 00:44:39,358 INFO o.a.j.JMeter: java.version=21.0.10
2026-03-10 00:44:39,358 INFO o.a.j.JMeter: java.vm.name=OpenJDK 64-Bit Server VM
2026-03-10 00:44:39,358 INFO o.a.j.JMeter: os.name=Mac OS X
2026-03-10 00:44:39,358 INFO o.a.j.JMeter: os.arch=aarch64
2026-03-10 00:44:39,358 INFO o.a.j.JMeter: os.version=15.6.1
2026-03-10 00:44:39,358 INFO o.a.j.JMeter: file.encoding=UTF-8
2026-03-10 00:44:39,358 INFO o.a.j.JMeter: java.awt.headless=null
2026-03-10 00:44:39,359 INFO o.a.j.JMeter: Max memory     =1073741824
2026-03-10 00:44:39,359 INFO o.a.j.JMeter: Available Processors =10
2026-03-10 00:44:39,365 INFO o.a.j.JMeter: Default Locale=English (EN)
2026-03-10 00:44:39,365 INFO o.a.j.JMeter: JMeter  Locale=English (EN)
2026-03-10 00:44:39,365 INFO o.a.j.JMeter: JMeterHome=/opt/homebrew/Cellar/jmeter/5.6.3/libexec
2026-03-10 00:44:39,365 INFO o.a.j.JMeter: user.dir  =/Users/gimhuiheon/Documents/study/java-multi-threading/resources/throughput
2026-03-10 00:44:39,365 INFO o.a.j.JMeter: PWD       =/Users/gimhuiheon/Documents/study/java-multi-threading/resources/throughput
2026-03-10 00:44:39,366 INFO o.a.j.JMeter: IP: 127.0.0.1 Name: gimhuiheons-MacBook-Pro.local FullName: localhost
2026-03-10 00:44:39,374 INFO o.a.j.JMeter: Loaded icon properties from org/apache/jmeter/images/icon.properties
2026-03-10 00:44:39,731 INFO o.a.j.JMeterGuiLauncher: Setting LAF to: com.github.weisj.darklaf.DarkLaf:com.github.weisj.darklaf.theme.DarculaTheme
2026-03-10 00:44:40,745 INFO o.a.j.r.ClassFinder: Will scan jar /opt/homebrew/Cellar/jmeter/5.6.3/libexec/lib/ext/jmeter-plugins-manager-1.9.jar with filter ExtendsClassFilter [parents=[interface org.apache.jmeter.gui.action.Command], inner=false, contains=null, notContains=null]. Consider exposing JMeter plugins via META-INF/services, and add JMeter-Skip-Class-Scanning=true manifest attribute so JMeter can skip classfile scanning
2026-03-10 00:44:40,827 INFO o.a.j.r.ClassFinder: Will scan jar /opt/homebrew/Cellar/jmeter/5.6.3/libexec/lib/ext/jmeter-plugins-manager-1.9.jar with filter ExtendsClassFilter [parents=[interface org.apache.jmeter.gui.plugin.MenuCreator], inner=false, contains=null, notContains=null]. Consider exposing JMeter plugins via META-INF/services, and add JMeter-Skip-Class-Scanning=true manifest attribute so JMeter can skip classfile scanning
2026-03-10 00:44:40,885 INFO o.j.r.JARSourceHTTP: Requesting https://jmeter-plugins.org/repo/?installID=mac_os_x-17bd9f36245ed9f54c9b4f29400f650d-gui
2026-03-10 00:44:43,308 INFO o.j.r.PluginManager: Plugins Status: [jpgc-plugins-manager=1.9, jmeter-core=5.6.3, jmeter-ftp=5.6.3, jmeter-http=5.6.3, jmeter-jdbc=5.6.3, jmeter-jms=5.6.3, jmeter-junit=5.6.3, jmeter-java=5.6.3, jmeter-ldap=5.6.3, jmeter-mail=5.6.3, jmeter-mongodb=5.6.3, jmeter-native=5.6.3, jmeter-tcp=5.6.3, jmeter-components=5.6.3]
2026-03-10 00:44:43,309 INFO o.j.r.PluginManagerMenuItem: Plugins Manager has upgrades: [jpgc-plugins-manager]
2026-03-10 00:45:25,144 INFO o.a.j.p.h.s.HTTPSamplerBase: Parser for text/html is org.apache.jmeter.protocol.http.parser.LagartoBasedHtmlParser
2026-03-10 00:45:25,144 INFO o.a.j.p.h.s.HTTPSamplerBase: Parser for application/xhtml+xml is org.apache.jmeter.protocol.http.parser.LagartoBasedHtmlParser
2026-03-10 00:45:25,144 INFO o.a.j.p.h.s.HTTPSamplerBase: Parser for application/xml is org.apache.jmeter.protocol.http.parser.LagartoBasedHtmlParser
2026-03-10 00:45:25,144 INFO o.a.j.p.h.s.HTTPSamplerBase: Parser for text/xml is org.apache.jmeter.protocol.http.parser.LagartoBasedHtmlParser
2026-03-10 00:45:25,144 INFO o.a.j.p.h.s.HTTPSamplerBase: Parser for text/vnd.wap.wml is org.apache.jmeter.protocol.http.parser.RegexpHTMLParser
2026-03-10 00:45:25,144 INFO o.a.j.p.h.s.HTTPSamplerBase: Parser for text/css is org.apache.jmeter.protocol.http.parser.CssParser
2026-03-10 00:45:57,262 INFO o.a.j.s.SampleResult: Note: Sample TimeStamps are START times
2026-03-10 00:45:57,262 INFO o.a.j.s.SampleResult: sampleresult.default.encoding is set to UTF-8
2026-03-10 00:45:57,262 INFO o.a.j.s.SampleResult: sampleresult.useNanoTime=true
2026-03-10 00:45:57,262 INFO o.a.j.s.SampleResult: sampleresult.nanoThreadSleep=5000
2026-03-10 00:45:57,341 INFO o.a.j.r.ClassFinder: Will scan jar /opt/homebrew/Cellar/jmeter/5.6.3/libexec/lib/ext/jmeter-plugins-manager-1.9.jar with filter ExtendsClassFilter [parents=[interface org.apache.jmeter.visualizers.ResultRenderer], inner=false, contains=null, notContains=null]. Consider exposing JMeter plugins via META-INF/services, and add JMeter-Skip-Class-Scanning=true manifest attribute so JMeter can skip classfile scanning
2026-03-10 00:45:57,358 INFO o.a.j.r.ClassFinder: Will scan jar /opt/homebrew/Cellar/jmeter/5.6.3/libexec/lib/ext/jmeter-plugins-manager-1.9.jar with filter ExtendsClassFilter [parents=[interface org.apache.jmeter.visualizers.RequestView], inner=false, contains=null, notContains=null]. Consider exposing JMeter plugins via META-INF/services, and add JMeter-Skip-Class-Scanning=true manifest attribute so JMeter can skip classfile scanning
2026-03-10 00:46:31,688 INFO o.a.j.s.SaveService: Testplan (JMX) version: 2.2. Testlog (JTL) version: 2.2
2026-03-10 00:46:31,693 INFO o.a.j.s.SaveService: Using SaveService properties version 5.0
2026-03-10 00:46:31,694 INFO o.a.j.s.SaveService: Using SaveService properties file encoding UTF-8
2026-03-10 00:46:31,695 WARN o.a.j.s.CSVSaveService: Unknown column name acceptable
2026-03-10 00:46:31,699 INFO o.a.j.s.CSVSaveService: /Users/gimhuiheon/Documents/study/java-multi-threading/resources/throughput/search_words.csv does not appear to have a valid header. Using default configuration.
2026-03-10 00:46:31,699 WARN o.a.j.s.CSVSaveService: Cannot parse timestamp: 'acceptable', will try following formats [yyyy/MM/dd HH:mm:ss.SSS, yyyy/MM/dd HH:mm:ss, yyyy-MM-dd HH:mm:ss.SSS, yyyy-MM-dd HH:mm:ss, MM/dd/yy HH:mm:ss]
2026-03-10 00:46:31,700 INFO o.a.j.s.CSVSaveService: acceptable did not match yyyy/MM/dd HH:mm:ss.SSS, trying next date format
2026-03-10 00:46:31,700 INFO o.a.j.s.CSVSaveService: acceptable did not match yyyy/MM/dd HH:mm:ss, trying next date format
2026-03-10 00:46:31,700 INFO o.a.j.s.CSVSaveService: acceptable did not match yyyy-MM-dd HH:mm:ss.SSS, trying next date format
2026-03-10 00:46:31,700 INFO o.a.j.s.CSVSaveService: acceptable did not match yyyy-MM-dd HH:mm:ss, trying next date format
2026-03-10 00:46:31,700 INFO o.a.j.s.CSVSaveService: acceptable did not match MM/dd/yy HH:mm:ss, trying next date format
2026-03-10 00:46:31,700 WARN o.a.j.s.CSVSaveService: Error parsing field 'timeStamp' at line 1. java.text.ParseException: No date-time format found matching acceptable
2026-03-10 00:46:31,700 WARN o.a.j.r.ResultCollector: Problem reading JTL file: /Users/gimhuiheon/Documents/study/java-multi-threading/resources/throughput/search_words.csv
org.apache.jorphan.util.JMeterError: java.text.ParseException: No date-time format found matching acceptable
	at org.apache.jmeter.save.CSVSaveService.makeResultFromDelimitedString(CSVSaveService.java:390) ~[ApacheJMeter_core.jar:5.6.3]
	at org.apache.jmeter.save.CSVSaveService.processSamples(CSVSaveService.java:182) ~[ApacheJMeter_core.jar:5.6.3]
	at org.apache.jmeter.reporters.ResultCollector.loadExistingFile(ResultCollector.java:379) ~[ApacheJMeter_core.jar:5.6.3]
	at org.apache.jmeter.visualizers.gui.AbstractVisualizer.stateChanged(AbstractVisualizer.java:247) ~[ApacheJMeter_core.jar:5.6.3]
	at org.apache.jmeter.gui.util.FilePanelEntry.fireFileChanged(FilePanelEntry.java:140) ~[ApacheJMeter_core.jar:5.6.3]
	at org.apache.jmeter.gui.util.FilePanelEntry.actionPerformed(FilePanelEntry.java:155) ~[ApacheJMeter_core.jar:5.6.3]
	at java.desktop/javax.swing.AbstractButton.fireActionPerformed(AbstractButton.java:1972) ~[?:?]
	at java.desktop/javax.swing.AbstractButton$Handler.actionPerformed(AbstractButton.java:2314) ~[?:?]
	at java.desktop/javax.swing.DefaultButtonModel.fireActionPerformed(DefaultButtonModel.java:407) ~[?:?]
	at java.desktop/javax.swing.DefaultButtonModel.setPressed(DefaultButtonModel.java:262) ~[?:?]
	at java.desktop/javax.swing.plaf.basic.BasicButtonListener.mouseReleased(BasicButtonListener.java:279) ~[?:?]
	at com.github.weisj.darklaf.ui.button.DarkButtonListener.mouseReleased(DarkButtonListener.java:72) ~[darklaf-core-2.7.3.jar:2.7.3]
	at java.desktop/java.awt.Component.processMouseEvent(Component.java:6621) ~[?:?]
	at java.desktop/javax.swing.JComponent.processMouseEvent(JComponent.java:3398) ~[?:?]
	at java.desktop/java.awt.Component.processEvent(Component.java:6386) ~[?:?]
	at java.desktop/java.awt.Container.processEvent(Container.java:2266) ~[?:?]
	at java.desktop/java.awt.Component.dispatchEventImpl(Component.java:4996) ~[?:?]
	at java.desktop/java.awt.Container.dispatchEventImpl(Container.java:2324) ~[?:?]
	at java.desktop/java.awt.Component.dispatchEvent(Component.java:4828) ~[?:?]
	at java.desktop/java.awt.LightweightDispatcher.retargetMouseEvent(Container.java:4948) ~[?:?]
	at java.desktop/java.awt.LightweightDispatcher.processMouseEvent(Container.java:4575) ~[?:?]
	at java.desktop/java.awt.LightweightDispatcher.dispatchEvent(Container.java:4516) ~[?:?]
	at java.desktop/java.awt.Container.dispatchEventImpl(Container.java:2310) ~[?:?]
	at java.desktop/java.awt.Window.dispatchEventImpl(Window.java:2780) ~[?:?]
	at java.desktop/java.awt.Component.dispatchEvent(Component.java:4828) ~[?:?]
	at java.desktop/java.awt.EventQueue.dispatchEventImpl(EventQueue.java:775) ~[?:?]
	at java.desktop/java.awt.EventQueue$4.run(EventQueue.java:720) ~[?:?]
	at java.desktop/java.awt.EventQueue$4.run(EventQueue.java:714) ~[?:?]
	at java.base/java.security.AccessController.doPrivileged(AccessController.java:400) [?:?]
	at java.base/java.security.ProtectionDomain$JavaSecurityAccessImpl.doIntersectionPrivilege(ProtectionDomain.java:87) ~[?:?]
	at java.base/java.security.ProtectionDomain$JavaSecurityAccessImpl.doIntersectionPrivilege(ProtectionDomain.java:98) ~[?:?]
	at java.desktop/java.awt.EventQueue$5.run(EventQueue.java:747) ~[?:?]
	at java.desktop/java.awt.EventQueue$5.run(EventQueue.java:745) ~[?:?]
	at java.base/java.security.AccessController.doPrivileged(AccessController.java:400) [?:?]
	at java.base/java.security.ProtectionDomain$JavaSecurityAccessImpl.doIntersectionPrivilege(ProtectionDomain.java:87) [?:?]
	at java.desktop/java.awt.EventQueue.dispatchEvent(EventQueue.java:744) [?:?]
	at java.desktop/java.awt.EventDispatchThread.pumpOneEventForFilters(EventDispatchThread.java:203) [?:?]
	at java.desktop/java.awt.EventDispatchThread.pumpEventsForFilter(EventDispatchThread.java:124) [?:?]
	at java.desktop/java.awt.EventDispatchThread.pumpEventsForHierarchy(EventDispatchThread.java:113) [?:?]
	at java.desktop/java.awt.EventDispatchThread.pumpEvents(EventDispatchThread.java:109) [?:?]
	at java.desktop/java.awt.EventDispatchThread.pumpEvents(EventDispatchThread.java:101) [?:?]
	at java.desktop/java.awt.EventDispatchThread.run(EventDispatchThread.java:90) [?:?]
Caused by: java.text.ParseException: No date-time format found matching acceptable
	at org.apache.jmeter.save.CSVSaveService.makeResultFromDelimitedString(CSVSaveService.java:245) ~[ApacheJMeter_core.jar:5.6.3]
	... 41 more
2026-03-10 00:50:39,579 INFO o.a.j.s.FileServer: Default base='/Users/gimhuiheon/Documents/study/java-multi-threading/resources/throughput'
2026-03-10 00:50:39,581 INFO o.a.j.s.FileServer: Set new base='/Users/gimhuiheon/Documents/study/java-multi-threading/resources/throughput'
2026-03-10 00:50:39,614 INFO o.a.j.e.StandardJMeterEngine: Running the test!
2026-03-10 00:50:39,615 INFO o.a.j.s.SampleEvent: List of sample_variables: []
2026-03-10 00:50:39,615 INFO o.a.j.s.SampleEvent: List of sample_variables: []
2026-03-10 00:50:39,616 INFO o.a.j.e.u.CompoundVariable: Note: Function class names must contain the string: '.functions.'
2026-03-10 00:50:39,616 INFO o.a.j.e.u.CompoundVariable: Note: Function class names must not contain the string: '.gui.'
2026-03-10 00:50:39,641 INFO o.a.j.r.ClassFinder: Will scan jar /opt/homebrew/Cellar/jmeter/5.6.3/libexec/lib/ext/jmeter-plugins-manager-1.9.jar with filter ExtendsClassFilter [parents=[interface org.apache.jmeter.functions.Function], inner=false, contains=null, notContains=null]. Consider exposing JMeter plugins via META-INF/services, and add JMeter-Skip-Class-Scanning=true manifest attribute so JMeter can skip classfile scanning
2026-03-10 00:50:39,655 INFO o.a.j.g.u.JMeterMenuBar: setRunning(true, *local*)
2026-03-10 00:50:39,741 INFO o.a.j.e.StandardJMeterEngine: Starting ThreadGroup: 1 : Thread Group
2026-03-10 00:50:39,741 INFO o.a.j.e.StandardJMeterEngine: Starting 100 threads for group Thread Group.
2026-03-10 00:50:39,741 INFO o.a.j.e.StandardJMeterEngine: Thread will continue on error
2026-03-10 00:50:39,741 INFO o.a.j.t.ThreadGroup: Starting thread group... number=1 threads=100 ramp-up=1 delayedStart=false
2026-03-10 00:50:39,746 INFO o.a.j.t.JMeterThread: Thread started: Thread Group 1-1
2026-03-10 00:50:39,756 INFO o.a.j.t.JMeterThread: Thread started: Thread Group 1-2
2026-03-10 00:50:39,767 INFO o.a.j.t.JMeterThread: Thread started: Thread Group 1-3
2026-03-10 00:50:39,770 INFO o.a.j.t.ThreadGroup: Started thread group number 1
2026-03-10 00:50:39,770 INFO o.a.j.e.StandardJMeterEngine: All thread groups have been started
2026-03-10 00:50:39,776 INFO o.a.j.t.JMeterThread: Thread started: Thread Group 1-4
2026-03-10 00:50:39,784 INFO o.a.j.s.FileServer: Stored: /Users/gimhuiheon/Documents/study/java-multi-threading/resources/throughput/search_words.csv
2026-03-10 00:50:39,784 INFO o.a.j.t.JMeterThread: Thread started: Thread Group 1-5
2026-03-10 00:50:39,792 INFO o.a.j.p.h.s.HTTPHCAbstractImpl: Local host = gimhuiheons-MacBook-Pro.local
2026-03-10 00:50:39,797 INFO o.a.j.t.JMeterThread: Thread started: Thread Group 1-6
2026-03-10 00:50:39,797 INFO o.a.j.p.h.s.HTTPHC4Impl: HTTP request retry count = 0
2026-03-10 00:50:39,808 INFO o.a.j.t.JMeterThread: Thread started: Thread Group 1-7
2026-03-10 00:50:39,814 INFO o.a.j.t.JMeterThread: Thread started: Thread Group 1-8
2026-03-10 00:50:39,823 INFO o.a.j.t.JMeterThread: Thread started: Thread Group 1-9
2026-03-10 00:50:39,835 INFO o.a.j.t.JMeterThread: Thread started: Thread Group 1-10
2026-03-10 00:50:39,844 INFO o.a.j.t.JMeterThread: Thread started: Thread Group 1-11
2026-03-10 00:50:39,854 INFO o.a.j.t.JMeterThread: Thread started: Thread Group 1-12
2026-03-10 00:50:39,865 INFO o.a.j.t.JMeterThread: Thread started: Thread Group 1-13
2026-03-10 00:50:39,873 INFO o.a.j.t.JMeterThread: Thread started: Thread Group 1-14
2026-03-10 00:50:39,884 INFO o.a.j.t.JMeterThread: Thread started: Thread Group 1-15
2026-03-10 00:50:39,893 INFO o.a.j.t.JMeterThread: Thread started: Thread Group 1-16
2026-03-10 00:50:39,907 INFO o.a.j.t.JMeterThread: Thread started: Thread Group 1-17
2026-03-10 00:50:39,917 INFO o.a.j.t.JMeterThread: Thread started: Thread Group 1-18
2026-03-10 00:50:39,926 INFO o.a.j.t.JMeterThread: Thread started: Thread Group 1-19
2026-03-10 00:50:39,933 INFO o.a.j.t.JMeterThread: Thread started: Thread Group 1-20
2026-03-10 00:50:39,942 INFO o.a.j.t.JMeterThread: Thread started: Thread Group 1-21
2026-03-10 00:50:39,956 INFO o.a.j.t.JMeterThread: Thread started: Thread Group 1-22
2026-03-10 00:50:39,968 INFO o.a.j.t.JMeterThread: Thread started: Thread Group 1-23
2026-03-10 00:50:39,976 INFO o.a.j.t.JMeterThread: Thread started: Thread Group 1-24
2026-03-10 00:50:39,987 INFO o.a.j.t.JMeterThread: Thread started: Thread Group 1-25
2026-03-10 00:50:39,996 INFO o.a.j.t.JMeterThread: Thread started: Thread Group 1-26
2026-03-10 00:50:39,999 INFO o.a.j.t.JMeterThread: Stop Thread seen for thread Thread Group 1-16, reason: org.apache.jorphan.util.JMeterStopThreadException: End of file:/Users/gimhuiheon/Documents/study/java-multi-threading/resources/throughput/search_words.csv detected for CSV DataSet:CSV Data Set Config configured with stopThread:true, recycle:false
2026-03-10 00:50:40,000 INFO o.a.j.t.JMeterThread: Thread finished: Thread Group 1-16
2026-03-10 00:50:39,999 INFO o.a.j.t.JMeterThread: Stop Thread seen for thread Thread Group 1-22, reason: org.apache.jorphan.util.JMeterStopThreadException: End of file:/Users/gimhuiheon/Documents/study/java-multi-threading/resources/throughput/search_words.csv detected for CSV DataSet:CSV Data Set Config configured with stopThread:true, recycle:false
2026-03-10 00:50:40,000 INFO o.a.j.t.JMeterThread: Stop Thread seen for thread Thread Group 1-26, reason: org.apache.jorphan.util.JMeterStopThreadException: End of file:/Users/gimhuiheon/Documents/study/java-multi-threading/resources/throughput/search_words.csv detected for CSV DataSet:CSV Data Set Config configured with stopThread:true, recycle:false
2026-03-10 00:50:40,000 INFO o.a.j.t.JMeterThread: Thread finished: Thread Group 1-26
2026-03-10 00:50:40,000 INFO o.a.j.t.JMeterThread: Thread finished: Thread Group 1-22
2026-03-10 00:50:40,000 INFO o.a.j.t.JMeterThread: Stop Thread seen for thread Thread Group 1-25, reason: org.apache.jorphan.util.JMeterStopThreadException: End of file:/Users/gimhuiheon/Documents/study/java-multi-threading/resources/throughput/search_words.csv detected for CSV DataSet:CSV Data Set Config configured with stopThread:true, recycle:false
2026-03-10 00:50:40,000 INFO o.a.j.t.JMeterThread: Stop Thread seen for thread Thread Group 1-17, reason: org.apache.jorphan.util.JMeterStopThreadException: End of file:/Users/gimhuiheon/Documents/study/java-multi-threading/resources/throughput/search_words.csv detected for CSV DataSet:CSV Data Set Config configured with stopThread:true, recycle:false
2026-03-10 00:50:40,000 INFO o.a.j.t.JMeterThread: Thread finished: Thread Group 1-25
2026-03-10 00:50:40,000 INFO o.a.j.t.JMeterThread: Thread finished: Thread Group 1-17
2026-03-10 00:50:40,000 INFO o.a.j.t.JMeterThread: Stop Thread seen for thread Thread Group 1-2, reason: org.apache.jorphan.util.JMeterStopThreadException: End of file:/Users/gimhuiheon/Documents/study/java-multi-threading/resources/throughput/search_words.csv detected for CSV DataSet:CSV Data Set Config configured with stopThread:true, recycle:false
2026-03-10 00:50:40,000 INFO o.a.j.t.JMeterThread: Stop Thread seen for thread Thread Group 1-15, reason: org.apache.jorphan.util.JMeterStopThreadException: End of file:/Users/gimhuiheon/Documents/study/java-multi-threading/resources/throughput/search_words.csv detected for CSV DataSet:CSV Data Set Config configured with stopThread:true, recycle:false
2026-03-10 00:50:40,000 INFO o.a.j.t.JMeterThread: Thread finished: Thread Group 1-2
2026-03-10 00:50:40,000 INFO o.a.j.t.JMeterThread: Stop Thread seen for thread Thread Group 1-14, reason: org.apache.jorphan.util.JMeterStopThreadException: End of file:/Users/gimhuiheon/Documents/study/java-multi-threading/resources/throughput/search_words.csv detected for CSV DataSet:CSV Data Set Config configured with stopThread:true, recycle:false
2026-03-10 00:50:40,000 INFO o.a.j.t.JMeterThread: Stop Thread seen for thread Thread Group 1-18, reason: org.apache.jorphan.util.JMeterStopThreadException: End of file:/Users/gimhuiheon/Documents/study/java-multi-threading/resources/throughput/search_words.csv detected for CSV DataSet:CSV Data Set Config configured with stopThread:true, recycle:false
2026-03-10 00:50:40,000 INFO o.a.j.t.JMeterThread: Thread finished: Thread Group 1-15
2026-03-10 00:50:40,000 INFO o.a.j.t.JMeterThread: Stop Thread seen for thread Thread Group 1-3, reason: org.apache.jorphan.util.JMeterStopThreadException: End of file:/Users/gimhuiheon/Documents/study/java-multi-threading/resources/throughput/search_words.csv detected for CSV DataSet:CSV Data Set Config configured with stopThread:true, recycle:false
2026-03-10 00:50:40,000 INFO o.a.j.t.JMeterThread: Stop Thread seen for thread Thread Group 1-24, reason: org.apache.jorphan.util.JMeterStopThreadException: End of file:/Users/gimhuiheon/Documents/study/java-multi-threading/resources/throughput/search_words.csv detected for CSV DataSet:CSV Data Set Config configured with stopThread:true, recycle:false
2026-03-10 00:50:40,000 INFO o.a.j.t.JMeterThread: Stop Thread seen for thread Thread Group 1-21, reason: org.apache.jorphan.util.JMeterStopThreadException: End of file:/Users/gimhuiheon/Documents/study/java-multi-threading/resources/throughput/search_words.csv detected for CSV DataSet:CSV Data Set Config configured with stopThread:true, recycle:false
2026-03-10 00:50:40,000 INFO o.a.j.t.JMeterThread: Thread finished: Thread Group 1-24
2026-03-10 00:50:40,000 INFO o.a.j.t.JMeterThread: Stop Thread seen for thread Thread Group 1-8, reason: org.apache.jorphan.util.JMeterStopThreadException: End of file:/Users/gimhuiheon/Documents/study/java-multi-threading/resources/throughput/search_words.csv detected for CSV DataSet:CSV Data Set Config configured with stopThread:true, recycle:false
2026-03-10 00:50:40,000 INFO o.a.j.t.JMeterThread: Thread finished: Thread Group 1-21
2026-03-10 00:50:40,000 INFO o.a.j.t.JMeterThread: Stop Thread seen for thread Thread Group 1-23, reason: org.apache.jorphan.util.JMeterStopThreadException: End of file:/Users/gimhuiheon/Documents/study/java-multi-threading/resources/throughput/search_words.csv detected for CSV DataSet:CSV Data Set Config configured with stopThread:true, recycle:false
2026-03-10 00:50:40,001 INFO o.a.j.t.JMeterThread: Stop Thread seen for thread Thread Group 1-10, reason: org.apache.jorphan.util.JMeterStopThreadException: End of file:/Users/gimhuiheon/Documents/study/java-multi-threading/resources/throughput/search_words.csv detected for CSV DataSet:CSV Data Set Config configured with stopThread:true, recycle:false
2026-03-10 00:50:40,001 INFO o.a.j.t.JMeterThread: Stop Thread seen for thread Thread Group 1-19, reason: org.apache.jorphan.util.JMeterStopThreadException: End of file:/Users/gimhuiheon/Documents/study/java-multi-threading/resources/throughput/search_words.csv detected for CSV DataSet:CSV Data Set Config configured with stopThread:true, recycle:false
2026-03-10 00:50:40,000 INFO o.a.j.t.JMeterThread: Thread finished: Thread Group 1-3
2026-03-10 00:50:40,001 INFO o.a.j.t.JMeterThread: Thread finished: Thread Group 1-19
2026-03-10 00:50:40,001 INFO o.a.j.t.JMeterThread: Thread finished: Thread Group 1-23
2026-03-10 00:50:40,000 INFO o.a.j.t.JMeterThread: Thread finished: Thread Group 1-18
2026-03-10 00:50:40,001 INFO o.a.j.t.JMeterThread: Stop Thread seen for thread Thread Group 1-5, reason: org.apache.jorphan.util.JMeterStopThreadException: End of file:/Users/gimhuiheon/Documents/study/java-multi-threading/resources/throughput/search_words.csv detected for CSV DataSet:CSV Data Set Config configured with stopThread:true, recycle:false
2026-03-10 00:50:40,001 INFO o.a.j.t.JMeterThread: Thread finished: Thread Group 1-5
2026-03-10 00:50:40,001 INFO o.a.j.t.JMeterThread: Stop Thread seen for thread Thread Group 1-13, reason: org.apache.jorphan.util.JMeterStopThreadException: End of file:/Users/gimhuiheon/Documents/study/java-multi-threading/resources/throughput/search_words.csv detected for CSV DataSet:CSV Data Set Config configured with stopThread:true, recycle:false
2026-03-10 00:50:40,001 INFO o.a.j.t.JMeterThread: Thread finished: Thread Group 1-13
2026-03-10 00:50:40,001 INFO o.a.j.t.JMeterThread: Thread finished: Thread Group 1-14
2026-03-10 00:50:40,001 INFO o.a.j.t.JMeterThread: Stop Thread seen for thread Thread Group 1-6, reason: org.apache.jorphan.util.JMeterStopThreadException: End of file:/Users/gimhuiheon/Documents/study/java-multi-threading/resources/throughput/search_words.csv detected for CSV DataSet:CSV Data Set Config configured with stopThread:true, recycle:false
2026-03-10 00:50:40,001 INFO o.a.j.t.JMeterThread: Thread finished: Thread Group 1-6
2026-03-10 00:50:40,001 INFO o.a.j.t.JMeterThread: Stop Thread seen for thread Thread Group 1-9, reason: org.apache.jorphan.util.JMeterStopThreadException: End of file:/Users/gimhuiheon/Documents/study/java-multi-threading/resources/throughput/search_words.csv detected for CSV DataSet:CSV Data Set Config configured with stopThread:true, recycle:false
2026-03-10 00:50:40,001 INFO o.a.j.t.JMeterThread: Thread finished: Thread Group 1-9
2026-03-10 00:50:40,001 INFO o.a.j.t.JMeterThread: Thread finished: Thread Group 1-8
2026-03-10 00:50:40,000 INFO o.a.j.t.JMeterThread: Stop Thread seen for thread Thread Group 1-12, reason: org.apache.jorphan.util.JMeterStopThreadException: End of file:/Users/gimhuiheon/Documents/study/java-multi-threading/resources/throughput/search_words.csv detected for CSV DataSet:CSV Data Set Config configured with stopThread:true, recycle:false
2026-03-10 00:50:40,001 INFO o.a.j.t.JMeterThread: Stop Thread seen for thread Thread Group 1-20, reason: org.apache.jorphan.util.JMeterStopThreadException: End of file:/Users/gimhuiheon/Documents/study/java-multi-threading/resources/throughput/search_words.csv detected for CSV DataSet:CSV Data Set Config configured with stopThread:true, recycle:false
2026-03-10 00:50:40,001 INFO o.a.j.t.JMeterThread: Thread finished: Thread Group 1-20
2026-03-10 00:50:40,001 INFO o.a.j.t.JMeterThread: Thread finished: Thread Group 1-12
2026-03-10 00:50:40,001 INFO o.a.j.t.JMeterThread: Thread finished: Thread Group 1-10
2026-03-10 00:50:40,001 INFO o.a.j.t.JMeterThread: Stop Thread seen for thread Thread Group 1-11, reason: org.apache.jorphan.util.JMeterStopThreadException: End of file:/Users/gimhuiheon/Documents/study/java-multi-threading/resources/throughput/search_words.csv detected for CSV DataSet:CSV Data Set Config configured with stopThread:true, recycle:false
2026-03-10 00:50:40,002 INFO o.a.j.t.JMeterThread: Thread finished: Thread Group 1-11
2026-03-10 00:50:40,002 INFO o.a.j.t.JMeterThread: Stop Thread seen for thread Thread Group 1-1, reason: org.apache.jorphan.util.JMeterStopThreadException: End of file:/Users/gimhuiheon/Documents/study/java-multi-threading/resources/throughput/search_words.csv detected for CSV DataSet:CSV Data Set Config configured with stopThread:true, recycle:false
2026-03-10 00:50:40,002 INFO o.a.j.t.JMeterThread: Thread finished: Thread Group 1-1
2026-03-10 00:50:40,002 INFO o.a.j.t.JMeterThread: Stop Thread seen for thread Thread Group 1-4, reason: org.apache.jorphan.util.JMeterStopThreadException: End of file:/Users/gimhuiheon/Documents/study/java-multi-threading/resources/throughput/search_words.csv detected for CSV DataSet:CSV Data Set Config configured with stopThread:true, recycle:false
2026-03-10 00:50:40,002 INFO o.a.j.t.JMeterThread: Thread finished: Thread Group 1-4
2026-03-10 00:50:40,002 INFO o.a.j.t.JMeterThread: Stop Thread seen for thread Thread Group 1-7, reason: org.apache.jorphan.util.JMeterStopThreadException: End of file:/Users/gimhuiheon/Documents/study/java-multi-threading/resources/throughput/search_words.csv detected for CSV DataSet:CSV Data Set Config configured with stopThread:true, recycle:false
2026-03-10 00:50:40,002 INFO o.a.j.t.JMeterThread: Thread finished: Thread Group 1-7
2026-03-10 00:50:40,007 INFO o.a.j.t.JMeterThread: Thread started: Thread Group 1-27
2026-03-10 00:50:40,007 INFO o.a.j.t.JMeterThread: Stop Thread seen for thread Thread Group 1-27, reason: org.apache.jorphan.util.JMeterStopThreadException: End of file:/Users/gimhuiheon/Documents/study/java-multi-threading/resources/throughput/search_words.csv detected for CSV DataSet:CSV Data Set Config configured with stopThread:true, recycle:false
2026-03-10 00:50:40,007 INFO o.a.j.t.JMeterThread: Thread finished: Thread Group 1-27
2026-03-10 00:50:40,017 INFO o.a.j.t.JMeterThread: Thread started: Thread Group 1-28
2026-03-10 00:50:40,018 INFO o.a.j.t.JMeterThread: Stop Thread seen for thread Thread Group 1-28, reason: org.apache.jorphan.util.JMeterStopThreadException: End of file:/Users/gimhuiheon/Documents/study/java-multi-threading/resources/throughput/search_words.csv detected for CSV DataSet:CSV Data Set Config configured with stopThread:true, recycle:false
2026-03-10 00:50:40,018 INFO o.a.j.t.JMeterThread: Thread finished: Thread Group 1-28
2026-03-10 00:50:40,025 INFO o.a.j.t.JMeterThread: Thread started: Thread Group 1-29
2026-03-10 00:50:40,026 INFO o.a.j.t.JMeterThread: Stop Thread seen for thread Thread Group 1-29, reason: org.apache.jorphan.util.JMeterStopThreadException: End of file:/Users/gimhuiheon/Documents/study/java-multi-threading/resources/throughput/search_words.csv detected for CSV DataSet:CSV Data Set Config configured with stopThread:true, recycle:false
2026-03-10 00:50:40,026 INFO o.a.j.t.JMeterThread: Thread finished: Thread Group 1-29
2026-03-10 00:50:40,034 INFO o.a.j.t.JMeterThread: Thread started: Thread Group 1-30
2026-03-10 00:50:40,035 INFO o.a.j.t.JMeterThread: Stop Thread seen for thread Thread Group 1-30, reason: org.apache.jorphan.util.JMeterStopThreadException: End of file:/Users/gimhuiheon/Documents/study/java-multi-threading/resources/throughput/search_words.csv detected for CSV DataSet:CSV Data Set Config configured with stopThread:true, recycle:false
2026-03-10 00:50:40,035 INFO o.a.j.t.JMeterThread: Thread finished: Thread Group 1-30
2026-03-10 00:50:40,047 INFO o.a.j.t.JMeterThread: Thread started: Thread Group 1-31
2026-03-10 00:50:40,048 INFO o.a.j.t.JMeterThread: Stop Thread seen for thread Thread Group 1-31, reason: org.apache.jorphan.util.JMeterStopThreadException: End of file:/Users/gimhuiheon/Documents/study/java-multi-threading/resources/throughput/search_words.csv detected for CSV DataSet:CSV Data Set Config configured with stopThread:true, recycle:false
2026-03-10 00:50:40,048 INFO o.a.j.t.JMeterThread: Thread finished: Thread Group 1-31
2026-03-10 00:50:40,056 INFO o.a.j.t.JMeterThread: Thread started: Thread Group 1-32
2026-03-10 00:50:40,057 INFO o.a.j.t.JMeterThread: Stop Thread seen for thread Thread Group 1-32, reason: org.apache.jorphan.util.JMeterStopThreadException: End of file:/Users/gimhuiheon/Documents/study/java-multi-threading/resources/throughput/search_words.csv detected for CSV DataSet:CSV Data Set Config configured with stopThread:true, recycle:false
2026-03-10 00:50:40,057 INFO o.a.j.t.JMeterThread: Thread finished: Thread Group 1-32
2026-03-10 00:50:40,066 INFO o.a.j.t.JMeterThread: Thread started: Thread Group 1-33
2026-03-10 00:50:40,067 INFO o.a.j.t.JMeterThread: Stop Thread seen for thread Thread Group 1-33, reason: org.apache.jorphan.util.JMeterStopThreadException: End of file:/Users/gimhuiheon/Documents/study/java-multi-threading/resources/throughput/search_words.csv detected for CSV DataSet:CSV Data Set Config configured with stopThread:true, recycle:false
2026-03-10 00:50:40,067 INFO o.a.j.t.JMeterThread: Thread finished: Thread Group 1-33
2026-03-10 00:50:40,076 INFO o.a.j.t.JMeterThread: Thread started: Thread Group 1-34
2026-03-10 00:50:40,077 INFO o.a.j.t.JMeterThread: Stop Thread seen for thread Thread Group 1-34, reason: org.apache.jorphan.util.JMeterStopThreadException: End of file:/Users/gimhuiheon/Documents/study/java-multi-threading/resources/throughput/search_words.csv detected for CSV DataSet:CSV Data Set Config configured with stopThread:true, recycle:false
2026-03-10 00:50:40,077 INFO o.a.j.t.JMeterThread: Thread finished: Thread Group 1-34
2026-03-10 00:50:40,087 INFO o.a.j.t.JMeterThread: Thread started: Thread Group 1-35
2026-03-10 00:50:40,088 INFO o.a.j.t.JMeterThread: Stop Thread seen for thread Thread Group 1-35, reason: org.apache.jorphan.util.JMeterStopThreadException: End of file:/Users/gimhuiheon/Documents/study/java-multi-threading/resources/throughput/search_words.csv detected for CSV DataSet:CSV Data Set Config configured with stopThread:true, recycle:false
2026-03-10 00:50:40,088 INFO o.a.j.t.JMeterThread: Thread finished: Thread Group 1-35
2026-03-10 00:50:40,097 INFO o.a.j.t.JMeterThread: Thread started: Thread Group 1-36
2026-03-10 00:50:40,098 INFO o.a.j.t.JMeterThread: Stop Thread seen for thread Thread Group 1-36, reason: org.apache.jorphan.util.JMeterStopThreadException: End of file:/Users/gimhuiheon/Documents/study/java-multi-threading/resources/throughput/search_words.csv detected for CSV DataSet:CSV Data Set Config configured with stopThread:true, recycle:false
2026-03-10 00:50:40,098 INFO o.a.j.t.JMeterThread: Thread finished: Thread Group 1-36
2026-03-10 00:50:40,106 INFO o.a.j.t.JMeterThread: Thread started: Thread Group 1-37
2026-03-10 00:50:40,107 INFO o.a.j.t.JMeterThread: Stop Thread seen for thread Thread Group 1-37, reason: org.apache.jorphan.util.JMeterStopThreadException: End of file:/Users/gimhuiheon/Documents/study/java-multi-threading/resources/throughput/search_words.csv detected for CSV DataSet:CSV Data Set Config configured with stopThread:true, recycle:false
2026-03-10 00:50:40,107 INFO o.a.j.t.JMeterThread: Thread finished: Thread Group 1-37
2026-03-10 00:50:40,117 INFO o.a.j.t.JMeterThread: Thread started: Thread Group 1-38
2026-03-10 00:50:40,117 INFO o.a.j.t.JMeterThread: Stop Thread seen for thread Thread Group 1-38, reason: org.apache.jorphan.util.JMeterStopThreadException: End of file:/Users/gimhuiheon/Documents/study/java-multi-threading/resources/throughput/search_words.csv detected for CSV DataSet:CSV Data Set Config configured with stopThread:true, recycle:false
2026-03-10 00:50:40,117 INFO o.a.j.t.JMeterThread: Thread finished: Thread Group 1-38
2026-03-10 00:50:40,123 INFO o.a.j.t.JMeterThread: Thread started: Thread Group 1-39
2026-03-10 00:50:40,124 INFO o.a.j.t.JMeterThread: Stop Thread seen for thread Thread Group 1-39, reason: org.apache.jorphan.util.JMeterStopThreadException: End of file:/Users/gimhuiheon/Documents/study/java-multi-threading/resources/throughput/search_words.csv detected for CSV DataSet:CSV Data Set Config configured with stopThread:true, recycle:false
2026-03-10 00:50:40,124 INFO o.a.j.t.JMeterThread: Thread finished: Thread Group 1-39
2026-03-10 00:50:40,137 INFO o.a.j.t.JMeterThread: Thread started: Thread Group 1-40
2026-03-10 00:50:40,138 INFO o.a.j.t.JMeterThread: Stop Thread seen for thread Thread Group 1-40, reason: org.apache.jorphan.util.JMeterStopThreadException: End of file:/Users/gimhuiheon/Documents/study/java-multi-threading/resources/throughput/search_words.csv detected for CSV DataSet:CSV Data Set Config configured with stopThread:true, recycle:false
2026-03-10 00:50:40,138 INFO o.a.j.t.JMeterThread: Thread finished: Thread Group 1-40
2026-03-10 00:50:40,142 INFO o.a.j.t.JMeterThread: Thread started: Thread Group 1-41
2026-03-10 00:50:40,142 INFO o.a.j.t.JMeterThread: Stop Thread seen for thread Thread Group 1-41, reason: org.apache.jorphan.util.JMeterStopThreadException: End of file:/Users/gimhuiheon/Documents/study/java-multi-threading/resources/throughput/search_words.csv detected for CSV DataSet:CSV Data Set Config configured with stopThread:true, recycle:false
2026-03-10 00:50:40,142 INFO o.a.j.t.JMeterThread: Thread finished: Thread Group 1-41
2026-03-10 00:50:40,155 INFO o.a.j.t.JMeterThread: Thread started: Thread Group 1-42
2026-03-10 00:50:40,156 INFO o.a.j.t.JMeterThread: Stop Thread seen for thread Thread Group 1-42, reason: org.apache.jorphan.util.JMeterStopThreadException: End of file:/Users/gimhuiheon/Documents/study/java-multi-threading/resources/throughput/search_words.csv detected for CSV DataSet:CSV Data Set Config configured with stopThread:true, recycle:false
2026-03-10 00:50:40,156 INFO o.a.j.t.JMeterThread: Thread finished: Thread Group 1-42
2026-03-10 00:50:40,167 INFO o.a.j.t.JMeterThread: Thread started: Thread Group 1-43
2026-03-10 00:50:40,167 INFO o.a.j.t.JMeterThread: Stop Thread seen for thread Thread Group 1-43, reason: org.apache.jorphan.util.JMeterStopThreadException: End of file:/Users/gimhuiheon/Documents/study/java-multi-threading/resources/throughput/search_words.csv detected for CSV DataSet:CSV Data Set Config configured with stopThread:true, recycle:false
2026-03-10 00:50:40,167 INFO o.a.j.t.JMeterThread: Thread finished: Thread Group 1-43
2026-03-10 00:50:40,176 INFO o.a.j.t.JMeterThread: Thread started: Thread Group 1-44
2026-03-10 00:50:40,177 INFO o.a.j.t.JMeterThread: Stop Thread seen for thread Thread Group 1-44, reason: org.apache.jorphan.util.JMeterStopThreadException: End of file:/Users/gimhuiheon/Documents/study/java-multi-threading/resources/throughput/search_words.csv detected for CSV DataSet:CSV Data Set Config configured with stopThread:true, recycle:false
2026-03-10 00:50:40,177 INFO o.a.j.t.JMeterThread: Thread finished: Thread Group 1-44
2026-03-10 00:50:40,183 INFO o.a.j.t.JMeterThread: Thread started: Thread Group 1-45
2026-03-10 00:50:40,183 INFO o.a.j.t.JMeterThread: Stop Thread seen for thread Thread Group 1-45, reason: org.apache.jorphan.util.JMeterStopThreadException: End of file:/Users/gimhuiheon/Documents/study/java-multi-threading/resources/throughput/search_words.csv detected for CSV DataSet:CSV Data Set Config configured with stopThread:true, recycle:false
2026-03-10 00:50:40,183 INFO o.a.j.t.JMeterThread: Thread finished: Thread Group 1-45
2026-03-10 00:50:40,196 INFO o.a.j.t.JMeterThread: Thread started: Thread Group 1-46
2026-03-10 00:50:40,196 INFO o.a.j.t.JMeterThread: Stop Thread seen for thread Thread Group 1-46, reason: org.apache.jorphan.util.JMeterStopThreadException: End of file:/Users/gimhuiheon/Documents/study/java-multi-threading/resources/throughput/search_words.csv detected for CSV DataSet:CSV Data Set Config configured with stopThread:true, recycle:false
2026-03-10 00:50:40,196 INFO o.a.j.t.JMeterThread: Thread finished: Thread Group 1-46
2026-03-10 00:50:40,206 INFO o.a.j.t.JMeterThread: Thread started: Thread Group 1-47
2026-03-10 00:50:40,207 INFO o.a.j.t.JMeterThread: Stop Thread seen for thread Thread Group 1-47, reason: org.apache.jorphan.util.JMeterStopThreadException: End of file:/Users/gimhuiheon/Documents/study/java-multi-threading/resources/throughput/search_words.csv detected for CSV DataSet:CSV Data Set Config configured with stopThread:true, recycle:false
2026-03-10 00:50:40,207 INFO o.a.j.t.JMeterThread: Thread finished: Thread Group 1-47
2026-03-10 00:50:40,217 INFO o.a.j.t.JMeterThread: Thread started: Thread Group 1-48
2026-03-10 00:50:40,218 INFO o.a.j.t.JMeterThread: Stop Thread seen for thread Thread Group 1-48, reason: org.apache.jorphan.util.JMeterStopThreadException: End of file:/Users/gimhuiheon/Documents/study/java-multi-threading/resources/throughput/search_words.csv detected for CSV DataSet:CSV Data Set Config configured with stopThread:true, recycle:false
2026-03-10 00:50:40,218 INFO o.a.j.t.JMeterThread: Thread finished: Thread Group 1-48
2026-03-10 00:50:40,227 INFO o.a.j.t.JMeterThread: Thread started: Thread Group 1-49
2026-03-10 00:50:40,227 INFO o.a.j.t.JMeterThread: Stop Thread seen for thread Thread Group 1-49, reason: org.apache.jorphan.util.JMeterStopThreadException: End of file:/Users/gimhuiheon/Documents/study/java-multi-threading/resources/throughput/search_words.csv detected for CSV DataSet:CSV Data Set Config configured with stopThread:true, recycle:false
2026-03-10 00:50:40,227 INFO o.a.j.t.JMeterThread: Thread finished: Thread Group 1-49
2026-03-10 00:50:40,231 INFO o.a.j.t.JMeterThread: Thread started: Thread Group 1-50
2026-03-10 00:50:40,232 INFO o.a.j.t.JMeterThread: Stop Thread seen for thread Thread Group 1-50, reason: org.apache.jorphan.util.JMeterStopThreadException: End of file:/Users/gimhuiheon/Documents/study/java-multi-threading/resources/throughput/search_words.csv detected for CSV DataSet:CSV Data Set Config configured with stopThread:true, recycle:false
2026-03-10 00:50:40,232 INFO o.a.j.t.JMeterThread: Thread finished: Thread Group 1-50
2026-03-10 00:50:40,244 INFO o.a.j.t.JMeterThread: Thread started: Thread Group 1-51
2026-03-10 00:50:40,245 INFO o.a.j.t.JMeterThread: Stop Thread seen for thread Thread Group 1-51, reason: org.apache.jorphan.util.JMeterStopThreadException: End of file:/Users/gimhuiheon/Documents/study/java-multi-threading/resources/throughput/search_words.csv detected for CSV DataSet:CSV Data Set Config configured with stopThread:true, recycle:false
2026-03-10 00:50:40,245 INFO o.a.j.t.JMeterThread: Thread finished: Thread Group 1-51
2026-03-10 00:50:40,256 INFO o.a.j.t.JMeterThread: Thread started: Thread Group 1-52
2026-03-10 00:50:40,257 INFO o.a.j.t.JMeterThread: Stop Thread seen for thread Thread Group 1-52, reason: org.apache.jorphan.util.JMeterStopThreadException: End of file:/Users/gimhuiheon/Documents/study/java-multi-threading/resources/throughput/search_words.csv detected for CSV DataSet:CSV Data Set Config configured with stopThread:true, recycle:false
2026-03-10 00:50:40,257 INFO o.a.j.t.JMeterThread: Thread finished: Thread Group 1-52
2026-03-10 00:50:40,267 INFO o.a.j.t.JMeterThread: Thread started: Thread Group 1-53
2026-03-10 00:50:40,267 INFO o.a.j.t.JMeterThread: Stop Thread seen for thread Thread Group 1-53, reason: org.apache.jorphan.util.JMeterStopThreadException: End of file:/Users/gimhuiheon/Documents/study/java-multi-threading/resources/throughput/search_words.csv detected for CSV DataSet:CSV Data Set Config configured with stopThread:true, recycle:false
2026-03-10 00:50:40,267 INFO o.a.j.t.JMeterThread: Thread finished: Thread Group 1-53
2026-03-10 00:50:40,275 INFO o.a.j.t.JMeterThread: Thread started: Thread Group 1-54
2026-03-10 00:50:40,275 INFO o.a.j.t.JMeterThread: Stop Thread seen for thread Thread Group 1-54, reason: org.apache.jorphan.util.JMeterStopThreadException: End of file:/Users/gimhuiheon/Documents/study/java-multi-threading/resources/throughput/search_words.csv detected for CSV DataSet:CSV Data Set Config configured with stopThread:true, recycle:false
2026-03-10 00:50:40,275 INFO o.a.j.t.JMeterThread: Thread finished: Thread Group 1-54
2026-03-10 00:50:40,283 INFO o.a.j.t.JMeterThread: Thread started: Thread Group 1-55
2026-03-10 00:50:40,284 INFO o.a.j.t.JMeterThread: Stop Thread seen for thread Thread Group 1-55, reason: org.apache.jorphan.util.JMeterStopThreadException: End of file:/Users/gimhuiheon/Documents/study/java-multi-threading/resources/throughput/search_words.csv detected for CSV DataSet:CSV Data Set Config configured with stopThread:true, recycle:false
2026-03-10 00:50:40,284 INFO o.a.j.t.JMeterThread: Thread finished: Thread Group 1-55
2026-03-10 00:50:40,297 INFO o.a.j.t.JMeterThread: Thread started: Thread Group 1-56
2026-03-10 00:50:40,298 INFO o.a.j.t.JMeterThread: Stop Thread seen for thread Thread Group 1-56, reason: org.apache.jorphan.util.JMeterStopThreadException: End of file:/Users/gimhuiheon/Documents/study/java-multi-threading/resources/throughput/search_words.csv detected for CSV DataSet:CSV Data Set Config configured with stopThread:true, recycle:false
2026-03-10 00:50:40,298 INFO o.a.j.t.JMeterThread: Thread finished: Thread Group 1-56
2026-03-10 00:50:40,303 INFO o.a.j.t.JMeterThread: Thread started: Thread Group 1-57
2026-03-10 00:50:40,303 INFO o.a.j.t.JMeterThread: Stop Thread seen for thread Thread Group 1-57, reason: org.apache.jorphan.util.JMeterStopThreadException: End of file:/Users/gimhuiheon/Documents/study/java-multi-threading/resources/throughput/search_words.csv detected for CSV DataSet:CSV Data Set Config configured with stopThread:true, recycle:false
2026-03-10 00:50:40,303 INFO o.a.j.t.JMeterThread: Thread finished: Thread Group 1-57
2026-03-10 00:50:40,316 INFO o.a.j.t.JMeterThread: Thread started: Thread Group 1-58
2026-03-10 00:50:40,317 INFO o.a.j.t.JMeterThread: Stop Thread seen for thread Thread Group 1-58, reason: org.apache.jorphan.util.JMeterStopThreadException: End of file:/Users/gimhuiheon/Documents/study/java-multi-threading/resources/throughput/search_words.csv detected for CSV DataSet:CSV Data Set Config configured with stopThread:true, recycle:false
2026-03-10 00:50:40,317 INFO o.a.j.t.JMeterThread: Thread finished: Thread Group 1-58
2026-03-10 00:50:40,326 INFO o.a.j.t.JMeterThread: Thread started: Thread Group 1-59
2026-03-10 00:50:40,327 INFO o.a.j.t.JMeterThread: Stop Thread seen for thread Thread Group 1-59, reason: org.apache.jorphan.util.JMeterStopThreadException: End of file:/Users/gimhuiheon/Documents/study/java-multi-threading/resources/throughput/search_words.csv detected for CSV DataSet:CSV Data Set Config configured with stopThread:true, recycle:false
2026-03-10 00:50:40,327 INFO o.a.j.t.JMeterThread: Thread finished: Thread Group 1-59
2026-03-10 00:50:40,337 INFO o.a.j.t.JMeterThread: Thread started: Thread Group 1-60
2026-03-10 00:50:40,337 INFO o.a.j.t.JMeterThread: Stop Thread seen for thread Thread Group 1-60, reason: org.apache.jorphan.util.JMeterStopThreadException: End of file:/Users/gimhuiheon/Documents/study/java-multi-threading/resources/throughput/search_words.csv detected for CSV DataSet:CSV Data Set Config configured with stopThread:true, recycle:false
2026-03-10 00:50:40,337 INFO o.a.j.t.JMeterThread: Thread finished: Thread Group 1-60
2026-03-10 00:50:40,347 INFO o.a.j.t.JMeterThread: Thread started: Thread Group 1-61
2026-03-10 00:50:40,348 INFO o.a.j.t.JMeterThread: Stop Thread seen for thread Thread Group 1-61, reason: org.apache.jorphan.util.JMeterStopThreadException: End of file:/Users/gimhuiheon/Documents/study/java-multi-threading/resources/throughput/search_words.csv detected for CSV DataSet:CSV Data Set Config configured with stopThread:true, recycle:false
2026-03-10 00:50:40,348 INFO o.a.j.t.JMeterThread: Thread finished: Thread Group 1-61
2026-03-10 00:50:40,352 INFO o.a.j.t.JMeterThread: Thread started: Thread Group 1-62
2026-03-10 00:50:40,352 INFO o.a.j.t.JMeterThread: Stop Thread seen for thread Thread Group 1-62, reason: org.apache.jorphan.util.JMeterStopThreadException: End of file:/Users/gimhuiheon/Documents/study/java-multi-threading/resources/throughput/search_words.csv detected for CSV DataSet:CSV Data Set Config configured with stopThread:true, recycle:false
2026-03-10 00:50:40,352 INFO o.a.j.t.JMeterThread: Thread finished: Thread Group 1-62
2026-03-10 00:50:40,365 INFO o.a.j.t.JMeterThread: Thread started: Thread Group 1-63
2026-03-10 00:50:40,366 INFO o.a.j.t.JMeterThread: Stop Thread seen for thread Thread Group 1-63, reason: org.apache.jorphan.util.JMeterStopThreadException: End of file:/Users/gimhuiheon/Documents/study/java-multi-threading/resources/throughput/search_words.csv detected for CSV DataSet:CSV Data Set Config configured with stopThread:true, recycle:false
2026-03-10 00:50:40,366 INFO o.a.j.t.JMeterThread: Thread finished: Thread Group 1-63
2026-03-10 00:50:40,377 INFO o.a.j.t.JMeterThread: Thread started: Thread Group 1-64
2026-03-10 00:50:40,377 INFO o.a.j.t.JMeterThread: Stop Thread seen for thread Thread Group 1-64, reason: org.apache.jorphan.util.JMeterStopThreadException: End of file:/Users/gimhuiheon/Documents/study/java-multi-threading/resources/throughput/search_words.csv detected for CSV DataSet:CSV Data Set Config configured with stopThread:true, recycle:false
2026-03-10 00:50:40,377 INFO o.a.j.t.JMeterThread: Thread finished: Thread Group 1-64
2026-03-10 00:50:40,385 INFO o.a.j.t.JMeterThread: Thread started: Thread Group 1-65
2026-03-10 00:50:40,385 INFO o.a.j.t.JMeterThread: Stop Thread seen for thread Thread Group 1-65, reason: org.apache.jorphan.util.JMeterStopThreadException: End of file:/Users/gimhuiheon/Documents/study/java-multi-threading/resources/throughput/search_words.csv detected for CSV DataSet:CSV Data Set Config configured with stopThread:true, recycle:false
2026-03-10 00:50:40,385 INFO o.a.j.t.JMeterThread: Thread finished: Thread Group 1-65
2026-03-10 00:50:40,397 INFO o.a.j.t.JMeterThread: Thread started: Thread Group 1-66
2026-03-10 00:50:40,398 INFO o.a.j.t.JMeterThread: Stop Thread seen for thread Thread Group 1-66, reason: org.apache.jorphan.util.JMeterStopThreadException: End of file:/Users/gimhuiheon/Documents/study/java-multi-threading/resources/throughput/search_words.csv detected for CSV DataSet:CSV Data Set Config configured with stopThread:true, recycle:false
2026-03-10 00:50:40,398 INFO o.a.j.t.JMeterThread: Thread finished: Thread Group 1-66
2026-03-10 00:50:40,406 INFO o.a.j.t.JMeterThread: Thread started: Thread Group 1-67
2026-03-10 00:50:40,407 INFO o.a.j.t.JMeterThread: Stop Thread seen for thread Thread Group 1-67, reason: org.apache.jorphan.util.JMeterStopThreadException: End of file:/Users/gimhuiheon/Documents/study/java-multi-threading/resources/throughput/search_words.csv detected for CSV DataSet:CSV Data Set Config configured with stopThread:true, recycle:false
2026-03-10 00:50:40,407 INFO o.a.j.t.JMeterThread: Thread finished: Thread Group 1-67
2026-03-10 00:50:40,416 INFO o.a.j.t.JMeterThread: Thread started: Thread Group 1-68
2026-03-10 00:50:40,417 INFO o.a.j.t.JMeterThread: Stop Thread seen for thread Thread Group 1-68, reason: org.apache.jorphan.util.JMeterStopThreadException: End of file:/Users/gimhuiheon/Documents/study/java-multi-threading/resources/throughput/search_words.csv detected for CSV DataSet:CSV Data Set Config configured with stopThread:true, recycle:false
2026-03-10 00:50:40,417 INFO o.a.j.t.JMeterThread: Thread finished: Thread Group 1-68
2026-03-10 00:50:40,426 INFO o.a.j.t.JMeterThread: Thread started: Thread Group 1-69
2026-03-10 00:50:40,427 INFO o.a.j.t.JMeterThread: Stop Thread seen for thread Thread Group 1-69, reason: org.apache.jorphan.util.JMeterStopThreadException: End of file:/Users/gimhuiheon/Documents/study/java-multi-threading/resources/throughput/search_words.csv detected for CSV DataSet:CSV Data Set Config configured with stopThread:true, recycle:false
2026-03-10 00:50:40,427 INFO o.a.j.t.JMeterThread: Thread finished: Thread Group 1-69
2026-03-10 00:50:40,436 INFO o.a.j.t.JMeterThread: Thread started: Thread Group 1-70
2026-03-10 00:50:40,437 INFO o.a.j.t.JMeterThread: Stop Thread seen for thread Thread Group 1-70, reason: org.apache.jorphan.util.JMeterStopThreadException: End of file:/Users/gimhuiheon/Documents/study/java-multi-threading/resources/throughput/search_words.csv detected for CSV DataSet:CSV Data Set Config configured with stopThread:true, recycle:false
2026-03-10 00:50:40,437 INFO o.a.j.t.JMeterThread: Thread finished: Thread Group 1-70
2026-03-10 00:50:40,446 INFO o.a.j.t.JMeterThread: Thread started: Thread Group 1-71
2026-03-10 00:50:40,447 INFO o.a.j.t.JMeterThread: Stop Thread seen for thread Thread Group 1-71, reason: org.apache.jorphan.util.JMeterStopThreadException: End of file:/Users/gimhuiheon/Documents/study/java-multi-threading/resources/throughput/search_words.csv detected for CSV DataSet:CSV Data Set Config configured with stopThread:true, recycle:false
2026-03-10 00:50:40,447 INFO o.a.j.t.JMeterThread: Thread finished: Thread Group 1-71
2026-03-10 00:50:40,457 INFO o.a.j.t.JMeterThread: Thread started: Thread Group 1-72
2026-03-10 00:50:40,457 INFO o.a.j.t.JMeterThread: Stop Thread seen for thread Thread Group 1-72, reason: org.apache.jorphan.util.JMeterStopThreadException: End of file:/Users/gimhuiheon/Documents/study/java-multi-threading/resources/throughput/search_words.csv detected for CSV DataSet:CSV Data Set Config configured with stopThread:true, recycle:false
2026-03-10 00:50:40,457 INFO o.a.j.t.JMeterThread: Thread finished: Thread Group 1-72
2026-03-10 00:50:40,467 INFO o.a.j.t.JMeterThread: Thread started: Thread Group 1-73
2026-03-10 00:50:40,468 INFO o.a.j.t.JMeterThread: Stop Thread seen for thread Thread Group 1-73, reason: org.apache.jorphan.util.JMeterStopThreadException: End of file:/Users/gimhuiheon/Documents/study/java-multi-threading/resources/throughput/search_words.csv detected for CSV DataSet:CSV Data Set Config configured with stopThread:true, recycle:false
2026-03-10 00:50:40,468 INFO o.a.j.t.JMeterThread: Thread finished: Thread Group 1-73
2026-03-10 00:50:40,476 INFO o.a.j.t.JMeterThread: Thread started: Thread Group 1-74
2026-03-10 00:50:40,477 INFO o.a.j.t.JMeterThread: Stop Thread seen for thread Thread Group 1-74, reason: org.apache.jorphan.util.JMeterStopThreadException: End of file:/Users/gimhuiheon/Documents/study/java-multi-threading/resources/throughput/search_words.csv detected for CSV DataSet:CSV Data Set Config configured with stopThread:true, recycle:false
2026-03-10 00:50:40,477 INFO o.a.j.t.JMeterThread: Thread finished: Thread Group 1-74
2026-03-10 00:50:40,482 INFO o.a.j.t.JMeterThread: Thread started: Thread Group 1-75
2026-03-10 00:50:40,483 INFO o.a.j.t.JMeterThread: Stop Thread seen for thread Thread Group 1-75, reason: org.apache.jorphan.util.JMeterStopThreadException: End of file:/Users/gimhuiheon/Documents/study/java-multi-threading/resources/throughput/search_words.csv detected for CSV DataSet:CSV Data Set Config configured with stopThread:true, recycle:false
2026-03-10 00:50:40,483 INFO o.a.j.t.JMeterThread: Thread finished: Thread Group 1-75
2026-03-10 00:50:40,495 INFO o.a.j.t.JMeterThread: Thread started: Thread Group 1-76
2026-03-10 00:50:40,495 INFO o.a.j.t.JMeterThread: Stop Thread seen for thread Thread Group 1-76, reason: org.apache.jorphan.util.JMeterStopThreadException: End of file:/Users/gimhuiheon/Documents/study/java-multi-threading/resources/throughput/search_words.csv detected for CSV DataSet:CSV Data Set Config configured with stopThread:true, recycle:false
2026-03-10 00:50:40,495 INFO o.a.j.t.JMeterThread: Thread finished: Thread Group 1-76
2026-03-10 00:50:40,507 INFO o.a.j.t.JMeterThread: Thread started: Thread Group 1-77
2026-03-10 00:50:40,508 INFO o.a.j.t.JMeterThread: Stop Thread seen for thread Thread Group 1-77, reason: org.apache.jorphan.util.JMeterStopThreadException: End of file:/Users/gimhuiheon/Documents/study/java-multi-threading/resources/throughput/search_words.csv detected for CSV DataSet:CSV Data Set Config configured with stopThread:true, recycle:false
2026-03-10 00:50:40,508 INFO o.a.j.t.JMeterThread: Thread finished: Thread Group 1-77
2026-03-10 00:50:40,516 INFO o.a.j.t.JMeterThread: Thread started: Thread Group 1-78
2026-03-10 00:50:40,516 INFO o.a.j.t.JMeterThread: Stop Thread seen for thread Thread Group 1-78, reason: org.apache.jorphan.util.JMeterStopThreadException: End of file:/Users/gimhuiheon/Documents/study/java-multi-threading/resources/throughput/search_words.csv detected for CSV DataSet:CSV Data Set Config configured with stopThread:true, recycle:false
2026-03-10 00:50:40,517 INFO o.a.j.t.JMeterThread: Thread finished: Thread Group 1-78
2026-03-10 00:50:40,526 INFO o.a.j.t.JMeterThread: Thread started: Thread Group 1-79
2026-03-10 00:50:40,527 INFO o.a.j.t.JMeterThread: Stop Thread seen for thread Thread Group 1-79, reason: org.apache.jorphan.util.JMeterStopThreadException: End of file:/Users/gimhuiheon/Documents/study/java-multi-threading/resources/throughput/search_words.csv detected for CSV DataSet:CSV Data Set Config configured with stopThread:true, recycle:false
2026-03-10 00:50:40,527 INFO o.a.j.t.JMeterThread: Thread finished: Thread Group 1-79
2026-03-10 00:50:40,537 INFO o.a.j.t.JMeterThread: Thread started: Thread Group 1-80
2026-03-10 00:50:40,537 INFO o.a.j.t.JMeterThread: Stop Thread seen for thread Thread Group 1-80, reason: org.apache.jorphan.util.JMeterStopThreadException: End of file:/Users/gimhuiheon/Documents/study/java-multi-threading/resources/throughput/search_words.csv detected for CSV DataSet:CSV Data Set Config configured with stopThread:true, recycle:false
2026-03-10 00:50:40,537 INFO o.a.j.t.JMeterThread: Thread finished: Thread Group 1-80
2026-03-10 00:50:40,547 INFO o.a.j.t.JMeterThread: Thread started: Thread Group 1-81
2026-03-10 00:50:40,547 INFO o.a.j.t.JMeterThread: Stop Thread seen for thread Thread Group 1-81, reason: org.apache.jorphan.util.JMeterStopThreadException: End of file:/Users/gimhuiheon/Documents/study/java-multi-threading/resources/throughput/search_words.csv detected for CSV DataSet:CSV Data Set Config configured with stopThread:true, recycle:false
2026-03-10 00:50:40,547 INFO o.a.j.t.JMeterThread: Thread finished: Thread Group 1-81
2026-03-10 00:50:40,556 INFO o.a.j.t.JMeterThread: Thread started: Thread Group 1-82
2026-03-10 00:50:40,557 INFO o.a.j.t.JMeterThread: Stop Thread seen for thread Thread Group 1-82, reason: org.apache.jorphan.util.JMeterStopThreadException: End of file:/Users/gimhuiheon/Documents/study/java-multi-threading/resources/throughput/search_words.csv detected for CSV DataSet:CSV Data Set Config configured with stopThread:true, recycle:false
2026-03-10 00:50:40,557 INFO o.a.j.t.JMeterThread: Thread finished: Thread Group 1-82
2026-03-10 00:50:40,566 INFO o.a.j.t.JMeterThread: Thread started: Thread Group 1-83
2026-03-10 00:50:40,567 INFO o.a.j.t.JMeterThread: Stop Thread seen for thread Thread Group 1-83, reason: org.apache.jorphan.util.JMeterStopThreadException: End of file:/Users/gimhuiheon/Documents/study/java-multi-threading/resources/throughput/search_words.csv detected for CSV DataSet:CSV Data Set Config configured with stopThread:true, recycle:false
2026-03-10 00:50:40,567 INFO o.a.j.t.JMeterThread: Thread finished: Thread Group 1-83
2026-03-10 00:50:40,576 INFO o.a.j.t.JMeterThread: Thread started: Thread Group 1-84
2026-03-10 00:50:40,577 INFO o.a.j.t.JMeterThread: Stop Thread seen for thread Thread Group 1-84, reason: org.apache.jorphan.util.JMeterStopThreadException: End of file:/Users/gimhuiheon/Documents/study/java-multi-threading/resources/throughput/search_words.csv detected for CSV DataSet:CSV Data Set Config configured with stopThread:true, recycle:false
2026-03-10 00:50:40,577 INFO o.a.j.t.JMeterThread: Thread finished: Thread Group 1-84
2026-03-10 00:50:40,586 INFO o.a.j.t.JMeterThread: Thread started: Thread Group 1-85
2026-03-10 00:50:40,586 INFO o.a.j.t.JMeterThread: Stop Thread seen for thread Thread Group 1-85, reason: org.apache.jorphan.util.JMeterStopThreadException: End of file:/Users/gimhuiheon/Documents/study/java-multi-threading/resources/throughput/search_words.csv detected for CSV DataSet:CSV Data Set Config configured with stopThread:true, recycle:false
2026-03-10 00:50:40,586 INFO o.a.j.t.JMeterThread: Thread finished: Thread Group 1-85
2026-03-10 00:50:40,596 INFO o.a.j.t.JMeterThread: Thread started: Thread Group 1-86
2026-03-10 00:50:40,597 INFO o.a.j.t.JMeterThread: Stop Thread seen for thread Thread Group 1-86, reason: org.apache.jorphan.util.JMeterStopThreadException: End of file:/Users/gimhuiheon/Documents/study/java-multi-threading/resources/throughput/search_words.csv detected for CSV DataSet:CSV Data Set Config configured with stopThread:true, recycle:false
2026-03-10 00:50:40,597 INFO o.a.j.t.JMeterThread: Thread finished: Thread Group 1-86
2026-03-10 00:50:40,606 INFO o.a.j.t.JMeterThread: Thread started: Thread Group 1-87
2026-03-10 00:50:40,607 INFO o.a.j.t.JMeterThread: Stop Thread seen for thread Thread Group 1-87, reason: org.apache.jorphan.util.JMeterStopThreadException: End of file:/Users/gimhuiheon/Documents/study/java-multi-threading/resources/throughput/search_words.csv detected for CSV DataSet:CSV Data Set Config configured with stopThread:true, recycle:false
2026-03-10 00:50:40,607 INFO o.a.j.t.JMeterThread: Thread finished: Thread Group 1-87
2026-03-10 00:50:40,613 INFO o.a.j.t.JMeterThread: Thread started: Thread Group 1-88
2026-03-10 00:50:40,613 INFO o.a.j.t.JMeterThread: Stop Thread seen for thread Thread Group 1-88, reason: org.apache.jorphan.util.JMeterStopThreadException: End of file:/Users/gimhuiheon/Documents/study/java-multi-threading/resources/throughput/search_words.csv detected for CSV DataSet:CSV Data Set Config configured with stopThread:true, recycle:false
2026-03-10 00:50:40,613 INFO o.a.j.t.JMeterThread: Thread finished: Thread Group 1-88
2026-03-10 00:50:40,627 INFO o.a.j.t.JMeterThread: Thread started: Thread Group 1-89
2026-03-10 00:50:40,628 INFO o.a.j.t.JMeterThread: Stop Thread seen for thread Thread Group 1-89, reason: org.apache.jorphan.util.JMeterStopThreadException: End of file:/Users/gimhuiheon/Documents/study/java-multi-threading/resources/throughput/search_words.csv detected for CSV DataSet:CSV Data Set Config configured with stopThread:true, recycle:false
2026-03-10 00:50:40,628 INFO o.a.j.t.JMeterThread: Thread finished: Thread Group 1-89
2026-03-10 00:50:40,636 INFO o.a.j.t.JMeterThread: Thread started: Thread Group 1-90
2026-03-10 00:50:40,637 INFO o.a.j.t.JMeterThread: Stop Thread seen for thread Thread Group 1-90, reason: org.apache.jorphan.util.JMeterStopThreadException: End of file:/Users/gimhuiheon/Documents/study/java-multi-threading/resources/throughput/search_words.csv detected for CSV DataSet:CSV Data Set Config configured with stopThread:true, recycle:false
2026-03-10 00:50:40,637 INFO o.a.j.t.JMeterThread: Thread finished: Thread Group 1-90
2026-03-10 00:50:40,647 INFO o.a.j.t.JMeterThread: Thread started: Thread Group 1-91
2026-03-10 00:50:40,647 INFO o.a.j.t.JMeterThread: Stop Thread seen for thread Thread Group 1-91, reason: org.apache.jorphan.util.JMeterStopThreadException: End of file:/Users/gimhuiheon/Documents/study/java-multi-threading/resources/throughput/search_words.csv detected for CSV DataSet:CSV Data Set Config configured with stopThread:true, recycle:false
2026-03-10 00:50:40,647 INFO o.a.j.t.JMeterThread: Thread finished: Thread Group 1-91
2026-03-10 00:50:40,657 INFO o.a.j.t.JMeterThread: Thread started: Thread Group 1-92
2026-03-10 00:50:40,658 INFO o.a.j.t.JMeterThread: Stop Thread seen for thread Thread Group 1-92, reason: org.apache.jorphan.util.JMeterStopThreadException: End of file:/Users/gimhuiheon/Documents/study/java-multi-threading/resources/throughput/search_words.csv detected for CSV DataSet:CSV Data Set Config configured with stopThread:true, recycle:false
2026-03-10 00:50:40,658 INFO o.a.j.t.JMeterThread: Thread finished: Thread Group 1-92
2026-03-10 00:50:40,663 INFO o.a.j.t.JMeterThread: Thread started: Thread Group 1-93
2026-03-10 00:50:40,663 INFO o.a.j.t.JMeterThread: Stop Thread seen for thread Thread Group 1-93, reason: org.apache.jorphan.util.JMeterStopThreadException: End of file:/Users/gimhuiheon/Documents/study/java-multi-threading/resources/throughput/search_words.csv detected for CSV DataSet:CSV Data Set Config configured with stopThread:true, recycle:false
2026-03-10 00:50:40,663 INFO o.a.j.t.JMeterThread: Thread finished: Thread Group 1-93
2026-03-10 00:50:40,675 INFO o.a.j.t.JMeterThread: Thread started: Thread Group 1-94
2026-03-10 00:50:40,675 INFO o.a.j.t.JMeterThread: Stop Thread seen for thread Thread Group 1-94, reason: org.apache.jorphan.util.JMeterStopThreadException: End of file:/Users/gimhuiheon/Documents/study/java-multi-threading/resources/throughput/search_words.csv detected for CSV DataSet:CSV Data Set Config configured with stopThread:true, recycle:false
2026-03-10 00:50:40,675 INFO o.a.j.t.JMeterThread: Thread finished: Thread Group 1-94
2026-03-10 00:50:40,686 INFO o.a.j.t.JMeterThread: Thread started: Thread Group 1-95
2026-03-10 00:50:40,687 INFO o.a.j.t.JMeterThread: Stop Thread seen for thread Thread Group 1-95, reason: org.apache.jorphan.util.JMeterStopThreadException: End of file:/Users/gimhuiheon/Documents/study/java-multi-threading/resources/throughput/search_words.csv detected for CSV DataSet:CSV Data Set Config configured with stopThread:true, recycle:false
2026-03-10 00:50:40,687 INFO o.a.j.t.JMeterThread: Thread finished: Thread Group 1-95
2026-03-10 00:50:40,697 INFO o.a.j.t.JMeterThread: Thread started: Thread Group 1-96
2026-03-10 00:50:40,698 INFO o.a.j.t.JMeterThread: Stop Thread seen for thread Thread Group 1-96, reason: org.apache.jorphan.util.JMeterStopThreadException: End of file:/Users/gimhuiheon/Documents/study/java-multi-threading/resources/throughput/search_words.csv detected for CSV DataSet:CSV Data Set Config configured with stopThread:true, recycle:false
2026-03-10 00:50:40,698 INFO o.a.j.t.JMeterThread: Thread finished: Thread Group 1-96
2026-03-10 00:50:40,706 INFO o.a.j.t.JMeterThread: Thread started: Thread Group 1-97
2026-03-10 00:50:40,707 INFO o.a.j.t.JMeterThread: Stop Thread seen for thread Thread Group 1-97, reason: org.apache.jorphan.util.JMeterStopThreadException: End of file:/Users/gimhuiheon/Documents/study/java-multi-threading/resources/throughput/search_words.csv detected for CSV DataSet:CSV Data Set Config configured with stopThread:true, recycle:false
2026-03-10 00:50:40,707 INFO o.a.j.t.JMeterThread: Thread finished: Thread Group 1-97
2026-03-10 00:50:40,717 INFO o.a.j.t.JMeterThread: Thread started: Thread Group 1-98
2026-03-10 00:50:40,717 INFO o.a.j.t.JMeterThread: Stop Thread seen for thread Thread Group 1-98, reason: org.apache.jorphan.util.JMeterStopThreadException: End of file:/Users/gimhuiheon/Documents/study/java-multi-threading/resources/throughput/search_words.csv detected for CSV DataSet:CSV Data Set Config configured with stopThread:true, recycle:false
2026-03-10 00:50:40,717 INFO o.a.j.t.JMeterThread: Thread finished: Thread Group 1-98
2026-03-10 00:50:40,726 INFO o.a.j.t.JMeterThread: Thread started: Thread Group 1-99
2026-03-10 00:50:40,727 INFO o.a.j.t.JMeterThread: Stop Thread seen for thread Thread Group 1-99, reason: org.apache.jorphan.util.JMeterStopThreadException: End of file:/Users/gimhuiheon/Documents/study/java-multi-threading/resources/throughput/search_words.csv detected for CSV DataSet:CSV Data Set Config configured with stopThread:true, recycle:false
2026-03-10 00:50:40,727 INFO o.a.j.t.JMeterThread: Thread finished: Thread Group 1-99
2026-03-10 00:50:40,736 INFO o.a.j.t.JMeterThread: Thread started: Thread Group 1-100
2026-03-10 00:50:40,737 INFO o.a.j.t.JMeterThread: Stop Thread seen for thread Thread Group 1-100, reason: org.apache.jorphan.util.JMeterStopThreadException: End of file:/Users/gimhuiheon/Documents/study/java-multi-threading/resources/throughput/search_words.csv detected for CSV DataSet:CSV Data Set Config configured with stopThread:true, recycle:false
2026-03-10 00:50:40,737 INFO o.a.j.t.JMeterThread: Thread finished: Thread Group 1-100
2026-03-10 00:50:40,737 INFO o.a.j.e.StandardJMeterEngine: Notifying test listeners of end of test
2026-03-10 00:50:40,737 INFO o.a.j.s.FileServer: Close: /Users/gimhuiheon/Documents/study/java-multi-threading/resources/throughput/search_words.csv
2026-03-10 00:50:40,739 INFO o.a.j.g.u.JMeterMenuBar: setRunning(false, *local*)
2026-03-10 00:52:38,003 INFO o.a.j.e.StandardJMeterEngine: Running the test!
2026-03-10 00:52:38,004 INFO o.a.j.s.SampleEvent: List of sample_variables: []
2026-03-10 00:52:38,005 INFO o.a.j.g.u.JMeterMenuBar: setRunning(true, *local*)
2026-03-10 00:52:38,089 INFO o.a.j.e.StandardJMeterEngine: Starting ThreadGroup: 1 : Thread Group
2026-03-10 00:52:38,089 INFO o.a.j.e.StandardJMeterEngine: Starting 100 threads for group Thread Group.
2026-03-10 00:52:38,089 INFO o.a.j.e.StandardJMeterEngine: Thread will continue on error
2026-03-10 00:52:38,089 INFO o.a.j.t.ThreadGroup: Starting thread group... number=1 threads=100 ramp-up=1 delayedStart=false
2026-03-10 00:52:38,090 INFO o.a.j.t.JMeterThread: Thread started: Thread Group 1-1
2026-03-10 00:52:38,091 INFO o.a.j.s.FileServer: Stored: /Users/gimhuiheon/Documents/study/java-multi-threading/resources/throughput/search_words.csv
2026-03-10 00:52:38,102 INFO o.a.j.t.JMeterThread: Thread started: Thread Group 1-2
2026-03-10 00:52:38,111 INFO o.a.j.t.ThreadGroup: Started thread group number 1
2026-03-10 00:52:38,112 INFO o.a.j.e.StandardJMeterEngine: All thread groups have been started
2026-03-10 00:52:38,114 INFO o.a.j.t.JMeterThread: Thread started: Thread Group 1-3
2026-03-10 00:52:38,121 INFO o.a.j.t.JMeterThread: Thread started: Thread Group 1-4
2026-03-10 00:52:38,135 INFO o.a.j.t.JMeterThread: Thread started: Thread Group 1-5
2026-03-10 00:52:38,140 INFO o.a.j.t.JMeterThread: Thread started: Thread Group 1-6
2026-03-10 00:52:38,154 INFO o.a.j.t.JMeterThread: Thread started: Thread Group 1-7
2026-03-10 00:52:38,163 INFO o.a.j.t.JMeterThread: Thread started: Thread Group 1-8
2026-03-10 00:52:38,176 INFO o.a.j.t.JMeterThread: Thread started: Thread Group 1-9
2026-03-10 00:52:38,185 INFO o.a.j.t.JMeterThread: Thread started: Thread Group 1-10
2026-03-10 00:52:38,194 INFO o.a.j.t.JMeterThread: Thread started: Thread Group 1-11
2026-03-10 00:52:38,204 INFO o.a.j.t.JMeterThread: Thread started: Thread Group 1-12
2026-03-10 00:52:38,214 INFO o.a.j.t.JMeterThread: Thread started: Thread Group 1-13
2026-03-10 00:52:38,221 INFO o.a.j.t.JMeterThread: Thread started: Thread Group 1-14
2026-03-10 00:52:38,226 INFO o.a.j.t.JMeterThread: Stop Thread seen for thread Thread Group 1-7, reason: org.apache.jorphan.util.JMeterStopThreadException: End of file:/Users/gimhuiheon/Documents/study/java-multi-threading/resources/throughput/search_words.csv detected for CSV DataSet:CSV Data Set Config configured with stopThread:true, recycle:false
2026-03-10 00:52:38,226 INFO o.a.j.t.JMeterThread: Stop Thread seen for thread Thread Group 1-13, reason: org.apache.jorphan.util.JMeterStopThreadException: End of file:/Users/gimhuiheon/Documents/study/java-multi-threading/resources/throughput/search_words.csv detected for CSV DataSet:CSV Data Set Config configured with stopThread:true, recycle:false
2026-03-10 00:52:38,226 INFO o.a.j.t.JMeterThread: Thread finished: Thread Group 1-7
2026-03-10 00:52:38,226 INFO o.a.j.t.JMeterThread: Stop Thread seen for thread Thread Group 1-8, reason: org.apache.jorphan.util.JMeterStopThreadException: End of file:/Users/gimhuiheon/Documents/study/java-multi-threading/resources/throughput/search_words.csv detected for CSV DataSet:CSV Data Set Config configured with stopThread:true, recycle:false
2026-03-10 00:52:38,226 INFO o.a.j.t.JMeterThread: Stop Thread seen for thread Thread Group 1-9, reason: org.apache.jorphan.util.JMeterStopThreadException: End of file:/Users/gimhuiheon/Documents/study/java-multi-threading/resources/throughput/search_words.csv detected for CSV DataSet:CSV Data Set Config configured with stopThread:true, recycle:false
2026-03-10 00:52:38,226 INFO o.a.j.t.JMeterThread: Stop Thread seen for thread Thread Group 1-12, reason: org.apache.jorphan.util.JMeterStopThreadException: End of file:/Users/gimhuiheon/Documents/study/java-multi-threading/resources/throughput/search_words.csv detected for CSV DataSet:CSV Data Set Config configured with stopThread:true, recycle:false
2026-03-10 00:52:38,226 INFO o.a.j.t.JMeterThread: Thread finished: Thread Group 1-8
2026-03-10 00:52:38,226 INFO o.a.j.t.JMeterThread: Stop Thread seen for thread Thread Group 1-4, reason: org.apache.jorphan.util.JMeterStopThreadException: End of file:/Users/gimhuiheon/Documents/study/java-multi-threading/resources/throughput/search_words.csv detected for CSV DataSet:CSV Data Set Config configured with stopThread:true, recycle:false
2026-03-10 00:52:38,226 INFO o.a.j.t.JMeterThread: Stop Thread seen for thread Thread Group 1-2, reason: org.apache.jorphan.util.JMeterStopThreadException: End of file:/Users/gimhuiheon/Documents/study/java-multi-threading/resources/throughput/search_words.csv detected for CSV DataSet:CSV Data Set Config configured with stopThread:true, recycle:false
2026-03-10 00:52:38,226 INFO o.a.j.t.JMeterThread: Thread finished: Thread Group 1-4
2026-03-10 00:52:38,226 INFO o.a.j.t.JMeterThread: Stop Thread seen for thread Thread Group 1-6, reason: org.apache.jorphan.util.JMeterStopThreadException: End of file:/Users/gimhuiheon/Documents/study/java-multi-threading/resources/throughput/search_words.csv detected for CSV DataSet:CSV Data Set Config configured with stopThread:true, recycle:false
2026-03-10 00:52:38,226 INFO o.a.j.t.JMeterThread: Thread finished: Thread Group 1-6
2026-03-10 00:52:38,226 INFO o.a.j.t.JMeterThread: Stop Thread seen for thread Thread Group 1-3, reason: org.apache.jorphan.util.JMeterStopThreadException: End of file:/Users/gimhuiheon/Documents/study/java-multi-threading/resources/throughput/search_words.csv detected for CSV DataSet:CSV Data Set Config configured with stopThread:true, recycle:false
2026-03-10 00:52:38,226 INFO o.a.j.t.JMeterThread: Thread finished: Thread Group 1-12
2026-03-10 00:52:38,226 INFO o.a.j.t.JMeterThread: Thread finished: Thread Group 1-3
2026-03-10 00:52:38,226 INFO o.a.j.t.JMeterThread: Stop Thread seen for thread Thread Group 1-10, reason: org.apache.jorphan.util.JMeterStopThreadException: End of file:/Users/gimhuiheon/Documents/study/java-multi-threading/resources/throughput/search_words.csv detected for CSV DataSet:CSV Data Set Config configured with stopThread:true, recycle:false
2026-03-10 00:52:38,226 INFO o.a.j.t.JMeterThread: Thread finished: Thread Group 1-13
2026-03-10 00:52:38,226 INFO o.a.j.t.JMeterThread: Stop Thread seen for thread Thread Group 1-1, reason: org.apache.jorphan.util.JMeterStopThreadException: End of file:/Users/gimhuiheon/Documents/study/java-multi-threading/resources/throughput/search_words.csv detected for CSV DataSet:CSV Data Set Config configured with stopThread:true, recycle:false
2026-03-10 00:52:38,226 INFO o.a.j.t.JMeterThread: Stop Thread seen for thread Thread Group 1-11, reason: org.apache.jorphan.util.JMeterStopThreadException: End of file:/Users/gimhuiheon/Documents/study/java-multi-threading/resources/throughput/search_words.csv detected for CSV DataSet:CSV Data Set Config configured with stopThread:true, recycle:false
2026-03-10 00:52:38,226 INFO o.a.j.t.JMeterThread: Thread finished: Thread Group 1-11
2026-03-10 00:52:38,226 INFO o.a.j.t.JMeterThread: Stop Thread seen for thread Thread Group 1-5, reason: org.apache.jorphan.util.JMeterStopThreadException: End of file:/Users/gimhuiheon/Documents/study/java-multi-threading/resources/throughput/search_words.csv detected for CSV DataSet:CSV Data Set Config configured with stopThread:true, recycle:false
2026-03-10 00:52:38,226 INFO o.a.j.t.JMeterThread: Thread finished: Thread Group 1-10
2026-03-10 00:52:38,226 INFO o.a.j.t.JMeterThread: Stop Thread seen for thread Thread Group 1-14, reason: org.apache.jorphan.util.JMeterStopThreadException: End of file:/Users/gimhuiheon/Documents/study/java-multi-threading/resources/throughput/search_words.csv detected for CSV DataSet:CSV Data Set Config configured with stopThread:true, recycle:false
2026-03-10 00:52:38,227 INFO o.a.j.t.JMeterThread: Thread finished: Thread Group 1-14
2026-03-10 00:52:38,226 INFO o.a.j.t.JMeterThread: Thread finished: Thread Group 1-9
2026-03-10 00:52:38,226 INFO o.a.j.t.JMeterThread: Thread finished: Thread Group 1-2
2026-03-10 00:52:38,227 INFO o.a.j.t.JMeterThread: Thread finished: Thread Group 1-5
2026-03-10 00:52:38,227 INFO o.a.j.t.JMeterThread: Thread finished: Thread Group 1-1
2026-03-10 00:52:38,235 INFO o.a.j.t.JMeterThread: Thread started: Thread Group 1-15
2026-03-10 00:52:38,235 INFO o.a.j.t.JMeterThread: Stop Thread seen for thread Thread Group 1-15, reason: org.apache.jorphan.util.JMeterStopThreadException: End of file:/Users/gimhuiheon/Documents/study/java-multi-threading/resources/throughput/search_words.csv detected for CSV DataSet:CSV Data Set Config configured with stopThread:true, recycle:false
2026-03-10 00:52:38,235 INFO o.a.j.t.JMeterThread: Thread finished: Thread Group 1-15
2026-03-10 00:52:38,245 INFO o.a.j.t.JMeterThread: Thread started: Thread Group 1-16
2026-03-10 00:52:38,247 INFO o.a.j.t.JMeterThread: Stop Thread seen for thread Thread Group 1-16, reason: org.apache.jorphan.util.JMeterStopThreadException: End of file:/Users/gimhuiheon/Documents/study/java-multi-threading/resources/throughput/search_words.csv detected for CSV DataSet:CSV Data Set Config configured with stopThread:true, recycle:false
2026-03-10 00:52:38,247 INFO o.a.j.t.JMeterThread: Thread finished: Thread Group 1-16
2026-03-10 00:52:38,252 INFO o.a.j.t.JMeterThread: Thread started: Thread Group 1-17
2026-03-10 00:52:38,252 INFO o.a.j.t.JMeterThread: Stop Thread seen for thread Thread Group 1-17, reason: org.apache.jorphan.util.JMeterStopThreadException: End of file:/Users/gimhuiheon/Documents/study/java-multi-threading/resources/throughput/search_words.csv detected for CSV DataSet:CSV Data Set Config configured with stopThread:true, recycle:false
2026-03-10 00:52:38,252 INFO o.a.j.t.JMeterThread: Thread finished: Thread Group 1-17
2026-03-10 00:52:38,262 INFO o.a.j.t.JMeterThread: Thread started: Thread Group 1-18
2026-03-10 00:52:38,262 INFO o.a.j.t.JMeterThread: Stop Thread seen for thread Thread Group 1-18, reason: org.apache.jorphan.util.JMeterStopThreadException: End of file:/Users/gimhuiheon/Documents/study/java-multi-threading/resources/throughput/search_words.csv detected for CSV DataSet:CSV Data Set Config configured with stopThread:true, recycle:false
2026-03-10 00:52:38,262 INFO o.a.j.t.JMeterThread: Thread finished: Thread Group 1-18
2026-03-10 00:52:38,270 INFO o.a.j.t.JMeterThread: Thread started: Thread Group 1-19
2026-03-10 00:52:38,271 INFO o.a.j.t.JMeterThread: Stop Thread seen for thread Thread Group 1-19, reason: org.apache.jorphan.util.JMeterStopThreadException: End of file:/Users/gimhuiheon/Documents/study/java-multi-threading/resources/throughput/search_words.csv detected for CSV DataSet:CSV Data Set Config configured with stopThread:true, recycle:false
2026-03-10 00:52:38,271 INFO o.a.j.t.JMeterThread: Thread finished: Thread Group 1-19
2026-03-10 00:52:38,281 INFO o.a.j.t.JMeterThread: Thread started: Thread Group 1-20
2026-03-10 00:52:38,282 INFO o.a.j.t.JMeterThread: Stop Thread seen for thread Thread Group 1-20, reason: org.apache.jorphan.util.JMeterStopThreadException: End of file:/Users/gimhuiheon/Documents/study/java-multi-threading/resources/throughput/search_words.csv detected for CSV DataSet:CSV Data Set Config configured with stopThread:true, recycle:false
2026-03-10 00:52:38,282 INFO o.a.j.t.JMeterThread: Thread finished: Thread Group 1-20
2026-03-10 00:52:38,294 INFO o.a.j.t.JMeterThread: Thread started: Thread Group 1-21
2026-03-10 00:52:38,294 INFO o.a.j.t.JMeterThread: Stop Thread seen for thread Thread Group 1-21, reason: org.apache.jorphan.util.JMeterStopThreadException: End of file:/Users/gimhuiheon/Documents/study/java-multi-threading/resources/throughput/search_words.csv detected for CSV DataSet:CSV Data Set Config configured with stopThread:true, recycle:false
2026-03-10 00:52:38,294 INFO o.a.j.t.JMeterThread: Thread finished: Thread Group 1-21
2026-03-10 00:52:38,303 INFO o.a.j.t.JMeterThread: Thread started: Thread Group 1-22
2026-03-10 00:52:38,303 INFO o.a.j.t.JMeterThread: Stop Thread seen for thread Thread Group 1-22, reason: org.apache.jorphan.util.JMeterStopThreadException: End of file:/Users/gimhuiheon/Documents/study/java-multi-threading/resources/throughput/search_words.csv detected for CSV DataSet:CSV Data Set Config configured with stopThread:true, recycle:false
2026-03-10 00:52:38,303 INFO o.a.j.t.JMeterThread: Thread finished: Thread Group 1-22
2026-03-10 00:52:38,312 INFO o.a.j.t.JMeterThread: Thread started: Thread Group 1-23
2026-03-10 00:52:38,312 INFO o.a.j.t.JMeterThread: Stop Thread seen for thread Thread Group 1-23, reason: org.apache.jorphan.util.JMeterStopThreadException: End of file:/Users/gimhuiheon/Documents/study/java-multi-threading/resources/throughput/search_words.csv detected for CSV DataSet:CSV Data Set Config configured with stopThread:true, recycle:false
2026-03-10 00:52:38,312 INFO o.a.j.t.JMeterThread: Thread finished: Thread Group 1-23
2026-03-10 00:52:38,325 INFO o.a.j.t.JMeterThread: Thread started: Thread Group 1-24
2026-03-10 00:52:38,325 INFO o.a.j.t.JMeterThread: Stop Thread seen for thread Thread Group 1-24, reason: org.apache.jorphan.util.JMeterStopThreadException: End of file:/Users/gimhuiheon/Documents/study/java-multi-threading/resources/throughput/search_words.csv detected for CSV DataSet:CSV Data Set Config configured with stopThread:true, recycle:false
2026-03-10 00:52:38,325 INFO o.a.j.t.JMeterThread: Thread finished: Thread Group 1-24
2026-03-10 00:52:38,334 INFO o.a.j.t.JMeterThread: Thread started: Thread Group 1-25
2026-03-10 00:52:38,335 INFO o.a.j.t.JMeterThread: Stop Thread seen for thread Thread Group 1-25, reason: org.apache.jorphan.util.JMeterStopThreadException: End of file:/Users/gimhuiheon/Documents/study/java-multi-threading/resources/throughput/search_words.csv detected for CSV DataSet:CSV Data Set Config configured with stopThread:true, recycle:false
2026-03-10 00:52:38,335 INFO o.a.j.t.JMeterThread: Thread finished: Thread Group 1-25
2026-03-10 00:52:38,344 INFO o.a.j.t.JMeterThread: Thread started: Thread Group 1-26
2026-03-10 00:52:38,345 INFO o.a.j.t.JMeterThread: Stop Thread seen for thread Thread Group 1-26, reason: org.apache.jorphan.util.JMeterStopThreadException: End of file:/Users/gimhuiheon/Documents/study/java-multi-threading/resources/throughput/search_words.csv detected for CSV DataSet:CSV Data Set Config configured with stopThread:true, recycle:false
2026-03-10 00:52:38,345 INFO o.a.j.t.JMeterThread: Thread finished: Thread Group 1-26
2026-03-10 00:52:38,354 INFO o.a.j.t.JMeterThread: Thread started: Thread Group 1-27
2026-03-10 00:52:38,355 INFO o.a.j.t.JMeterThread: Stop Thread seen for thread Thread Group 1-27, reason: org.apache.jorphan.util.JMeterStopThreadException: End of file:/Users/gimhuiheon/Documents/study/java-multi-threading/resources/throughput/search_words.csv detected for CSV DataSet:CSV Data Set Config configured with stopThread:true, recycle:false
2026-03-10 00:52:38,355 INFO o.a.j.t.JMeterThread: Thread finished: Thread Group 1-27
2026-03-10 00:52:38,362 INFO o.a.j.t.JMeterThread: Thread started: Thread Group 1-28
2026-03-10 00:52:38,362 INFO o.a.j.t.JMeterThread: Stop Thread seen for thread Thread Group 1-28, reason: org.apache.jorphan.util.JMeterStopThreadException: End of file:/Users/gimhuiheon/Documents/study/java-multi-threading/resources/throughput/search_words.csv detected for CSV DataSet:CSV Data Set Config configured with stopThread:true, recycle:false
2026-03-10 00:52:38,362 INFO o.a.j.t.JMeterThread: Thread finished: Thread Group 1-28
2026-03-10 00:52:38,375 INFO o.a.j.t.JMeterThread: Thread started: Thread Group 1-29
2026-03-10 00:52:38,376 INFO o.a.j.t.JMeterThread: Stop Thread seen for thread Thread Group 1-29, reason: org.apache.jorphan.util.JMeterStopThreadException: End of file:/Users/gimhuiheon/Documents/study/java-multi-threading/resources/throughput/search_words.csv detected for CSV DataSet:CSV Data Set Config configured with stopThread:true, recycle:false
2026-03-10 00:52:38,376 INFO o.a.j.t.JMeterThread: Thread finished: Thread Group 1-29
2026-03-10 00:52:38,385 INFO o.a.j.t.JMeterThread: Thread started: Thread Group 1-30
2026-03-10 00:52:38,386 INFO o.a.j.t.JMeterThread: Stop Thread seen for thread Thread Group 1-30, reason: org.apache.jorphan.util.JMeterStopThreadException: End of file:/Users/gimhuiheon/Documents/study/java-multi-threading/resources/throughput/search_words.csv detected for CSV DataSet:CSV Data Set Config configured with stopThread:true, recycle:false
2026-03-10 00:52:38,386 INFO o.a.j.t.JMeterThread: Thread finished: Thread Group 1-30
2026-03-10 00:52:38,394 INFO o.a.j.t.JMeterThread: Thread started: Thread Group 1-31
2026-03-10 00:52:38,395 INFO o.a.j.t.JMeterThread: Stop Thread seen for thread Thread Group 1-31, reason: org.apache.jorphan.util.JMeterStopThreadException: End of file:/Users/gimhuiheon/Documents/study/java-multi-threading/resources/throughput/search_words.csv detected for CSV DataSet:CSV Data Set Config configured with stopThread:true, recycle:false
2026-03-10 00:52:38,395 INFO o.a.j.t.JMeterThread: Thread finished: Thread Group 1-31
2026-03-10 00:52:38,404 INFO o.a.j.t.JMeterThread: Thread started: Thread Group 1-32
2026-03-10 00:52:38,405 INFO o.a.j.t.JMeterThread: Stop Thread seen for thread Thread Group 1-32, reason: org.apache.jorphan.util.JMeterStopThreadException: End of file:/Users/gimhuiheon/Documents/study/java-multi-threading/resources/throughput/search_words.csv detected for CSV DataSet:CSV Data Set Config configured with stopThread:true, recycle:false
2026-03-10 00:52:38,405 INFO o.a.j.t.JMeterThread: Thread finished: Thread Group 1-32
2026-03-10 00:52:38,415 INFO o.a.j.t.JMeterThread: Thread started: Thread Group 1-33
2026-03-10 00:52:38,415 INFO o.a.j.t.JMeterThread: Stop Thread seen for thread Thread Group 1-33, reason: org.apache.jorphan.util.JMeterStopThreadException: End of file:/Users/gimhuiheon/Documents/study/java-multi-threading/resources/throughput/search_words.csv detected for CSV DataSet:CSV Data Set Config configured with stopThread:true, recycle:false
2026-03-10 00:52:38,415 INFO o.a.j.t.JMeterThread: Thread finished: Thread Group 1-33
2026-03-10 00:52:38,422 INFO o.a.j.t.JMeterThread: Thread started: Thread Group 1-34
2026-03-10 00:52:38,423 INFO o.a.j.t.JMeterThread: Stop Thread seen for thread Thread Group 1-34, reason: org.apache.jorphan.util.JMeterStopThreadException: End of file:/Users/gimhuiheon/Documents/study/java-multi-threading/resources/throughput/search_words.csv detected for CSV DataSet:CSV Data Set Config configured with stopThread:true, recycle:false
2026-03-10 00:52:38,423 INFO o.a.j.t.JMeterThread: Thread finished: Thread Group 1-34
2026-03-10 00:52:38,434 INFO o.a.j.t.JMeterThread: Thread started: Thread Group 1-35
2026-03-10 00:52:38,435 INFO o.a.j.t.JMeterThread: Stop Thread seen for thread Thread Group 1-35, reason: org.apache.jorphan.util.JMeterStopThreadException: End of file:/Users/gimhuiheon/Documents/study/java-multi-threading/resources/throughput/search_words.csv detected for CSV DataSet:CSV Data Set Config configured with stopThread:true, recycle:false
2026-03-10 00:52:38,435 INFO o.a.j.t.JMeterThread: Thread finished: Thread Group 1-35
2026-03-10 00:52:38,444 INFO o.a.j.t.JMeterThread: Thread started: Thread Group 1-36
2026-03-10 00:52:38,445 INFO o.a.j.t.JMeterThread: Stop Thread seen for thread Thread Group 1-36, reason: org.apache.jorphan.util.JMeterStopThreadException: End of file:/Users/gimhuiheon/Documents/study/java-multi-threading/resources/throughput/search_words.csv detected for CSV DataSet:CSV Data Set Config configured with stopThread:true, recycle:false
2026-03-10 00:52:38,445 INFO o.a.j.t.JMeterThread: Thread finished: Thread Group 1-36
2026-03-10 00:52:38,455 INFO o.a.j.t.JMeterThread: Thread started: Thread Group 1-37
2026-03-10 00:52:38,455 INFO o.a.j.t.JMeterThread: Stop Thread seen for thread Thread Group 1-37, reason: org.apache.jorphan.util.JMeterStopThreadException: End of file:/Users/gimhuiheon/Documents/study/java-multi-threading/resources/throughput/search_words.csv detected for CSV DataSet:CSV Data Set Config configured with stopThread:true, recycle:false
2026-03-10 00:52:38,455 INFO o.a.j.t.JMeterThread: Thread finished: Thread Group 1-37
2026-03-10 00:52:38,465 INFO o.a.j.t.JMeterThread: Thread started: Thread Group 1-38
2026-03-10 00:52:38,465 INFO o.a.j.t.JMeterThread: Stop Thread seen for thread Thread Group 1-38, reason: org.apache.jorphan.util.JMeterStopThreadException: End of file:/Users/gimhuiheon/Documents/study/java-multi-threading/resources/throughput/search_words.csv detected for CSV DataSet:CSV Data Set Config configured with stopThread:true, recycle:false
2026-03-10 00:52:38,465 INFO o.a.j.t.JMeterThread: Thread finished: Thread Group 1-38
2026-03-10 00:52:38,470 INFO o.a.j.t.JMeterThread: Thread started: Thread Group 1-39
2026-03-10 00:52:38,470 INFO o.a.j.t.JMeterThread: Stop Thread seen for thread Thread Group 1-39, reason: org.apache.jorphan.util.JMeterStopThreadException: End of file:/Users/gimhuiheon/Documents/study/java-multi-threading/resources/throughput/search_words.csv detected for CSV DataSet:CSV Data Set Config configured with stopThread:true, recycle:false
2026-03-10 00:52:38,470 INFO o.a.j.t.JMeterThread: Thread finished: Thread Group 1-39
2026-03-10 00:52:38,482 INFO o.a.j.t.JMeterThread: Thread started: Thread Group 1-40
2026-03-10 00:52:38,483 INFO o.a.j.t.JMeterThread: Stop Thread seen for thread Thread Group 1-40, reason: org.apache.jorphan.util.JMeterStopThreadException: End of file:/Users/gimhuiheon/Documents/study/java-multi-threading/resources/throughput/search_words.csv detected for CSV DataSet:CSV Data Set Config configured with stopThread:true, recycle:false
2026-03-10 00:52:38,483 INFO o.a.j.t.JMeterThread: Thread finished: Thread Group 1-40
2026-03-10 00:52:38,494 INFO o.a.j.t.JMeterThread: Thread started: Thread Group 1-41
2026-03-10 00:52:38,495 INFO o.a.j.t.JMeterThread: Stop Thread seen for thread Thread Group 1-41, reason: org.apache.jorphan.util.JMeterStopThreadException: End of file:/Users/gimhuiheon/Documents/study/java-multi-threading/resources/throughput/search_words.csv detected for CSV DataSet:CSV Data Set Config configured with stopThread:true, recycle:false
2026-03-10 00:52:38,495 INFO o.a.j.t.JMeterThread: Thread finished: Thread Group 1-41
2026-03-10 00:52:38,503 INFO o.a.j.t.JMeterThread: Thread started: Thread Group 1-42
2026-03-10 00:52:38,503 INFO o.a.j.t.JMeterThread: Stop Thread seen for thread Thread Group 1-42, reason: org.apache.jorphan.util.JMeterStopThreadException: End of file:/Users/gimhuiheon/Documents/study/java-multi-threading/resources/throughput/search_words.csv detected for CSV DataSet:CSV Data Set Config configured with stopThread:true, recycle:false
2026-03-10 00:52:38,503 INFO o.a.j.t.JMeterThread: Thread finished: Thread Group 1-42
2026-03-10 00:52:38,511 INFO o.a.j.t.JMeterThread: Thread started: Thread Group 1-43
2026-03-10 00:52:38,511 INFO o.a.j.t.JMeterThread: Stop Thread seen for thread Thread Group 1-43, reason: org.apache.jorphan.util.JMeterStopThreadException: End of file:/Users/gimhuiheon/Documents/study/java-multi-threading/resources/throughput/search_words.csv detected for CSV DataSet:CSV Data Set Config configured with stopThread:true, recycle:false
2026-03-10 00:52:38,511 INFO o.a.j.t.JMeterThread: Thread finished: Thread Group 1-43
2026-03-10 00:52:38,520 INFO o.a.j.t.JMeterThread: Thread started: Thread Group 1-44
2026-03-10 00:52:38,521 INFO o.a.j.t.JMeterThread: Stop Thread seen for thread Thread Group 1-44, reason: org.apache.jorphan.util.JMeterStopThreadException: End of file:/Users/gimhuiheon/Documents/study/java-multi-threading/resources/throughput/search_words.csv detected for CSV DataSet:CSV Data Set Config configured with stopThread:true, recycle:false
2026-03-10 00:52:38,521 INFO o.a.j.t.JMeterThread: Thread finished: Thread Group 1-44
2026-03-10 00:52:38,535 INFO o.a.j.t.JMeterThread: Thread started: Thread Group 1-45
2026-03-10 00:52:38,535 INFO o.a.j.t.JMeterThread: Stop Thread seen for thread Thread Group 1-45, reason: org.apache.jorphan.util.JMeterStopThreadException: End of file:/Users/gimhuiheon/Documents/study/java-multi-threading/resources/throughput/search_words.csv detected for CSV DataSet:CSV Data Set Config configured with stopThread:true, recycle:false
2026-03-10 00:52:38,535 INFO o.a.j.t.JMeterThread: Thread finished: Thread Group 1-45
2026-03-10 00:52:38,541 INFO o.a.j.t.JMeterThread: Thread started: Thread Group 1-46
2026-03-10 00:52:38,541 INFO o.a.j.t.JMeterThread: Stop Thread seen for thread Thread Group 1-46, reason: org.apache.jorphan.util.JMeterStopThreadException: End of file:/Users/gimhuiheon/Documents/study/java-multi-threading/resources/throughput/search_words.csv detected for CSV DataSet:CSV Data Set Config configured with stopThread:true, recycle:false
2026-03-10 00:52:38,541 INFO o.a.j.t.JMeterThread: Thread finished: Thread Group 1-46
2026-03-10 00:52:38,553 INFO o.a.j.t.JMeterThread: Thread started: Thread Group 1-47
2026-03-10 00:52:38,554 INFO o.a.j.t.JMeterThread: Stop Thread seen for thread Thread Group 1-47, reason: org.apache.jorphan.util.JMeterStopThreadException: End of file:/Users/gimhuiheon/Documents/study/java-multi-threading/resources/throughput/search_words.csv detected for CSV DataSet:CSV Data Set Config configured with stopThread:true, recycle:false
2026-03-10 00:52:38,554 INFO o.a.j.t.JMeterThread: Thread finished: Thread Group 1-47
2026-03-10 00:52:38,562 INFO o.a.j.t.JMeterThread: Thread started: Thread Group 1-48
2026-03-10 00:52:38,562 INFO o.a.j.t.JMeterThread: Stop Thread seen for thread Thread Group 1-48, reason: org.apache.jorphan.util.JMeterStopThreadException: End of file:/Users/gimhuiheon/Documents/study/java-multi-threading/resources/throughput/search_words.csv detected for CSV DataSet:CSV Data Set Config configured with stopThread:true, recycle:false
2026-03-10 00:52:38,562 INFO o.a.j.t.JMeterThread: Thread finished: Thread Group 1-48
2026-03-10 00:52:38,570 INFO o.a.j.t.JMeterThread: Thread started: Thread Group 1-49
2026-03-10 00:52:38,570 INFO o.a.j.t.JMeterThread: Stop Thread seen for thread Thread Group 1-49, reason: org.apache.jorphan.util.JMeterStopThreadException: End of file:/Users/gimhuiheon/Documents/study/java-multi-threading/resources/throughput/search_words.csv detected for CSV DataSet:CSV Data Set Config configured with stopThread:true, recycle:false
2026-03-10 00:52:38,570 INFO o.a.j.t.JMeterThread: Thread finished: Thread Group 1-49
2026-03-10 00:52:38,582 INFO o.a.j.t.JMeterThread: Thread started: Thread Group 1-50
2026-03-10 00:52:38,583 INFO o.a.j.t.JMeterThread: Stop Thread seen for thread Thread Group 1-50, reason: org.apache.jorphan.util.JMeterStopThreadException: End of file:/Users/gimhuiheon/Documents/study/java-multi-threading/resources/throughput/search_words.csv detected for CSV DataSet:CSV Data Set Config configured with stopThread:true, recycle:false
2026-03-10 00:52:38,583 INFO o.a.j.t.JMeterThread: Thread finished: Thread Group 1-50
2026-03-10 00:52:38,594 INFO o.a.j.t.JMeterThread: Thread started: Thread Group 1-51
2026-03-10 00:52:38,594 INFO o.a.j.t.JMeterThread: Stop Thread seen for thread Thread Group 1-51, reason: org.apache.jorphan.util.JMeterStopThreadException: End of file:/Users/gimhuiheon/Documents/study/java-multi-threading/resources/throughput/search_words.csv detected for CSV DataSet:CSV Data Set Config configured with stopThread:true, recycle:false
2026-03-10 00:52:38,594 INFO o.a.j.t.JMeterThread: Thread finished: Thread Group 1-51
2026-03-10 00:52:38,603 INFO o.a.j.t.JMeterThread: Thread started: Thread Group 1-52
2026-03-10 00:52:38,604 INFO o.a.j.t.JMeterThread: Stop Thread seen for thread Thread Group 1-52, reason: org.apache.jorphan.util.JMeterStopThreadException: End of file:/Users/gimhuiheon/Documents/study/java-multi-threading/resources/throughput/search_words.csv detected for CSV DataSet:CSV Data Set Config configured with stopThread:true, recycle:false
2026-03-10 00:52:38,604 INFO o.a.j.t.JMeterThread: Thread finished: Thread Group 1-52
2026-03-10 00:52:38,612 INFO o.a.j.t.JMeterThread: Thread started: Thread Group 1-53
2026-03-10 00:52:38,613 INFO o.a.j.t.JMeterThread: Stop Thread seen for thread Thread Group 1-53, reason: org.apache.jorphan.util.JMeterStopThreadException: End of file:/Users/gimhuiheon/Documents/study/java-multi-threading/resources/throughput/search_words.csv detected for CSV DataSet:CSV Data Set Config configured with stopThread:true, recycle:false
2026-03-10 00:52:38,613 INFO o.a.j.t.JMeterThread: Thread finished: Thread Group 1-53
2026-03-10 00:52:38,620 INFO o.a.j.t.JMeterThread: Thread started: Thread Group 1-54
2026-03-10 00:52:38,620 INFO o.a.j.t.JMeterThread: Stop Thread seen for thread Thread Group 1-54, reason: org.apache.jorphan.util.JMeterStopThreadException: End of file:/Users/gimhuiheon/Documents/study/java-multi-threading/resources/throughput/search_words.csv detected for CSV DataSet:CSV Data Set Config configured with stopThread:true, recycle:false
2026-03-10 00:52:38,620 INFO o.a.j.t.JMeterThread: Thread finished: Thread Group 1-54
2026-03-10 00:52:38,634 INFO o.a.j.t.JMeterThread: Thread started: Thread Group 1-55
2026-03-10 00:52:38,635 INFO o.a.j.t.JMeterThread: Stop Thread seen for thread Thread Group 1-55, reason: org.apache.jorphan.util.JMeterStopThreadException: End of file:/Users/gimhuiheon/Documents/study/java-multi-threading/resources/throughput/search_words.csv detected for CSV DataSet:CSV Data Set Config configured with stopThread:true, recycle:false
2026-03-10 00:52:38,635 INFO o.a.j.t.JMeterThread: Thread finished: Thread Group 1-55
2026-03-10 00:52:38,645 INFO o.a.j.t.JMeterThread: Thread started: Thread Group 1-56
2026-03-10 00:52:38,645 INFO o.a.j.t.JMeterThread: Stop Thread seen for thread Thread Group 1-56, reason: org.apache.jorphan.util.JMeterStopThreadException: End of file:/Users/gimhuiheon/Documents/study/java-multi-threading/resources/throughput/search_words.csv detected for CSV DataSet:CSV Data Set Config configured with stopThread:true, recycle:false
2026-03-10 00:52:38,645 INFO o.a.j.t.JMeterThread: Thread finished: Thread Group 1-56
2026-03-10 00:52:38,654 INFO o.a.j.t.JMeterThread: Thread started: Thread Group 1-57
2026-03-10 00:52:38,654 INFO o.a.j.t.JMeterThread: Stop Thread seen for thread Thread Group 1-57, reason: org.apache.jorphan.util.JMeterStopThreadException: End of file:/Users/gimhuiheon/Documents/study/java-multi-threading/resources/throughput/search_words.csv detected for CSV DataSet:CSV Data Set Config configured with stopThread:true, recycle:false
2026-03-10 00:52:38,654 INFO o.a.j.t.JMeterThread: Thread finished: Thread Group 1-57
2026-03-10 00:52:38,663 INFO o.a.j.t.JMeterThread: Thread started: Thread Group 1-58
2026-03-10 00:52:38,663 INFO o.a.j.t.JMeterThread: Stop Thread seen for thread Thread Group 1-58, reason: org.apache.jorphan.util.JMeterStopThreadException: End of file:/Users/gimhuiheon/Documents/study/java-multi-threading/resources/throughput/search_words.csv detected for CSV DataSet:CSV Data Set Config configured with stopThread:true, recycle:false
2026-03-10 00:52:38,663 INFO o.a.j.t.JMeterThread: Thread finished: Thread Group 1-58
2026-03-10 00:52:38,673 INFO o.a.j.t.JMeterThread: Thread started: Thread Group 1-59
2026-03-10 00:52:38,674 INFO o.a.j.t.JMeterThread: Stop Thread seen for thread Thread Group 1-59, reason: org.apache.jorphan.util.JMeterStopThreadException: End of file:/Users/gimhuiheon/Documents/study/java-multi-threading/resources/throughput/search_words.csv detected for CSV DataSet:CSV Data Set Config configured with stopThread:true, recycle:false
2026-03-10 00:52:38,674 INFO o.a.j.t.JMeterThread: Thread finished: Thread Group 1-59
2026-03-10 00:52:38,685 INFO o.a.j.t.JMeterThread: Thread started: Thread Group 1-60
2026-03-10 00:52:38,685 INFO o.a.j.t.JMeterThread: Stop Thread seen for thread Thread Group 1-60, reason: org.apache.jorphan.util.JMeterStopThreadException: End of file:/Users/gimhuiheon/Documents/study/java-multi-threading/resources/throughput/search_words.csv detected for CSV DataSet:CSV Data Set Config configured with stopThread:true, recycle:false
2026-03-10 00:52:38,685 INFO o.a.j.t.JMeterThread: Thread finished: Thread Group 1-60
2026-03-10 00:52:38,692 INFO o.a.j.t.JMeterThread: Thread started: Thread Group 1-61
2026-03-10 00:52:38,693 INFO o.a.j.t.JMeterThread: Stop Thread seen for thread Thread Group 1-61, reason: org.apache.jorphan.util.JMeterStopThreadException: End of file:/Users/gimhuiheon/Documents/study/java-multi-threading/resources/throughput/search_words.csv detected for CSV DataSet:CSV Data Set Config configured with stopThread:true, recycle:false
2026-03-10 00:52:38,693 INFO o.a.j.t.JMeterThread: Thread finished: Thread Group 1-61
2026-03-10 00:52:38,703 INFO o.a.j.t.JMeterThread: Thread started: Thread Group 1-62
2026-03-10 00:52:38,704 INFO o.a.j.t.JMeterThread: Stop Thread seen for thread Thread Group 1-62, reason: org.apache.jorphan.util.JMeterStopThreadException: End of file:/Users/gimhuiheon/Documents/study/java-multi-threading/resources/throughput/search_words.csv detected for CSV DataSet:CSV Data Set Config configured with stopThread:true, recycle:false
2026-03-10 00:52:38,704 INFO o.a.j.t.JMeterThread: Thread finished: Thread Group 1-62
2026-03-10 00:52:38,713 INFO o.a.j.t.JMeterThread: Thread started: Thread Group 1-63
2026-03-10 00:52:38,714 INFO o.a.j.t.JMeterThread: Stop Thread seen for thread Thread Group 1-63, reason: org.apache.jorphan.util.JMeterStopThreadException: End of file:/Users/gimhuiheon/Documents/study/java-multi-threading/resources/throughput/search_words.csv detected for CSV DataSet:CSV Data Set Config configured with stopThread:true, recycle:false
2026-03-10 00:52:38,714 INFO o.a.j.t.JMeterThread: Thread finished: Thread Group 1-63
2026-03-10 00:52:38,720 INFO o.a.j.t.JMeterThread: Thread started: Thread Group 1-64
2026-03-10 00:52:38,720 INFO o.a.j.t.JMeterThread: Stop Thread seen for thread Thread Group 1-64, reason: org.apache.jorphan.util.JMeterStopThreadException: End of file:/Users/gimhuiheon/Documents/study/java-multi-threading/resources/throughput/search_words.csv detected for CSV DataSet:CSV Data Set Config configured with stopThread:true, recycle:false
2026-03-10 00:52:38,720 INFO o.a.j.t.JMeterThread: Thread finished: Thread Group 1-64
2026-03-10 00:52:38,731 INFO o.a.j.t.JMeterThread: Thread started: Thread Group 1-65
2026-03-10 00:52:38,731 INFO o.a.j.t.JMeterThread: Stop Thread seen for thread Thread Group 1-65, reason: org.apache.jorphan.util.JMeterStopThreadException: End of file:/Users/gimhuiheon/Documents/study/java-multi-threading/resources/throughput/search_words.csv detected for CSV DataSet:CSV Data Set Config configured with stopThread:true, recycle:false
2026-03-10 00:52:38,731 INFO o.a.j.t.JMeterThread: Thread finished: Thread Group 1-65
2026-03-10 00:52:38,745 INFO o.a.j.t.JMeterThread: Thread started: Thread Group 1-66
2026-03-10 00:52:38,745 INFO o.a.j.t.JMeterThread: Stop Thread seen for thread Thread Group 1-66, reason: org.apache.jorphan.util.JMeterStopThreadException: End of file:/Users/gimhuiheon/Documents/study/java-multi-threading/resources/throughput/search_words.csv detected for CSV DataSet:CSV Data Set Config configured with stopThread:true, recycle:false
2026-03-10 00:52:38,745 INFO o.a.j.t.JMeterThread: Thread finished: Thread Group 1-66
2026-03-10 00:52:38,754 INFO o.a.j.t.JMeterThread: Thread started: Thread Group 1-67
2026-03-10 00:52:38,754 INFO o.a.j.t.JMeterThread: Stop Thread seen for thread Thread Group 1-67, reason: org.apache.jorphan.util.JMeterStopThreadException: End of file:/Users/gimhuiheon/Documents/study/java-multi-threading/resources/throughput/search_words.csv detected for CSV DataSet:CSV Data Set Config configured with stopThread:true, recycle:false
2026-03-10 00:52:38,754 INFO o.a.j.t.JMeterThread: Thread finished: Thread Group 1-67
2026-03-10 00:52:38,763 INFO o.a.j.t.JMeterThread: Thread started: Thread Group 1-68
2026-03-10 00:52:38,763 INFO o.a.j.t.JMeterThread: Stop Thread seen for thread Thread Group 1-68, reason: org.apache.jorphan.util.JMeterStopThreadException: End of file:/Users/gimhuiheon/Documents/study/java-multi-threading/resources/throughput/search_words.csv detected for CSV DataSet:CSV Data Set Config configured with stopThread:true, recycle:false
2026-03-10 00:52:38,763 INFO o.a.j.t.JMeterThread: Thread finished: Thread Group 1-68
2026-03-10 00:52:38,774 INFO o.a.j.t.JMeterThread: Thread started: Thread Group 1-69
2026-03-10 00:52:38,775 INFO o.a.j.t.JMeterThread: Stop Thread seen for thread Thread Group 1-69, reason: org.apache.jorphan.util.JMeterStopThreadException: End of file:/Users/gimhuiheon/Documents/study/java-multi-threading/resources/throughput/search_words.csv detected for CSV DataSet:CSV Data Set Config configured with stopThread:true, recycle:false
2026-03-10 00:52:38,775 INFO o.a.j.t.JMeterThread: Thread finished: Thread Group 1-69
2026-03-10 00:52:38,785 INFO o.a.j.t.JMeterThread: Thread started: Thread Group 1-70
2026-03-10 00:52:38,785 INFO o.a.j.t.JMeterThread: Stop Thread seen for thread Thread Group 1-70, reason: org.apache.jorphan.util.JMeterStopThreadException: End of file:/Users/gimhuiheon/Documents/study/java-multi-threading/resources/throughput/search_words.csv detected for CSV DataSet:CSV Data Set Config configured with stopThread:true, recycle:false
2026-03-10 00:52:38,785 INFO o.a.j.t.JMeterThread: Thread finished: Thread Group 1-70
2026-03-10 00:52:38,793 INFO o.a.j.t.JMeterThread: Thread started: Thread Group 1-71
2026-03-10 00:52:38,793 INFO o.a.j.t.JMeterThread: Stop Thread seen for thread Thread Group 1-71, reason: org.apache.jorphan.util.JMeterStopThreadException: End of file:/Users/gimhuiheon/Documents/study/java-multi-threading/resources/throughput/search_words.csv detected for CSV DataSet:CSV Data Set Config configured with stopThread:true, recycle:false
2026-03-10 00:52:38,793 INFO o.a.j.t.JMeterThread: Thread finished: Thread Group 1-71
2026-03-10 00:52:38,804 INFO o.a.j.t.JMeterThread: Thread started: Thread Group 1-72
2026-03-10 00:52:38,805 INFO o.a.j.t.JMeterThread: Stop Thread seen for thread Thread Group 1-72, reason: org.apache.jorphan.util.JMeterStopThreadException: End of file:/Users/gimhuiheon/Documents/study/java-multi-threading/resources/throughput/search_words.csv detected for CSV DataSet:CSV Data Set Config configured with stopThread:true, recycle:false
2026-03-10 00:52:38,805 INFO o.a.j.t.JMeterThread: Thread finished: Thread Group 1-72
2026-03-10 00:52:38,814 INFO o.a.j.t.JMeterThread: Thread started: Thread Group 1-73
2026-03-10 00:52:38,815 INFO o.a.j.t.JMeterThread: Stop Thread seen for thread Thread Group 1-73, reason: org.apache.jorphan.util.JMeterStopThreadException: End of file:/Users/gimhuiheon/Documents/study/java-multi-threading/resources/throughput/search_words.csv detected for CSV DataSet:CSV Data Set Config configured with stopThread:true, recycle:false
2026-03-10 00:52:38,815 INFO o.a.j.t.JMeterThread: Thread finished: Thread Group 1-73
2026-03-10 00:52:38,824 INFO o.a.j.t.JMeterThread: Thread started: Thread Group 1-74
2026-03-10 00:52:38,824 INFO o.a.j.t.JMeterThread: Stop Thread seen for thread Thread Group 1-74, reason: org.apache.jorphan.util.JMeterStopThreadException: End of file:/Users/gimhuiheon/Documents/study/java-multi-threading/resources/throughput/search_words.csv detected for CSV DataSet:CSV Data Set Config configured with stopThread:true, recycle:false
2026-03-10 00:52:38,825 INFO o.a.j.t.JMeterThread: Thread finished: Thread Group 1-74
2026-03-10 00:52:38,834 INFO o.a.j.t.JMeterThread: Thread started: Thread Group 1-75
2026-03-10 00:52:38,835 INFO o.a.j.t.JMeterThread: Stop Thread seen for thread Thread Group 1-75, reason: org.apache.jorphan.util.JMeterStopThreadException: End of file:/Users/gimhuiheon/Documents/study/java-multi-threading/resources/throughput/search_words.csv detected for CSV DataSet:CSV Data Set Config configured with stopThread:true, recycle:false
2026-03-10 00:52:38,835 INFO o.a.j.t.JMeterThread: Thread finished: Thread Group 1-75
2026-03-10 00:52:38,841 INFO o.a.j.t.JMeterThread: Thread started: Thread Group 1-76
2026-03-10 00:52:38,842 INFO o.a.j.t.JMeterThread: Stop Thread seen for thread Thread Group 1-76, reason: org.apache.jorphan.util.JMeterStopThreadException: End of file:/Users/gimhuiheon/Documents/study/java-multi-threading/resources/throughput/search_words.csv detected for CSV DataSet:CSV Data Set Config configured with stopThread:true, recycle:false
2026-03-10 00:52:38,842 INFO o.a.j.t.JMeterThread: Thread finished: Thread Group 1-76
2026-03-10 00:52:38,854 INFO o.a.j.t.JMeterThread: Thread started: Thread Group 1-77
2026-03-10 00:52:38,854 INFO o.a.j.t.JMeterThread: Stop Thread seen for thread Thread Group 1-77, reason: org.apache.jorphan.util.JMeterStopThreadException: End of file:/Users/gimhuiheon/Documents/study/java-multi-threading/resources/throughput/search_words.csv detected for CSV DataSet:CSV Data Set Config configured with stopThread:true, recycle:false
2026-03-10 00:52:38,854 INFO o.a.j.t.JMeterThread: Thread finished: Thread Group 1-77
2026-03-10 00:52:38,862 INFO o.a.j.t.JMeterThread: Thread started: Thread Group 1-78
2026-03-10 00:52:38,862 INFO o.a.j.t.JMeterThread: Stop Thread seen for thread Thread Group 1-78, reason: org.apache.jorphan.util.JMeterStopThreadException: End of file:/Users/gimhuiheon/Documents/study/java-multi-threading/resources/throughput/search_words.csv detected for CSV DataSet:CSV Data Set Config configured with stopThread:true, recycle:false
2026-03-10 00:52:38,862 INFO o.a.j.t.JMeterThread: Thread finished: Thread Group 1-78
2026-03-10 00:52:38,870 INFO o.a.j.t.JMeterThread: Thread started: Thread Group 1-79
2026-03-10 00:52:38,870 INFO o.a.j.t.JMeterThread: Stop Thread seen for thread Thread Group 1-79, reason: org.apache.jorphan.util.JMeterStopThreadException: End of file:/Users/gimhuiheon/Documents/study/java-multi-threading/resources/throughput/search_words.csv detected for CSV DataSet:CSV Data Set Config configured with stopThread:true, recycle:false
2026-03-10 00:52:38,870 INFO o.a.j.t.JMeterThread: Thread finished: Thread Group 1-79
2026-03-10 00:52:38,884 INFO o.a.j.t.JMeterThread: Thread started: Thread Group 1-80
2026-03-10 00:52:38,885 INFO o.a.j.t.JMeterThread: Stop Thread seen for thread Thread Group 1-80, reason: org.apache.jorphan.util.JMeterStopThreadException: End of file:/Users/gimhuiheon/Documents/study/java-multi-threading/resources/throughput/search_words.csv detected for CSV DataSet:CSV Data Set Config configured with stopThread:true, recycle:false
2026-03-10 00:52:38,885 INFO o.a.j.t.JMeterThread: Thread finished: Thread Group 1-80
2026-03-10 00:52:38,894 INFO o.a.j.t.JMeterThread: Thread started: Thread Group 1-81
2026-03-10 00:52:38,895 INFO o.a.j.t.JMeterThread: Stop Thread seen for thread Thread Group 1-81, reason: org.apache.jorphan.util.JMeterStopThreadException: End of file:/Users/gimhuiheon/Documents/study/java-multi-threading/resources/throughput/search_words.csv detected for CSV DataSet:CSV Data Set Config configured with stopThread:true, recycle:false
2026-03-10 00:52:38,895 INFO o.a.j.t.JMeterThread: Thread finished: Thread Group 1-81
2026-03-10 00:52:38,903 INFO o.a.j.t.JMeterThread: Thread started: Thread Group 1-82
2026-03-10 00:52:38,904 INFO o.a.j.t.JMeterThread: Stop Thread seen for thread Thread Group 1-82, reason: org.apache.jorphan.util.JMeterStopThreadException: End of file:/Users/gimhuiheon/Documents/study/java-multi-threading/resources/throughput/search_words.csv detected for CSV DataSet:CSV Data Set Config configured with stopThread:true, recycle:false
2026-03-10 00:52:38,904 INFO o.a.j.t.JMeterThread: Thread finished: Thread Group 1-82
2026-03-10 00:52:38,911 INFO o.a.j.t.JMeterThread: Thread started: Thread Group 1-83
2026-03-10 00:52:38,911 INFO o.a.j.t.JMeterThread: Stop Thread seen for thread Thread Group 1-83, reason: org.apache.jorphan.util.JMeterStopThreadException: End of file:/Users/gimhuiheon/Documents/study/java-multi-threading/resources/throughput/search_words.csv detected for CSV DataSet:CSV Data Set Config configured with stopThread:true, recycle:false
2026-03-10 00:52:38,911 INFO o.a.j.t.JMeterThread: Thread finished: Thread Group 1-83
2026-03-10 00:52:38,920 INFO o.a.j.t.JMeterThread: Thread started: Thread Group 1-84
2026-03-10 00:52:38,920 INFO o.a.j.t.JMeterThread: Stop Thread seen for thread Thread Group 1-84, reason: org.apache.jorphan.util.JMeterStopThreadException: End of file:/Users/gimhuiheon/Documents/study/java-multi-threading/resources/throughput/search_words.csv detected for CSV DataSet:CSV Data Set Config configured with stopThread:true, recycle:false
2026-03-10 00:52:38,920 INFO o.a.j.t.JMeterThread: Thread finished: Thread Group 1-84
2026-03-10 00:52:38,932 INFO o.a.j.t.JMeterThread: Thread started: Thread Group 1-85
2026-03-10 00:52:38,933 INFO o.a.j.t.JMeterThread: Stop Thread seen for thread Thread Group 1-85, reason: org.apache.jorphan.util.JMeterStopThreadException: End of file:/Users/gimhuiheon/Documents/study/java-multi-threading/resources/throughput/search_words.csv detected for CSV DataSet:CSV Data Set Config configured with stopThread:true, recycle:false
2026-03-10 00:52:38,933 INFO o.a.j.t.JMeterThread: Thread finished: Thread Group 1-85
2026-03-10 00:52:38,943 INFO o.a.j.t.JMeterThread: Thread started: Thread Group 1-86
2026-03-10 00:52:38,943 INFO o.a.j.t.JMeterThread: Stop Thread seen for thread Thread Group 1-86, reason: org.apache.jorphan.util.JMeterStopThreadException: End of file:/Users/gimhuiheon/Documents/study/java-multi-threading/resources/throughput/search_words.csv detected for CSV DataSet:CSV Data Set Config configured with stopThread:true, recycle:false
2026-03-10 00:52:38,943 INFO o.a.j.t.JMeterThread: Thread finished: Thread Group 1-86
2026-03-10 00:52:38,949 INFO o.a.j.t.JMeterThread: Thread started: Thread Group 1-87
2026-03-10 00:52:38,950 INFO o.a.j.t.JMeterThread: Stop Thread seen for thread Thread Group 1-87, reason: org.apache.jorphan.util.JMeterStopThreadException: End of file:/Users/gimhuiheon/Documents/study/java-multi-threading/resources/throughput/search_words.csv detected for CSV DataSet:CSV Data Set Config configured with stopThread:true, recycle:false
2026-03-10 00:52:38,950 INFO o.a.j.t.JMeterThread: Thread finished: Thread Group 1-87
2026-03-10 00:52:38,964 INFO o.a.j.t.JMeterThread: Thread started: Thread Group 1-88
2026-03-10 00:52:38,964 INFO o.a.j.t.JMeterThread: Stop Thread seen for thread Thread Group 1-88, reason: org.apache.jorphan.util.JMeterStopThreadException: End of file:/Users/gimhuiheon/Documents/study/java-multi-threading/resources/throughput/search_words.csv detected for CSV DataSet:CSV Data Set Config configured with stopThread:true, recycle:false
2026-03-10 00:52:38,964 INFO o.a.j.t.JMeterThread: Thread finished: Thread Group 1-88
2026-03-10 00:52:38,970 INFO o.a.j.t.JMeterThread: Thread started: Thread Group 1-89
2026-03-10 00:52:38,970 INFO o.a.j.t.JMeterThread: Stop Thread seen for thread Thread Group 1-89, reason: org.apache.jorphan.util.JMeterStopThreadException: End of file:/Users/gimhuiheon/Documents/study/java-multi-threading/resources/throughput/search_words.csv detected for CSV DataSet:CSV Data Set Config configured with stopThread:true, recycle:false
2026-03-10 00:52:38,970 INFO o.a.j.t.JMeterThread: Thread finished: Thread Group 1-89
2026-03-10 00:52:38,984 INFO o.a.j.t.JMeterThread: Thread started: Thread Group 1-90
2026-03-10 00:52:38,985 INFO o.a.j.t.JMeterThread: Stop Thread seen for thread Thread Group 1-90, reason: org.apache.jorphan.util.JMeterStopThreadException: End of file:/Users/gimhuiheon/Documents/study/java-multi-threading/resources/throughput/search_words.csv detected for CSV DataSet:CSV Data Set Config configured with stopThread:true, recycle:false
2026-03-10 00:52:38,985 INFO o.a.j.t.JMeterThread: Thread finished: Thread Group 1-90
2026-03-10 00:52:38,992 INFO o.a.j.t.JMeterThread: Thread started: Thread Group 1-91
2026-03-10 00:52:38,992 INFO o.a.j.t.JMeterThread: Stop Thread seen for thread Thread Group 1-91, reason: org.apache.jorphan.util.JMeterStopThreadException: End of file:/Users/gimhuiheon/Documents/study/java-multi-threading/resources/throughput/search_words.csv detected for CSV DataSet:CSV Data Set Config configured with stopThread:true, recycle:false
2026-03-10 00:52:38,992 INFO o.a.j.t.JMeterThread: Thread finished: Thread Group 1-91
2026-03-10 00:52:39,004 INFO o.a.j.t.JMeterThread: Thread started: Thread Group 1-92
2026-03-10 00:52:39,004 INFO o.a.j.t.JMeterThread: Stop Thread seen for thread Thread Group 1-92, reason: org.apache.jorphan.util.JMeterStopThreadException: End of file:/Users/gimhuiheon/Documents/study/java-multi-threading/resources/throughput/search_words.csv detected for CSV DataSet:CSV Data Set Config configured with stopThread:true, recycle:false
2026-03-10 00:52:39,004 INFO o.a.j.t.JMeterThread: Thread finished: Thread Group 1-92
2026-03-10 00:52:39,012 INFO o.a.j.t.JMeterThread: Thread started: Thread Group 1-93
2026-03-10 00:52:39,012 INFO o.a.j.t.JMeterThread: Stop Thread seen for thread Thread Group 1-93, reason: org.apache.jorphan.util.JMeterStopThreadException: End of file:/Users/gimhuiheon/Documents/study/java-multi-threading/resources/throughput/search_words.csv detected for CSV DataSet:CSV Data Set Config configured with stopThread:true, recycle:false
2026-03-10 00:52:39,012 INFO o.a.j.t.JMeterThread: Thread finished: Thread Group 1-93
2026-03-10 00:52:39,020 INFO o.a.j.t.JMeterThread: Thread started: Thread Group 1-94
2026-03-10 00:52:39,020 INFO o.a.j.t.JMeterThread: Stop Thread seen for thread Thread Group 1-94, reason: org.apache.jorphan.util.JMeterStopThreadException: End of file:/Users/gimhuiheon/Documents/study/java-multi-threading/resources/throughput/search_words.csv detected for CSV DataSet:CSV Data Set Config configured with stopThread:true, recycle:false
2026-03-10 00:52:39,020 INFO o.a.j.t.JMeterThread: Thread finished: Thread Group 1-94
2026-03-10 00:52:39,033 INFO o.a.j.t.JMeterThread: Thread started: Thread Group 1-95
2026-03-10 00:52:39,033 INFO o.a.j.t.JMeterThread: Stop Thread seen for thread Thread Group 1-95, reason: org.apache.jorphan.util.JMeterStopThreadException: End of file:/Users/gimhuiheon/Documents/study/java-multi-threading/resources/throughput/search_words.csv detected for CSV DataSet:CSV Data Set Config configured with stopThread:true, recycle:false
2026-03-10 00:52:39,033 INFO o.a.j.t.JMeterThread: Thread finished: Thread Group 1-95
2026-03-10 00:52:39,044 INFO o.a.j.t.JMeterThread: Thread started: Thread Group 1-96
2026-03-10 00:52:39,045 INFO o.a.j.t.JMeterThread: Stop Thread seen for thread Thread Group 1-96, reason: org.apache.jorphan.util.JMeterStopThreadException: End of file:/Users/gimhuiheon/Documents/study/java-multi-threading/resources/throughput/search_words.csv detected for CSV DataSet:CSV Data Set Config configured with stopThread:true, recycle:false
2026-03-10 00:52:39,045 INFO o.a.j.t.JMeterThread: Thread finished: Thread Group 1-96
2026-03-10 00:52:39,054 INFO o.a.j.t.JMeterThread: Thread started: Thread Group 1-97
2026-03-10 00:52:39,054 INFO o.a.j.t.JMeterThread: Stop Thread seen for thread Thread Group 1-97, reason: org.apache.jorphan.util.JMeterStopThreadException: End of file:/Users/gimhuiheon/Documents/study/java-multi-threading/resources/throughput/search_words.csv detected for CSV DataSet:CSV Data Set Config configured with stopThread:true, recycle:false
2026-03-10 00:52:39,054 INFO o.a.j.t.JMeterThread: Thread finished: Thread Group 1-97
2026-03-10 00:52:39,064 INFO o.a.j.t.JMeterThread: Thread started: Thread Group 1-98
2026-03-10 00:52:39,065 INFO o.a.j.t.JMeterThread: Stop Thread seen for thread Thread Group 1-98, reason: org.apache.jorphan.util.JMeterStopThreadException: End of file:/Users/gimhuiheon/Documents/study/java-multi-threading/resources/throughput/search_words.csv detected for CSV DataSet:CSV Data Set Config configured with stopThread:true, recycle:false
2026-03-10 00:52:39,065 INFO o.a.j.t.JMeterThread: Thread finished: Thread Group 1-98
2026-03-10 00:52:39,073 INFO o.a.j.t.JMeterThread: Thread started: Thread Group 1-99
2026-03-10 00:52:39,073 INFO o.a.j.t.JMeterThread: Stop Thread seen for thread Thread Group 1-99, reason: org.apache.jorphan.util.JMeterStopThreadException: End of file:/Users/gimhuiheon/Documents/study/java-multi-threading/resources/throughput/search_words.csv detected for CSV DataSet:CSV Data Set Config configured with stopThread:true, recycle:false
2026-03-10 00:52:39,073 INFO o.a.j.t.JMeterThread: Thread finished: Thread Group 1-99
2026-03-10 00:52:39,081 INFO o.a.j.t.JMeterThread: Thread started: Thread Group 1-100
2026-03-10 00:52:39,081 INFO o.a.j.t.JMeterThread: Stop Thread seen for thread Thread Group 1-100, reason: org.apache.jorphan.util.JMeterStopThreadException: End of file:/Users/gimhuiheon/Documents/study/java-multi-threading/resources/throughput/search_words.csv detected for CSV DataSet:CSV Data Set Config configured with stopThread:true, recycle:false
2026-03-10 00:52:39,081 INFO o.a.j.t.JMeterThread: Thread finished: Thread Group 1-100
2026-03-10 00:52:39,081 INFO o.a.j.e.StandardJMeterEngine: Notifying test listeners of end of test
2026-03-10 00:52:39,081 INFO o.a.j.s.FileServer: Close: /Users/gimhuiheon/Documents/study/java-multi-threading/resources/throughput/search_words.csv
2026-03-10 00:52:39,081 INFO o.a.j.g.u.JMeterMenuBar: setRunning(false, *local*)
2026-03-10 00:52:48,477 INFO o.a.j.e.StandardJMeterEngine: Running the test!
2026-03-10 00:52:48,477 INFO o.a.j.s.SampleEvent: List of sample_variables: []
2026-03-10 00:52:48,478 INFO o.a.j.g.u.JMeterMenuBar: setRunning(true, *local*)
2026-03-10 00:52:48,527 INFO o.a.j.e.StandardJMeterEngine: Starting ThreadGroup: 1 : Thread Group
2026-03-10 00:52:48,528 INFO o.a.j.e.StandardJMeterEngine: Starting 100 threads for group Thread Group.
2026-03-10 00:52:48,528 INFO o.a.j.e.StandardJMeterEngine: Thread will continue on error
2026-03-10 00:52:48,528 INFO o.a.j.t.ThreadGroup: Starting thread group... number=1 threads=100 ramp-up=1 delayedStart=false
2026-03-10 00:52:48,529 INFO o.a.j.t.JMeterThread: Thread started: Thread Group 1-1
2026-03-10 00:52:48,530 INFO o.a.j.s.FileServer: Stored: /Users/gimhuiheon/Documents/study/java-multi-threading/resources/throughput/search_words.csv
2026-03-10 00:52:48,542 INFO o.a.j.t.JMeterThread: Thread started: Thread Group 1-2
2026-03-10 00:52:48,548 INFO o.a.j.t.ThreadGroup: Started thread group number 1
2026-03-10 00:52:48,548 INFO o.a.j.e.StandardJMeterEngine: All thread groups have been started
2026-03-10 00:52:48,555 INFO o.a.j.t.JMeterThread: Thread started: Thread Group 1-3
2026-03-10 00:52:48,565 INFO o.a.j.t.JMeterThread: Thread started: Thread Group 1-4
2026-03-10 00:52:48,574 INFO o.a.j.t.JMeterThread: Thread started: Thread Group 1-5
2026-03-10 00:52:48,583 INFO o.a.j.t.JMeterThread: Thread started: Thread Group 1-6
2026-03-10 00:52:48,592 INFO o.a.j.t.JMeterThread: Thread started: Thread Group 1-7
2026-03-10 00:52:48,603 INFO o.a.j.t.JMeterThread: Thread started: Thread Group 1-8
2026-03-10 00:52:48,611 INFO o.a.j.t.JMeterThread: Thread started: Thread Group 1-9
2026-03-10 00:52:48,624 INFO o.a.j.t.JMeterThread: Thread started: Thread Group 1-10
2026-03-10 00:52:48,634 INFO o.a.j.t.JMeterThread: Thread started: Thread Group 1-11
2026-03-10 00:52:48,644 INFO o.a.j.t.JMeterThread: Thread started: Thread Group 1-12
2026-03-10 00:52:48,650 INFO o.a.j.t.JMeterThread: Thread started: Thread Group 1-13
2026-03-10 00:52:48,661 INFO o.a.j.t.JMeterThread: Thread started: Thread Group 1-14
2026-03-10 00:52:48,675 INFO o.a.j.t.JMeterThread: Thread started: Thread Group 1-15
2026-03-10 00:52:48,681 INFO o.a.j.t.JMeterThread: Thread started: Thread Group 1-16
2026-03-10 00:52:48,694 INFO o.a.j.t.JMeterThread: Thread started: Thread Group 1-17
2026-03-10 00:52:48,703 INFO o.a.j.t.JMeterThread: Thread started: Thread Group 1-18
2026-03-10 00:52:48,711 INFO o.a.j.t.JMeterThread: Thread started: Thread Group 1-19
2026-03-10 00:52:48,725 INFO o.a.j.t.JMeterThread: Thread started: Thread Group 1-20
2026-03-10 00:52:48,735 INFO o.a.j.t.JMeterThread: Thread started: Thread Group 1-21
2026-03-10 00:52:48,745 INFO o.a.j.t.JMeterThread: Thread started: Thread Group 1-22
2026-03-10 00:52:48,753 INFO o.a.j.t.JMeterThread: Thread started: Thread Group 1-23
2026-03-10 00:52:48,761 INFO o.a.j.t.JMeterThread: Thread started: Thread Group 1-24
2026-03-10 00:52:48,771 INFO o.a.j.t.JMeterThread: Thread started: Thread Group 1-25
2026-03-10 00:52:48,786 INFO o.a.j.t.JMeterThread: Thread started: Thread Group 1-26
2026-03-10 00:52:48,794 INFO o.a.j.t.JMeterThread: Thread started: Thread Group 1-27
2026-03-10 00:52:48,805 INFO o.a.j.t.JMeterThread: Thread started: Thread Group 1-28
2026-03-10 00:52:48,817 INFO o.a.j.t.JMeterThread: Thread started: Thread Group 1-29
2026-03-10 00:52:48,826 INFO o.a.j.t.JMeterThread: Thread started: Thread Group 1-30
2026-03-10 00:52:48,847 INFO o.a.j.t.JMeterThread: Thread started: Thread Group 1-31
2026-03-10 00:52:48,858 INFO o.a.j.t.JMeterThread: Thread started: Thread Group 1-33
2026-03-10 00:52:48,857 INFO o.a.j.t.JMeterThread: Thread started: Thread Group 1-32
2026-03-10 00:52:48,866 INFO o.a.j.t.JMeterThread: Thread started: Thread Group 1-34
2026-03-10 00:52:48,872 INFO o.a.j.t.JMeterThread: Thread started: Thread Group 1-35
2026-03-10 00:52:48,885 INFO o.a.j.t.JMeterThread: Thread started: Thread Group 1-36
2026-03-10 00:52:48,894 INFO o.a.j.t.JMeterThread: Thread started: Thread Group 1-37
2026-03-10 00:52:48,903 INFO o.a.j.t.JMeterThread: Thread started: Thread Group 1-38
2026-03-10 00:52:48,911 INFO o.a.j.t.JMeterThread: Thread started: Thread Group 1-39
2026-03-10 00:52:48,919 INFO o.a.j.t.JMeterThread: Thread started: Thread Group 1-40
2026-03-10 00:52:48,934 INFO o.a.j.t.JMeterThread: Thread started: Thread Group 1-41
2026-03-10 00:52:48,945 INFO o.a.j.t.JMeterThread: Thread started: Thread Group 1-42
2026-03-10 00:52:48,955 INFO o.a.j.t.JMeterThread: Thread started: Thread Group 1-43
2026-03-10 00:52:48,963 INFO o.a.j.t.JMeterThread: Thread started: Thread Group 1-44
2026-03-10 00:52:48,970 INFO o.a.j.t.JMeterThread: Thread started: Thread Group 1-45
2026-03-10 00:52:48,980 INFO o.a.j.t.JMeterThread: Thread started: Thread Group 1-46
2026-03-10 00:52:48,991 INFO o.a.j.t.JMeterThread: Thread started: Thread Group 1-47
2026-03-10 00:52:49,004 INFO o.a.j.t.JMeterThread: Thread started: Thread Group 1-48
2026-03-10 00:52:49,011 INFO o.a.j.t.JMeterThread: Thread started: Thread Group 1-49
2026-03-10 00:52:49,024 INFO o.a.j.t.JMeterThread: Thread started: Thread Group 1-50
2026-03-10 00:52:49,035 INFO o.a.j.t.JMeterThread: Thread started: Thread Group 1-51
2026-03-10 00:52:49,043 INFO o.a.j.t.JMeterThread: Thread started: Thread Group 1-52
2026-03-10 00:52:49,055 INFO o.a.j.t.JMeterThread: Thread started: Thread Group 1-53
2026-03-10 00:52:49,061 INFO o.a.j.t.JMeterThread: Thread started: Thread Group 1-54
2026-03-10 00:52:49,071 INFO o.a.j.t.JMeterThread: Thread started: Thread Group 1-55
2026-03-10 00:52:49,082 INFO o.a.j.t.JMeterThread: Thread started: Thread Group 1-56
2026-03-10 00:52:49,094 INFO o.a.j.t.JMeterThread: Thread started: Thread Group 1-57
2026-03-10 00:52:49,104 INFO o.a.j.t.JMeterThread: Thread started: Thread Group 1-58
2026-03-10 00:52:49,112 INFO o.a.j.t.JMeterThread: Thread started: Thread Group 1-59
2026-03-10 00:52:49,123 INFO o.a.j.t.JMeterThread: Thread started: Thread Group 1-60
2026-03-10 00:52:49,129 INFO o.a.j.t.JMeterThread: Thread started: Thread Group 1-61
2026-03-10 00:52:49,141 INFO o.a.j.t.JMeterThread: Thread started: Thread Group 1-62
2026-03-10 00:52:49,151 INFO o.a.j.t.JMeterThread: Thread started: Thread Group 1-63
2026-03-10 00:52:49,161 INFO o.a.j.t.JMeterThread: Thread started: Thread Group 1-64
2026-03-10 00:52:49,173 INFO o.a.j.t.JMeterThread: Thread started: Thread Group 1-65
2026-03-10 00:52:49,179 INFO o.a.j.t.JMeterThread: Thread started: Thread Group 1-66
2026-03-10 00:52:49,194 INFO o.a.j.t.JMeterThread: Thread started: Thread Group 1-67
2026-03-10 00:52:49,204 INFO o.a.j.t.JMeterThread: Thread started: Thread Group 1-68
2026-03-10 00:52:49,212 INFO o.a.j.t.JMeterThread: Thread started: Thread Group 1-69
2026-03-10 00:52:49,225 INFO o.a.j.t.JMeterThread: Thread started: Thread Group 1-70
2026-03-10 00:52:49,235 INFO o.a.j.t.JMeterThread: Thread started: Thread Group 1-71
2026-03-10 00:52:49,241 INFO o.a.j.t.JMeterThread: Thread started: Thread Group 1-72
2026-03-10 00:52:49,250 INFO o.a.j.t.JMeterThread: Thread started: Thread Group 1-73
2026-03-10 00:52:49,264 INFO o.a.j.t.JMeterThread: Thread started: Thread Group 1-74
2026-03-10 00:52:49,272 INFO o.a.j.t.JMeterThread: Thread started: Thread Group 1-75
2026-03-10 00:52:49,285 INFO o.a.j.t.JMeterThread: Thread started: Thread Group 1-76
2026-03-10 00:52:49,289 INFO o.a.j.t.JMeterThread: Thread started: Thread Group 1-77
2026-03-10 00:52:49,299 INFO o.a.j.t.JMeterThread: Thread started: Thread Group 1-78
2026-03-10 00:52:49,313 INFO o.a.j.t.JMeterThread: Thread started: Thread Group 1-79
2026-03-10 00:52:49,320 INFO o.a.j.t.JMeterThread: Thread started: Thread Group 1-80
2026-03-10 00:52:49,334 INFO o.a.j.t.JMeterThread: Thread started: Thread Group 1-81
2026-03-10 00:52:49,345 INFO o.a.j.t.JMeterThread: Thread started: Thread Group 1-82
2026-03-10 00:52:49,354 INFO o.a.j.t.JMeterThread: Thread started: Thread Group 1-83
2026-03-10 00:52:49,362 INFO o.a.j.t.JMeterThread: Thread started: Thread Group 1-84
2026-03-10 00:52:49,372 INFO o.a.j.t.JMeterThread: Thread started: Thread Group 1-85
2026-03-10 00:52:49,384 INFO o.a.j.t.JMeterThread: Thread started: Thread Group 1-86
2026-03-10 00:52:49,394 INFO o.a.j.t.JMeterThread: Thread started: Thread Group 1-87
2026-03-10 00:52:49,403 INFO o.a.j.t.JMeterThread: Thread started: Thread Group 1-88
2026-03-10 00:52:49,411 INFO o.a.j.t.JMeterThread: Thread started: Thread Group 1-89
2026-03-10 00:52:49,424 INFO o.a.j.t.JMeterThread: Thread started: Thread Group 1-90
2026-03-10 00:52:49,432 INFO o.a.j.t.JMeterThread: Thread started: Thread Group 1-91
2026-03-10 00:52:49,439 INFO o.a.j.t.JMeterThread: Thread started: Thread Group 1-92
2026-03-10 00:52:49,453 INFO o.a.j.t.JMeterThread: Thread started: Thread Group 1-93
2026-03-10 00:52:49,462 INFO o.a.j.t.JMeterThread: Thread started: Thread Group 1-94
2026-03-10 00:52:49,473 INFO o.a.j.t.JMeterThread: Thread started: Thread Group 1-95
2026-03-10 00:52:49,480 INFO o.a.j.t.JMeterThread: Thread started: Thread Group 1-96
2026-03-10 00:52:49,491 INFO o.a.j.t.JMeterThread: Thread started: Thread Group 1-97
2026-03-10 00:52:49,505 INFO o.a.j.t.JMeterThread: Thread started: Thread Group 1-98
2026-03-10 00:52:49,515 INFO o.a.j.t.JMeterThread: Thread started: Thread Group 1-99
2026-03-10 00:52:49,524 INFO o.a.j.t.JMeterThread: Thread started: Thread Group 1-100
2026-03-10 00:52:51,931 INFO o.a.j.t.JMeterThread: Stop Thread seen for thread Thread Group 1-36, reason: org.apache.jorphan.util.JMeterStopThreadException: End of file:/Users/gimhuiheon/Documents/study/java-multi-threading/resources/throughput/search_words.csv detected for CSV DataSet:CSV Data Set Config configured with stopThread:true, recycle:false
2026-03-10 00:52:51,931 INFO o.a.j.t.JMeterThread: Thread finished: Thread Group 1-36
2026-03-10 00:52:51,932 INFO o.a.j.t.JMeterThread: Stop Thread seen for thread Thread Group 1-93, reason: org.apache.jorphan.util.JMeterStopThreadException: End of file:/Users/gimhuiheon/Documents/study/java-multi-threading/resources/throughput/search_words.csv detected for CSV DataSet:CSV Data Set Config configured with stopThread:true, recycle:false
2026-03-10 00:52:51,932 INFO o.a.j.t.JMeterThread: Thread finished: Thread Group 1-93
2026-03-10 00:52:51,934 INFO o.a.j.t.JMeterThread: Stop Thread seen for thread Thread Group 1-12, reason: org.apache.jorphan.util.JMeterStopThreadException: End of file:/Users/gimhuiheon/Documents/study/java-multi-threading/resources/throughput/search_words.csv detected for CSV DataSet:CSV Data Set Config configured with stopThread:true, recycle:false
2026-03-10 00:52:51,934 INFO o.a.j.t.JMeterThread: Thread finished: Thread Group 1-12
2026-03-10 00:52:51,935 INFO o.a.j.t.JMeterThread: Stop Thread seen for thread Thread Group 1-31, reason: org.apache.jorphan.util.JMeterStopThreadException: End of file:/Users/gimhuiheon/Documents/study/java-multi-threading/resources/throughput/search_words.csv detected for CSV DataSet:CSV Data Set Config configured with stopThread:true, recycle:false
2026-03-10 00:52:51,935 INFO o.a.j.t.JMeterThread: Thread finished: Thread Group 1-31
2026-03-10 00:52:51,937 INFO o.a.j.t.JMeterThread: Stop Thread seen for thread Thread Group 1-54, reason: org.apache.jorphan.util.JMeterStopThreadException: End of file:/Users/gimhuiheon/Documents/study/java-multi-threading/resources/throughput/search_words.csv detected for CSV DataSet:CSV Data Set Config configured with stopThread:true, recycle:false
2026-03-10 00:52:51,937 INFO o.a.j.t.JMeterThread: Thread finished: Thread Group 1-54
2026-03-10 00:52:51,938 INFO o.a.j.t.JMeterThread: Stop Thread seen for thread Thread Group 1-83, reason: org.apache.jorphan.util.JMeterStopThreadException: End of file:/Users/gimhuiheon/Documents/study/java-multi-threading/resources/throughput/search_words.csv detected for CSV DataSet:CSV Data Set Config configured with stopThread:true, recycle:false
2026-03-10 00:52:51,938 INFO o.a.j.t.JMeterThread: Thread finished: Thread Group 1-83
2026-03-10 00:52:51,940 INFO o.a.j.t.JMeterThread: Stop Thread seen for thread Thread Group 1-94, reason: org.apache.jorphan.util.JMeterStopThreadException: End of file:/Users/gimhuiheon/Documents/study/java-multi-threading/resources/throughput/search_words.csv detected for CSV DataSet:CSV Data Set Config configured with stopThread:true, recycle:false
2026-03-10 00:52:51,940 INFO o.a.j.t.JMeterThread: Thread finished: Thread Group 1-94
2026-03-10 00:52:51,941 INFO o.a.j.t.JMeterThread: Stop Thread seen for thread Thread Group 1-37, reason: org.apache.jorphan.util.JMeterStopThreadException: End of file:/Users/gimhuiheon/Documents/study/java-multi-threading/resources/throughput/search_words.csv detected for CSV DataSet:CSV Data Set Config configured with stopThread:true, recycle:false
2026-03-10 00:52:51,941 INFO o.a.j.t.JMeterThread: Thread finished: Thread Group 1-37
2026-03-10 00:52:51,943 INFO o.a.j.t.JMeterThread: Stop Thread seen for thread Thread Group 1-25, reason: org.apache.jorphan.util.JMeterStopThreadException: End of file:/Users/gimhuiheon/Documents/study/java-multi-threading/resources/throughput/search_words.csv detected for CSV DataSet:CSV Data Set Config configured with stopThread:true, recycle:false
2026-03-10 00:52:51,943 INFO o.a.j.t.JMeterThread: Thread finished: Thread Group 1-25
2026-03-10 00:52:51,944 INFO o.a.j.t.JMeterThread: Stop Thread seen for thread Thread Group 1-95, reason: org.apache.jorphan.util.JMeterStopThreadException: End of file:/Users/gimhuiheon/Documents/study/java-multi-threading/resources/throughput/search_words.csv detected for CSV DataSet:CSV Data Set Config configured with stopThread:true, recycle:false
2026-03-10 00:52:51,944 INFO o.a.j.t.JMeterThread: Thread finished: Thread Group 1-95
2026-03-10 00:52:51,946 INFO o.a.j.t.JMeterThread: Stop Thread seen for thread Thread Group 1-46, reason: org.apache.jorphan.util.JMeterStopThreadException: End of file:/Users/gimhuiheon/Documents/study/java-multi-threading/resources/throughput/search_words.csv detected for CSV DataSet:CSV Data Set Config configured with stopThread:true, recycle:false
2026-03-10 00:52:51,946 INFO o.a.j.t.JMeterThread: Thread finished: Thread Group 1-46
2026-03-10 00:52:51,947 INFO o.a.j.t.JMeterThread: Stop Thread seen for thread Thread Group 1-17, reason: org.apache.jorphan.util.JMeterStopThreadException: End of file:/Users/gimhuiheon/Documents/study/java-multi-threading/resources/throughput/search_words.csv detected for CSV DataSet:CSV Data Set Config configured with stopThread:true, recycle:false
2026-03-10 00:52:51,947 INFO o.a.j.t.JMeterThread: Thread finished: Thread Group 1-17
2026-03-10 00:52:51,950 INFO o.a.j.t.JMeterThread: Stop Thread seen for thread Thread Group 1-96, reason: org.apache.jorphan.util.JMeterStopThreadException: End of file:/Users/gimhuiheon/Documents/study/java-multi-threading/resources/throughput/search_words.csv detected for CSV DataSet:CSV Data Set Config configured with stopThread:true, recycle:false
2026-03-10 00:52:51,950 INFO o.a.j.t.JMeterThread: Thread finished: Thread Group 1-96
2026-03-10 00:52:51,951 INFO o.a.j.t.JMeterThread: Stop Thread seen for thread Thread Group 1-28, reason: org.apache.jorphan.util.JMeterStopThreadException: End of file:/Users/gimhuiheon/Documents/study/java-multi-threading/resources/throughput/search_words.csv detected for CSV DataSet:CSV Data Set Config configured with stopThread:true, recycle:false
2026-03-10 00:52:51,951 INFO o.a.j.t.JMeterThread: Thread finished: Thread Group 1-28
2026-03-10 00:52:51,953 INFO o.a.j.t.JMeterThread: Stop Thread seen for thread Thread Group 1-76, reason: org.apache.jorphan.util.JMeterStopThreadException: End of file:/Users/gimhuiheon/Documents/study/java-multi-threading/resources/throughput/search_words.csv detected for CSV DataSet:CSV Data Set Config configured with stopThread:true, recycle:false
2026-03-10 00:52:51,953 INFO o.a.j.t.JMeterThread: Thread finished: Thread Group 1-76
2026-03-10 00:52:51,954 INFO o.a.j.t.JMeterThread: Stop Thread seen for thread Thread Group 1-66, reason: org.apache.jorphan.util.JMeterStopThreadException: End of file:/Users/gimhuiheon/Documents/study/java-multi-threading/resources/throughput/search_words.csv detected for CSV DataSet:CSV Data Set Config configured with stopThread:true, recycle:false
2026-03-10 00:52:51,954 INFO o.a.j.t.JMeterThread: Thread finished: Thread Group 1-66
2026-03-10 00:52:51,956 INFO o.a.j.t.JMeterThread: Stop Thread seen for thread Thread Group 1-60, reason: org.apache.jorphan.util.JMeterStopThreadException: End of file:/Users/gimhuiheon/Documents/study/java-multi-threading/resources/throughput/search_words.csv detected for CSV DataSet:CSV Data Set Config configured with stopThread:true, recycle:false
2026-03-10 00:52:51,956 INFO o.a.j.t.JMeterThread: Stop Thread seen for thread Thread Group 1-23, reason: org.apache.jorphan.util.JMeterStopThreadException: End of file:/Users/gimhuiheon/Documents/study/java-multi-threading/resources/throughput/search_words.csv detected for CSV DataSet:CSV Data Set Config configured with stopThread:true, recycle:false
2026-03-10 00:52:51,956 INFO o.a.j.t.JMeterThread: Thread finished: Thread Group 1-23
2026-03-10 00:52:51,956 INFO o.a.j.t.JMeterThread: Thread finished: Thread Group 1-60
2026-03-10 00:52:51,959 INFO o.a.j.t.JMeterThread: Stop Thread seen for thread Thread Group 1-85, reason: org.apache.jorphan.util.JMeterStopThreadException: End of file:/Users/gimhuiheon/Documents/study/java-multi-threading/resources/throughput/search_words.csv detected for CSV DataSet:CSV Data Set Config configured with stopThread:true, recycle:false
2026-03-10 00:52:51,959 INFO o.a.j.t.JMeterThread: Thread finished: Thread Group 1-85
2026-03-10 00:52:51,959 INFO o.a.j.t.JMeterThread: Stop Thread seen for thread Thread Group 1-59, reason: org.apache.jorphan.util.JMeterStopThreadException: End of file:/Users/gimhuiheon/Documents/study/java-multi-threading/resources/throughput/search_words.csv detected for CSV DataSet:CSV Data Set Config configured with stopThread:true, recycle:false
2026-03-10 00:52:51,959 INFO o.a.j.t.JMeterThread: Thread finished: Thread Group 1-59
2026-03-10 00:52:51,962 INFO o.a.j.t.JMeterThread: Stop Thread seen for thread Thread Group 1-9, reason: org.apache.jorphan.util.JMeterStopThreadException: End of file:/Users/gimhuiheon/Documents/study/java-multi-threading/resources/throughput/search_words.csv detected for CSV DataSet:CSV Data Set Config configured with stopThread:true, recycle:false
2026-03-10 00:52:51,962 INFO o.a.j.t.JMeterThread: Thread finished: Thread Group 1-9
2026-03-10 00:52:51,962 INFO o.a.j.t.JMeterThread: Stop Thread seen for thread Thread Group 1-41, reason: org.apache.jorphan.util.JMeterStopThreadException: End of file:/Users/gimhuiheon/Documents/study/java-multi-threading/resources/throughput/search_words.csv detected for CSV DataSet:CSV Data Set Config configured with stopThread:true, recycle:false
2026-03-10 00:52:51,962 INFO o.a.j.t.JMeterThread: Thread finished: Thread Group 1-41
2026-03-10 00:52:51,964 INFO o.a.j.t.JMeterThread: Stop Thread seen for thread Thread Group 1-84, reason: org.apache.jorphan.util.JMeterStopThreadException: End of file:/Users/gimhuiheon/Documents/study/java-multi-threading/resources/throughput/search_words.csv detected for CSV DataSet:CSV Data Set Config configured with stopThread:true, recycle:false
2026-03-10 00:52:51,964 INFO o.a.j.t.JMeterThread: Thread finished: Thread Group 1-84
2026-03-10 00:52:51,965 INFO o.a.j.t.JMeterThread: Stop Thread seen for thread Thread Group 1-75, reason: org.apache.jorphan.util.JMeterStopThreadException: End of file:/Users/gimhuiheon/Documents/study/java-multi-threading/resources/throughput/search_words.csv detected for CSV DataSet:CSV Data Set Config configured with stopThread:true, recycle:false
2026-03-10 00:52:51,965 INFO o.a.j.t.JMeterThread: Thread finished: Thread Group 1-75
2026-03-10 00:52:51,967 INFO o.a.j.t.JMeterThread: Stop Thread seen for thread Thread Group 1-53, reason: org.apache.jorphan.util.JMeterStopThreadException: End of file:/Users/gimhuiheon/Documents/study/java-multi-threading/resources/throughput/search_words.csv detected for CSV DataSet:CSV Data Set Config configured with stopThread:true, recycle:false
2026-03-10 00:52:51,967 INFO o.a.j.t.JMeterThread: Thread finished: Thread Group 1-53
2026-03-10 00:52:51,968 INFO o.a.j.t.JMeterThread: Stop Thread seen for thread Thread Group 1-67, reason: org.apache.jorphan.util.JMeterStopThreadException: End of file:/Users/gimhuiheon/Documents/study/java-multi-threading/resources/throughput/search_words.csv detected for CSV DataSet:CSV Data Set Config configured with stopThread:true, recycle:false
2026-03-10 00:52:51,968 INFO o.a.j.t.JMeterThread: Thread finished: Thread Group 1-67
2026-03-10 00:52:51,970 INFO o.a.j.t.JMeterThread: Stop Thread seen for thread Thread Group 1-33, reason: org.apache.jorphan.util.JMeterStopThreadException: End of file:/Users/gimhuiheon/Documents/study/java-multi-threading/resources/throughput/search_words.csv detected for CSV DataSet:CSV Data Set Config configured with stopThread:true, recycle:false
2026-03-10 00:52:51,970 INFO o.a.j.t.JMeterThread: Thread finished: Thread Group 1-33
2026-03-10 00:52:51,971 INFO o.a.j.t.JMeterThread: Stop Thread seen for thread Thread Group 1-47, reason: org.apache.jorphan.util.JMeterStopThreadException: End of file:/Users/gimhuiheon/Documents/study/java-multi-threading/resources/throughput/search_words.csv detected for CSV DataSet:CSV Data Set Config configured with stopThread:true, recycle:false
2026-03-10 00:52:51,971 INFO o.a.j.t.JMeterThread: Thread finished: Thread Group 1-47
2026-03-10 00:52:51,974 INFO o.a.j.t.JMeterThread: Stop Thread seen for thread Thread Group 1-77, reason: org.apache.jorphan.util.JMeterStopThreadException: End of file:/Users/gimhuiheon/Documents/study/java-multi-threading/resources/throughput/search_words.csv detected for CSV DataSet:CSV Data Set Config configured with stopThread:true, recycle:false
2026-03-10 00:52:51,974 INFO o.a.j.t.JMeterThread: Thread finished: Thread Group 1-77
2026-03-10 00:52:51,974 INFO o.a.j.t.JMeterThread: Stop Thread seen for thread Thread Group 1-2, reason: org.apache.jorphan.util.JMeterStopThreadException: End of file:/Users/gimhuiheon/Documents/study/java-multi-threading/resources/throughput/search_words.csv detected for CSV DataSet:CSV Data Set Config configured with stopThread:true, recycle:false
2026-03-10 00:52:51,974 INFO o.a.j.t.JMeterThread: Thread finished: Thread Group 1-2
2026-03-10 00:52:51,976 INFO o.a.j.t.JMeterThread: Stop Thread seen for thread Thread Group 1-32, reason: org.apache.jorphan.util.JMeterStopThreadException: End of file:/Users/gimhuiheon/Documents/study/java-multi-threading/resources/throughput/search_words.csv detected for CSV DataSet:CSV Data Set Config configured with stopThread:true, recycle:false
2026-03-10 00:52:51,976 INFO o.a.j.t.JMeterThread: Thread finished: Thread Group 1-32
2026-03-10 00:52:51,977 INFO o.a.j.t.JMeterThread: Stop Thread seen for thread Thread Group 1-97, reason: org.apache.jorphan.util.JMeterStopThreadException: End of file:/Users/gimhuiheon/Documents/study/java-multi-threading/resources/throughput/search_words.csv detected for CSV DataSet:CSV Data Set Config configured with stopThread:true, recycle:false
2026-03-10 00:52:51,977 INFO o.a.j.t.JMeterThread: Thread finished: Thread Group 1-97
2026-03-10 00:52:51,979 INFO o.a.j.t.JMeterThread: Stop Thread seen for thread Thread Group 1-61, reason: org.apache.jorphan.util.JMeterStopThreadException: End of file:/Users/gimhuiheon/Documents/study/java-multi-threading/resources/throughput/search_words.csv detected for CSV DataSet:CSV Data Set Config configured with stopThread:true, recycle:false
2026-03-10 00:52:51,979 INFO o.a.j.t.JMeterThread: Thread finished: Thread Group 1-61
2026-03-10 00:52:51,979 INFO o.a.j.t.JMeterThread: Stop Thread seen for thread Thread Group 1-86, reason: org.apache.jorphan.util.JMeterStopThreadException: End of file:/Users/gimhuiheon/Documents/study/java-multi-threading/resources/throughput/search_words.csv detected for CSV DataSet:CSV Data Set Config configured with stopThread:true, recycle:false
2026-03-10 00:52:51,979 INFO o.a.j.t.JMeterThread: Thread finished: Thread Group 1-86
2026-03-10 00:52:51,982 INFO o.a.j.t.JMeterThread: Stop Thread seen for thread Thread Group 1-11, reason: org.apache.jorphan.util.JMeterStopThreadException: End of file:/Users/gimhuiheon/Documents/study/java-multi-threading/resources/throughput/search_words.csv detected for CSV DataSet:CSV Data Set Config configured with stopThread:true, recycle:false
2026-03-10 00:52:51,982 INFO o.a.j.t.JMeterThread: Thread finished: Thread Group 1-11
2026-03-10 00:52:51,982 INFO o.a.j.t.JMeterThread: Stop Thread seen for thread Thread Group 1-42, reason: org.apache.jorphan.util.JMeterStopThreadException: End of file:/Users/gimhuiheon/Documents/study/java-multi-threading/resources/throughput/search_words.csv detected for CSV DataSet:CSV Data Set Config configured with stopThread:true, recycle:false
2026-03-10 00:52:51,982 INFO o.a.j.t.JMeterThread: Thread finished: Thread Group 1-42
2026-03-10 00:52:51,985 INFO o.a.j.t.JMeterThread: Stop Thread seen for thread Thread Group 1-26, reason: org.apache.jorphan.util.JMeterStopThreadException: End of file:/Users/gimhuiheon/Documents/study/java-multi-threading/resources/throughput/search_words.csv detected for CSV DataSet:CSV Data Set Config configured with stopThread:true, recycle:false
2026-03-10 00:52:51,985 INFO o.a.j.t.JMeterThread: Thread finished: Thread Group 1-26
2026-03-10 00:52:51,986 INFO o.a.j.t.JMeterThread: Stop Thread seen for thread Thread Group 1-68, reason: org.apache.jorphan.util.JMeterStopThreadException: End of file:/Users/gimhuiheon/Documents/study/java-multi-threading/resources/throughput/search_words.csv detected for CSV DataSet:CSV Data Set Config configured with stopThread:true, recycle:false
2026-03-10 00:52:51,986 INFO o.a.j.t.JMeterThread: Thread finished: Thread Group 1-68
2026-03-10 00:52:51,989 INFO o.a.j.t.JMeterThread: Stop Thread seen for thread Thread Group 1-55, reason: org.apache.jorphan.util.JMeterStopThreadException: End of file:/Users/gimhuiheon/Documents/study/java-multi-threading/resources/throughput/search_words.csv detected for CSV DataSet:CSV Data Set Config configured with stopThread:true, recycle:false
2026-03-10 00:52:51,989 INFO o.a.j.t.JMeterThread: Thread finished: Thread Group 1-55
2026-03-10 00:52:51,989 INFO o.a.j.t.JMeterThread: Stop Thread seen for thread Thread Group 1-34, reason: org.apache.jorphan.util.JMeterStopThreadException: End of file:/Users/gimhuiheon/Documents/study/java-multi-threading/resources/throughput/search_words.csv detected for CSV DataSet:CSV Data Set Config configured with stopThread:true, recycle:false
2026-03-10 00:52:51,989 INFO o.a.j.t.JMeterThread: Thread finished: Thread Group 1-34
2026-03-10 00:52:51,991 INFO o.a.j.t.JMeterThread: Stop Thread seen for thread Thread Group 1-87, reason: org.apache.jorphan.util.JMeterStopThreadException: End of file:/Users/gimhuiheon/Documents/study/java-multi-threading/resources/throughput/search_words.csv detected for CSV DataSet:CSV Data Set Config configured with stopThread:true, recycle:false
2026-03-10 00:52:51,992 INFO o.a.j.t.JMeterThread: Thread finished: Thread Group 1-87
2026-03-10 00:52:51,993 INFO o.a.j.t.JMeterThread: Stop Thread seen for thread Thread Group 1-98, reason: org.apache.jorphan.util.JMeterStopThreadException: End of file:/Users/gimhuiheon/Documents/study/java-multi-threading/resources/throughput/search_words.csv detected for CSV DataSet:CSV Data Set Config configured with stopThread:true, recycle:false
2026-03-10 00:52:51,993 INFO o.a.j.t.JMeterThread: Thread finished: Thread Group 1-98
2026-03-10 00:52:51,995 INFO o.a.j.t.JMeterThread: Stop Thread seen for thread Thread Group 1-24, reason: org.apache.jorphan.util.JMeterStopThreadException: End of file:/Users/gimhuiheon/Documents/study/java-multi-threading/resources/throughput/search_words.csv detected for CSV DataSet:CSV Data Set Config configured with stopThread:true, recycle:false
2026-03-10 00:52:51,995 INFO o.a.j.t.JMeterThread: Thread finished: Thread Group 1-24
2026-03-10 00:52:51,997 INFO o.a.j.t.JMeterThread: Stop Thread seen for thread Thread Group 1-48, reason: org.apache.jorphan.util.JMeterStopThreadException: End of file:/Users/gimhuiheon/Documents/study/java-multi-threading/resources/throughput/search_words.csv detected for CSV DataSet:CSV Data Set Config configured with stopThread:true, recycle:false
2026-03-10 00:52:51,997 INFO o.a.j.t.JMeterThread: Thread finished: Thread Group 1-48
2026-03-10 00:52:51,999 INFO o.a.j.t.JMeterThread: Stop Thread seen for thread Thread Group 1-7, reason: org.apache.jorphan.util.JMeterStopThreadException: End of file:/Users/gimhuiheon/Documents/study/java-multi-threading/resources/throughput/search_words.csv detected for CSV DataSet:CSV Data Set Config configured with stopThread:true, recycle:false
2026-03-10 00:52:51,999 INFO o.a.j.t.JMeterThread: Thread finished: Thread Group 1-7
2026-03-10 00:52:52,000 INFO o.a.j.t.JMeterThread: Stop Thread seen for thread Thread Group 1-69, reason: org.apache.jorphan.util.JMeterStopThreadException: End of file:/Users/gimhuiheon/Documents/study/java-multi-threading/resources/throughput/search_words.csv detected for CSV DataSet:CSV Data Set Config configured with stopThread:true, recycle:false
2026-03-10 00:52:52,000 INFO o.a.j.t.JMeterThread: Thread finished: Thread Group 1-69
2026-03-10 00:52:52,003 INFO o.a.j.t.JMeterThread: Stop Thread seen for thread Thread Group 1-78, reason: org.apache.jorphan.util.JMeterStopThreadException: End of file:/Users/gimhuiheon/Documents/study/java-multi-threading/resources/throughput/search_words.csv detected for CSV DataSet:CSV Data Set Config configured with stopThread:true, recycle:false
2026-03-10 00:52:52,003 INFO o.a.j.t.JMeterThread: Thread finished: Thread Group 1-78
2026-03-10 00:52:52,004 INFO o.a.j.t.JMeterThread: Stop Thread seen for thread Thread Group 1-70, reason: org.apache.jorphan.util.JMeterStopThreadException: End of file:/Users/gimhuiheon/Documents/study/java-multi-threading/resources/throughput/search_words.csv detected for CSV DataSet:CSV Data Set Config configured with stopThread:true, recycle:false
2026-03-10 00:52:52,004 INFO o.a.j.t.JMeterThread: Thread finished: Thread Group 1-70
2026-03-10 00:52:52,007 INFO o.a.j.t.JMeterThread: Stop Thread seen for thread Thread Group 1-62, reason: org.apache.jorphan.util.JMeterStopThreadException: End of file:/Users/gimhuiheon/Documents/study/java-multi-threading/resources/throughput/search_words.csv detected for CSV DataSet:CSV Data Set Config configured with stopThread:true, recycle:false
2026-03-10 00:52:52,007 INFO o.a.j.t.JMeterThread: Thread finished: Thread Group 1-62
2026-03-10 00:52:52,008 INFO o.a.j.t.JMeterThread: Stop Thread seen for thread Thread Group 1-14, reason: org.apache.jorphan.util.JMeterStopThreadException: End of file:/Users/gimhuiheon/Documents/study/java-multi-threading/resources/throughput/search_words.csv detected for CSV DataSet:CSV Data Set Config configured with stopThread:true, recycle:false
2026-03-10 00:52:52,008 INFO o.a.j.t.JMeterThread: Thread finished: Thread Group 1-14
2026-03-10 00:52:52,010 INFO o.a.j.t.JMeterThread: Stop Thread seen for thread Thread Group 1-49, reason: org.apache.jorphan.util.JMeterStopThreadException: End of file:/Users/gimhuiheon/Documents/study/java-multi-threading/resources/throughput/search_words.csv detected for CSV DataSet:CSV Data Set Config configured with stopThread:true, recycle:false
2026-03-10 00:52:52,010 INFO o.a.j.t.JMeterThread: Thread finished: Thread Group 1-49
2026-03-10 00:52:52,011 INFO o.a.j.t.JMeterThread: Stop Thread seen for thread Thread Group 1-99, reason: org.apache.jorphan.util.JMeterStopThreadException: End of file:/Users/gimhuiheon/Documents/study/java-multi-threading/resources/throughput/search_words.csv detected for CSV DataSet:CSV Data Set Config configured with stopThread:true, recycle:false
2026-03-10 00:52:52,011 INFO o.a.j.t.JMeterThread: Thread finished: Thread Group 1-99
2026-03-10 00:52:52,014 INFO o.a.j.t.JMeterThread: Stop Thread seen for thread Thread Group 1-88, reason: org.apache.jorphan.util.JMeterStopThreadException: End of file:/Users/gimhuiheon/Documents/study/java-multi-threading/resources/throughput/search_words.csv detected for CSV DataSet:CSV Data Set Config configured with stopThread:true, recycle:false
2026-03-10 00:52:52,014 INFO o.a.j.t.JMeterThread: Thread finished: Thread Group 1-88
2026-03-10 00:52:52,015 INFO o.a.j.t.JMeterThread: Stop Thread seen for thread Thread Group 1-3, reason: org.apache.jorphan.util.JMeterStopThreadException: End of file:/Users/gimhuiheon/Documents/study/java-multi-threading/resources/throughput/search_words.csv detected for CSV DataSet:CSV Data Set Config configured with stopThread:true, recycle:false
2026-03-10 00:52:52,015 INFO o.a.j.t.JMeterThread: Thread finished: Thread Group 1-3
2026-03-10 00:52:52,018 INFO o.a.j.t.JMeterThread: Stop Thread seen for thread Thread Group 1-50, reason: org.apache.jorphan.util.JMeterStopThreadException: End of file:/Users/gimhuiheon/Documents/study/java-multi-threading/resources/throughput/search_words.csv detected for CSV DataSet:CSV Data Set Config configured with stopThread:true, recycle:false
2026-03-10 00:52:52,018 INFO o.a.j.t.JMeterThread: Thread finished: Thread Group 1-50
2026-03-10 00:52:52,019 INFO o.a.j.t.JMeterThread: Stop Thread seen for thread Thread Group 1-30, reason: org.apache.jorphan.util.JMeterStopThreadException: End of file:/Users/gimhuiheon/Documents/study/java-multi-threading/resources/throughput/search_words.csv detected for CSV DataSet:CSV Data Set Config configured with stopThread:true, recycle:false
2026-03-10 00:52:52,019 INFO o.a.j.t.JMeterThread: Thread finished: Thread Group 1-30
2026-03-10 00:52:52,021 INFO o.a.j.t.JMeterThread: Stop Thread seen for thread Thread Group 1-90, reason: org.apache.jorphan.util.JMeterStopThreadException: End of file:/Users/gimhuiheon/Documents/study/java-multi-threading/resources/throughput/search_words.csv detected for CSV DataSet:CSV Data Set Config configured with stopThread:true, recycle:false
2026-03-10 00:52:52,021 INFO o.a.j.t.JMeterThread: Thread finished: Thread Group 1-90
2026-03-10 00:52:52,023 INFO o.a.j.t.JMeterThread: Stop Thread seen for thread Thread Group 1-29, reason: org.apache.jorphan.util.JMeterStopThreadException: End of file:/Users/gimhuiheon/Documents/study/java-multi-threading/resources/throughput/search_words.csv detected for CSV DataSet:CSV Data Set Config configured with stopThread:true, recycle:false
2026-03-10 00:52:52,023 INFO o.a.j.t.JMeterThread: Thread finished: Thread Group 1-29
2026-03-10 00:52:52,025 INFO o.a.j.t.JMeterThread: Stop Thread seen for thread Thread Group 1-79, reason: org.apache.jorphan.util.JMeterStopThreadException: End of file:/Users/gimhuiheon/Documents/study/java-multi-threading/resources/throughput/search_words.csv detected for CSV DataSet:CSV Data Set Config configured with stopThread:true, recycle:false
2026-03-10 00:52:52,025 INFO o.a.j.t.JMeterThread: Thread finished: Thread Group 1-79
2026-03-10 00:52:52,025 INFO o.a.j.t.JMeterThread: Stop Thread seen for thread Thread Group 1-27, reason: org.apache.jorphan.util.JMeterStopThreadException: End of file:/Users/gimhuiheon/Documents/study/java-multi-threading/resources/throughput/search_words.csv detected for CSV DataSet:CSV Data Set Config configured with stopThread:true, recycle:false
2026-03-10 00:52:52,025 INFO o.a.j.t.JMeterThread: Thread finished: Thread Group 1-27
2026-03-10 00:52:52,029 INFO o.a.j.t.JMeterThread: Stop Thread seen for thread Thread Group 1-89, reason: org.apache.jorphan.util.JMeterStopThreadException: End of file:/Users/gimhuiheon/Documents/study/java-multi-threading/resources/throughput/search_words.csv detected for CSV DataSet:CSV Data Set Config configured with stopThread:true, recycle:false
2026-03-10 00:52:52,029 INFO o.a.j.t.JMeterThread: Thread finished: Thread Group 1-89
2026-03-10 00:52:52,029 INFO o.a.j.t.JMeterThread: Stop Thread seen for thread Thread Group 1-91, reason: org.apache.jorphan.util.JMeterStopThreadException: End of file:/Users/gimhuiheon/Documents/study/java-multi-threading/resources/throughput/search_words.csv detected for CSV DataSet:CSV Data Set Config configured with stopThread:true, recycle:false
2026-03-10 00:52:52,029 INFO o.a.j.t.JMeterThread: Thread finished: Thread Group 1-91
2026-03-10 00:52:52,032 INFO o.a.j.t.JMeterThread: Stop Thread seen for thread Thread Group 1-21, reason: org.apache.jorphan.util.JMeterStopThreadException: End of file:/Users/gimhuiheon/Documents/study/java-multi-threading/resources/throughput/search_words.csv detected for CSV DataSet:CSV Data Set Config configured with stopThread:true, recycle:false
2026-03-10 00:52:52,032 INFO o.a.j.t.JMeterThread: Thread finished: Thread Group 1-21
2026-03-10 00:52:52,032 INFO o.a.j.t.JMeterThread: Stop Thread seen for thread Thread Group 1-43, reason: org.apache.jorphan.util.JMeterStopThreadException: End of file:/Users/gimhuiheon/Documents/study/java-multi-threading/resources/throughput/search_words.csv detected for CSV DataSet:CSV Data Set Config configured with stopThread:true, recycle:false
2026-03-10 00:52:52,032 INFO o.a.j.t.JMeterThread: Thread finished: Thread Group 1-43
2026-03-10 00:52:52,035 INFO o.a.j.t.JMeterThread: Stop Thread seen for thread Thread Group 1-15, reason: org.apache.jorphan.util.JMeterStopThreadException: End of file:/Users/gimhuiheon/Documents/study/java-multi-threading/resources/throughput/search_words.csv detected for CSV DataSet:CSV Data Set Config configured with stopThread:true, recycle:false
2026-03-10 00:52:52,035 INFO o.a.j.t.JMeterThread: Thread finished: Thread Group 1-15
2026-03-10 00:52:52,036 INFO o.a.j.t.JMeterThread: Stop Thread seen for thread Thread Group 1-56, reason: org.apache.jorphan.util.JMeterStopThreadException: End of file:/Users/gimhuiheon/Documents/study/java-multi-threading/resources/throughput/search_words.csv detected for CSV DataSet:CSV Data Set Config configured with stopThread:true, recycle:false
2026-03-10 00:52:52,036 INFO o.a.j.t.JMeterThread: Thread finished: Thread Group 1-56
2026-03-10 00:52:52,040 INFO o.a.j.t.JMeterThread: Stop Thread seen for thread Thread Group 1-100, reason: org.apache.jorphan.util.JMeterStopThreadException: End of file:/Users/gimhuiheon/Documents/study/java-multi-threading/resources/throughput/search_words.csv detected for CSV DataSet:CSV Data Set Config configured with stopThread:true, recycle:false
2026-03-10 00:52:52,040 INFO o.a.j.t.JMeterThread: Thread finished: Thread Group 1-100
2026-03-10 00:52:52,040 INFO o.a.j.t.JMeterThread: Stop Thread seen for thread Thread Group 1-13, reason: org.apache.jorphan.util.JMeterStopThreadException: End of file:/Users/gimhuiheon/Documents/study/java-multi-threading/resources/throughput/search_words.csv detected for CSV DataSet:CSV Data Set Config configured with stopThread:true, recycle:false
2026-03-10 00:52:52,040 INFO o.a.j.t.JMeterThread: Thread finished: Thread Group 1-13
2026-03-10 00:52:52,043 INFO o.a.j.t.JMeterThread: Stop Thread seen for thread Thread Group 1-57, reason: org.apache.jorphan.util.JMeterStopThreadException: End of file:/Users/gimhuiheon/Documents/study/java-multi-threading/resources/throughput/search_words.csv detected for CSV DataSet:CSV Data Set Config configured with stopThread:true, recycle:false
2026-03-10 00:52:52,043 INFO o.a.j.t.JMeterThread: Thread finished: Thread Group 1-57
2026-03-10 00:52:52,043 INFO o.a.j.t.JMeterThread: Stop Thread seen for thread Thread Group 1-10, reason: org.apache.jorphan.util.JMeterStopThreadException: End of file:/Users/gimhuiheon/Documents/study/java-multi-threading/resources/throughput/search_words.csv detected for CSV DataSet:CSV Data Set Config configured with stopThread:true, recycle:false
2026-03-10 00:52:52,043 INFO o.a.j.t.JMeterThread: Thread finished: Thread Group 1-10
2026-03-10 00:52:52,046 INFO o.a.j.t.JMeterThread: Stop Thread seen for thread Thread Group 1-35, reason: org.apache.jorphan.util.JMeterStopThreadException: End of file:/Users/gimhuiheon/Documents/study/java-multi-threading/resources/throughput/search_words.csv detected for CSV DataSet:CSV Data Set Config configured with stopThread:true, recycle:false
2026-03-10 00:52:52,046 INFO o.a.j.t.JMeterThread: Thread finished: Thread Group 1-35
2026-03-10 00:52:52,047 INFO o.a.j.t.JMeterThread: Stop Thread seen for thread Thread Group 1-44, reason: org.apache.jorphan.util.JMeterStopThreadException: End of file:/Users/gimhuiheon/Documents/study/java-multi-threading/resources/throughput/search_words.csv detected for CSV DataSet:CSV Data Set Config configured with stopThread:true, recycle:false
2026-03-10 00:52:52,047 INFO o.a.j.t.JMeterThread: Thread finished: Thread Group 1-44
2026-03-10 00:52:52,050 INFO o.a.j.t.JMeterThread: Stop Thread seen for thread Thread Group 1-72, reason: org.apache.jorphan.util.JMeterStopThreadException: End of file:/Users/gimhuiheon/Documents/study/java-multi-threading/resources/throughput/search_words.csv detected for CSV DataSet:CSV Data Set Config configured with stopThread:true, recycle:false
2026-03-10 00:52:52,050 INFO o.a.j.t.JMeterThread: Thread finished: Thread Group 1-72
2026-03-10 00:52:52,050 INFO o.a.j.t.JMeterThread: Stop Thread seen for thread Thread Group 1-6, reason: org.apache.jorphan.util.JMeterStopThreadException: End of file:/Users/gimhuiheon/Documents/study/java-multi-threading/resources/throughput/search_words.csv detected for CSV DataSet:CSV Data Set Config configured with stopThread:true, recycle:false
2026-03-10 00:52:52,050 INFO o.a.j.t.JMeterThread: Thread finished: Thread Group 1-6
2026-03-10 00:52:52,052 INFO o.a.j.t.JMeterThread: Stop Thread seen for thread Thread Group 1-71, reason: org.apache.jorphan.util.JMeterStopThreadException: End of file:/Users/gimhuiheon/Documents/study/java-multi-threading/resources/throughput/search_words.csv detected for CSV DataSet:CSV Data Set Config configured with stopThread:true, recycle:false
2026-03-10 00:52:52,052 INFO o.a.j.t.JMeterThread: Thread finished: Thread Group 1-71
2026-03-10 00:52:52,053 INFO o.a.j.t.JMeterThread: Stop Thread seen for thread Thread Group 1-38, reason: org.apache.jorphan.util.JMeterStopThreadException: End of file:/Users/gimhuiheon/Documents/study/java-multi-threading/resources/throughput/search_words.csv detected for CSV DataSet:CSV Data Set Config configured with stopThread:true, recycle:false
2026-03-10 00:52:52,053 INFO o.a.j.t.JMeterThread: Thread finished: Thread Group 1-38
2026-03-10 00:52:52,055 INFO o.a.j.t.JMeterThread: Stop Thread seen for thread Thread Group 1-80, reason: org.apache.jorphan.util.JMeterStopThreadException: End of file:/Users/gimhuiheon/Documents/study/java-multi-threading/resources/throughput/search_words.csv detected for CSV DataSet:CSV Data Set Config configured with stopThread:true, recycle:false
2026-03-10 00:52:52,055 INFO o.a.j.t.JMeterThread: Thread finished: Thread Group 1-80
2026-03-10 00:52:52,056 INFO o.a.j.t.JMeterThread: Stop Thread seen for thread Thread Group 1-63, reason: org.apache.jorphan.util.JMeterStopThreadException: End of file:/Users/gimhuiheon/Documents/study/java-multi-threading/resources/throughput/search_words.csv detected for CSV DataSet:CSV Data Set Config configured with stopThread:true, recycle:false
2026-03-10 00:52:52,056 INFO o.a.j.t.JMeterThread: Thread finished: Thread Group 1-63
2026-03-10 00:52:52,058 INFO o.a.j.t.JMeterThread: Stop Thread seen for thread Thread Group 1-16, reason: org.apache.jorphan.util.JMeterStopThreadException: End of file:/Users/gimhuiheon/Documents/study/java-multi-threading/resources/throughput/search_words.csv detected for CSV DataSet:CSV Data Set Config configured with stopThread:true, recycle:false
2026-03-10 00:52:52,058 INFO o.a.j.t.JMeterThread: Thread finished: Thread Group 1-16
2026-03-10 00:52:52,059 INFO o.a.j.t.JMeterThread: Stop Thread seen for thread Thread Group 1-8, reason: org.apache.jorphan.util.JMeterStopThreadException: End of file:/Users/gimhuiheon/Documents/study/java-multi-threading/resources/throughput/search_words.csv detected for CSV DataSet:CSV Data Set Config configured with stopThread:true, recycle:false
2026-03-10 00:52:52,059 INFO o.a.j.t.JMeterThread: Thread finished: Thread Group 1-8
2026-03-10 00:52:52,060 INFO o.a.j.t.JMeterThread: Stop Thread seen for thread Thread Group 1-39, reason: org.apache.jorphan.util.JMeterStopThreadException: End of file:/Users/gimhuiheon/Documents/study/java-multi-threading/resources/throughput/search_words.csv detected for CSV DataSet:CSV Data Set Config configured with stopThread:true, recycle:false
2026-03-10 00:52:52,060 INFO o.a.j.t.JMeterThread: Thread finished: Thread Group 1-39
2026-03-10 00:52:52,061 INFO o.a.j.t.JMeterThread: Stop Thread seen for thread Thread Group 1-64, reason: org.apache.jorphan.util.JMeterStopThreadException: End of file:/Users/gimhuiheon/Documents/study/java-multi-threading/resources/throughput/search_words.csv detected for CSV DataSet:CSV Data Set Config configured with stopThread:true, recycle:false
2026-03-10 00:52:52,061 INFO o.a.j.t.JMeterThread: Thread finished: Thread Group 1-64
2026-03-10 00:52:52,062 INFO o.a.j.t.JMeterThread: Stop Thread seen for thread Thread Group 1-40, reason: org.apache.jorphan.util.JMeterStopThreadException: End of file:/Users/gimhuiheon/Documents/study/java-multi-threading/resources/throughput/search_words.csv detected for CSV DataSet:CSV Data Set Config configured with stopThread:true, recycle:false
2026-03-10 00:52:52,062 INFO o.a.j.t.JMeterThread: Thread finished: Thread Group 1-40
2026-03-10 00:52:52,063 INFO o.a.j.t.JMeterThread: Stop Thread seen for thread Thread Group 1-18, reason: org.apache.jorphan.util.JMeterStopThreadException: End of file:/Users/gimhuiheon/Documents/study/java-multi-threading/resources/throughput/search_words.csv detected for CSV DataSet:CSV Data Set Config configured with stopThread:true, recycle:false
2026-03-10 00:52:52,063 INFO o.a.j.t.JMeterThread: Thread finished: Thread Group 1-18
2026-03-10 00:52:52,064 INFO o.a.j.t.JMeterThread: Stop Thread seen for thread Thread Group 1-92, reason: org.apache.jorphan.util.JMeterStopThreadException: End of file:/Users/gimhuiheon/Documents/study/java-multi-threading/resources/throughput/search_words.csv detected for CSV DataSet:CSV Data Set Config configured with stopThread:true, recycle:false
2026-03-10 00:52:52,065 INFO o.a.j.t.JMeterThread: Thread finished: Thread Group 1-92
2026-03-10 00:52:52,065 INFO o.a.j.t.JMeterThread: Stop Thread seen for thread Thread Group 1-51, reason: org.apache.jorphan.util.JMeterStopThreadException: End of file:/Users/gimhuiheon/Documents/study/java-multi-threading/resources/throughput/search_words.csv detected for CSV DataSet:CSV Data Set Config configured with stopThread:true, recycle:false
2026-03-10 00:52:52,065 INFO o.a.j.t.JMeterThread: Thread finished: Thread Group 1-51
2026-03-10 00:52:52,067 INFO o.a.j.t.JMeterThread: Stop Thread seen for thread Thread Group 1-81, reason: org.apache.jorphan.util.JMeterStopThreadException: End of file:/Users/gimhuiheon/Documents/study/java-multi-threading/resources/throughput/search_words.csv detected for CSV DataSet:CSV Data Set Config configured with stopThread:true, recycle:false
2026-03-10 00:52:52,067 INFO o.a.j.t.JMeterThread: Thread finished: Thread Group 1-81
2026-03-10 00:52:52,067 INFO o.a.j.t.JMeterThread: Stop Thread seen for thread Thread Group 1-1, reason: org.apache.jorphan.util.JMeterStopThreadException: End of file:/Users/gimhuiheon/Documents/study/java-multi-threading/resources/throughput/search_words.csv detected for CSV DataSet:CSV Data Set Config configured with stopThread:true, recycle:false
2026-03-10 00:52:52,067 INFO o.a.j.t.JMeterThread: Thread finished: Thread Group 1-1
2026-03-10 00:52:52,069 INFO o.a.j.t.JMeterThread: Stop Thread seen for thread Thread Group 1-73, reason: org.apache.jorphan.util.JMeterStopThreadException: End of file:/Users/gimhuiheon/Documents/study/java-multi-threading/resources/throughput/search_words.csv detected for CSV DataSet:CSV Data Set Config configured with stopThread:true, recycle:false
2026-03-10 00:52:52,069 INFO o.a.j.t.JMeterThread: Thread finished: Thread Group 1-73
2026-03-10 00:52:52,069 INFO o.a.j.t.JMeterThread: Stop Thread seen for thread Thread Group 1-5, reason: org.apache.jorphan.util.JMeterStopThreadException: End of file:/Users/gimhuiheon/Documents/study/java-multi-threading/resources/throughput/search_words.csv detected for CSV DataSet:CSV Data Set Config configured with stopThread:true, recycle:false
2026-03-10 00:52:52,069 INFO o.a.j.t.JMeterThread: Thread finished: Thread Group 1-5
2026-03-10 00:52:52,071 INFO o.a.j.t.JMeterThread: Stop Thread seen for thread Thread Group 1-22, reason: org.apache.jorphan.util.JMeterStopThreadException: End of file:/Users/gimhuiheon/Documents/study/java-multi-threading/resources/throughput/search_words.csv detected for CSV DataSet:CSV Data Set Config configured with stopThread:true, recycle:false
2026-03-10 00:52:52,072 INFO o.a.j.t.JMeterThread: Thread finished: Thread Group 1-22
2026-03-10 00:52:52,072 INFO o.a.j.t.JMeterThread: Stop Thread seen for thread Thread Group 1-58, reason: org.apache.jorphan.util.JMeterStopThreadException: End of file:/Users/gimhuiheon/Documents/study/java-multi-threading/resources/throughput/search_words.csv detected for CSV DataSet:CSV Data Set Config configured with stopThread:true, recycle:false
2026-03-10 00:52:52,072 INFO o.a.j.t.JMeterThread: Thread finished: Thread Group 1-58
2026-03-10 00:52:52,074 INFO o.a.j.t.JMeterThread: Stop Thread seen for thread Thread Group 1-45, reason: org.apache.jorphan.util.JMeterStopThreadException: End of file:/Users/gimhuiheon/Documents/study/java-multi-threading/resources/throughput/search_words.csv detected for CSV DataSet:CSV Data Set Config configured with stopThread:true, recycle:false
2026-03-10 00:52:52,074 INFO o.a.j.t.JMeterThread: Thread finished: Thread Group 1-45
2026-03-10 00:52:52,075 INFO o.a.j.t.JMeterThread: Stop Thread seen for thread Thread Group 1-52, reason: org.apache.jorphan.util.JMeterStopThreadException: End of file:/Users/gimhuiheon/Documents/study/java-multi-threading/resources/throughput/search_words.csv detected for CSV DataSet:CSV Data Set Config configured with stopThread:true, recycle:false
2026-03-10 00:52:52,075 INFO o.a.j.t.JMeterThread: Thread finished: Thread Group 1-52
2026-03-10 00:52:52,077 INFO o.a.j.t.JMeterThread: Stop Thread seen for thread Thread Group 1-65, reason: org.apache.jorphan.util.JMeterStopThreadException: End of file:/Users/gimhuiheon/Documents/study/java-multi-threading/resources/throughput/search_words.csv detected for CSV DataSet:CSV Data Set Config configured with stopThread:true, recycle:false
2026-03-10 00:52:52,077 INFO o.a.j.t.JMeterThread: Thread finished: Thread Group 1-65
2026-03-10 00:52:52,078 INFO o.a.j.t.JMeterThread: Stop Thread seen for thread Thread Group 1-4, reason: org.apache.jorphan.util.JMeterStopThreadException: End of file:/Users/gimhuiheon/Documents/study/java-multi-threading/resources/throughput/search_words.csv detected for CSV DataSet:CSV Data Set Config configured with stopThread:true, recycle:false
2026-03-10 00:52:52,078 INFO o.a.j.t.JMeterThread: Thread finished: Thread Group 1-4
2026-03-10 00:52:52,079 INFO o.a.j.t.JMeterThread: Stop Thread seen for thread Thread Group 1-82, reason: org.apache.jorphan.util.JMeterStopThreadException: End of file:/Users/gimhuiheon/Documents/study/java-multi-threading/resources/throughput/search_words.csv detected for CSV DataSet:CSV Data Set Config configured with stopThread:true, recycle:false
2026-03-10 00:52:52,079 INFO o.a.j.t.JMeterThread: Thread finished: Thread Group 1-82
2026-03-10 00:52:52,080 INFO o.a.j.t.JMeterThread: Stop Thread seen for thread Thread Group 1-20, reason: org.apache.jorphan.util.JMeterStopThreadException: End of file:/Users/gimhuiheon/Documents/study/java-multi-threading/resources/throughput/search_words.csv detected for CSV DataSet:CSV Data Set Config configured with stopThread:true, recycle:false
2026-03-10 00:52:52,080 INFO o.a.j.t.JMeterThread: Thread finished: Thread Group 1-20
2026-03-10 00:52:52,081 INFO o.a.j.t.JMeterThread: Stop Thread seen for thread Thread Group 1-19, reason: org.apache.jorphan.util.JMeterStopThreadException: End of file:/Users/gimhuiheon/Documents/study/java-multi-threading/resources/throughput/search_words.csv detected for CSV DataSet:CSV Data Set Config configured with stopThread:true, recycle:false
2026-03-10 00:52:52,081 INFO o.a.j.t.JMeterThread: Thread finished: Thread Group 1-19
2026-03-10 00:52:52,082 INFO o.a.j.t.JMeterThread: Stop Thread seen for thread Thread Group 1-74, reason: org.apache.jorphan.util.JMeterStopThreadException: End of file:/Users/gimhuiheon/Documents/study/java-multi-threading/resources/throughput/search_words.csv detected for CSV DataSet:CSV Data Set Config configured with stopThread:true, recycle:false
2026-03-10 00:52:52,082 INFO o.a.j.t.JMeterThread: Thread finished: Thread Group 1-74
2026-03-10 00:52:52,082 INFO o.a.j.e.StandardJMeterEngine: Notifying test listeners of end of test
2026-03-10 00:52:52,082 INFO o.a.j.s.FileServer: Close: /Users/gimhuiheon/Documents/study/java-multi-threading/resources/throughput/search_words.csv
2026-03-10 00:52:52,082 INFO o.a.j.g.u.JMeterMenuBar: setRunning(false, *local*)
2026-03-10 00:53:09,981 INFO o.a.j.e.StandardJMeterEngine: Running the test!
2026-03-10 00:53:09,982 INFO o.a.j.s.SampleEvent: List of sample_variables: []
2026-03-10 00:53:09,982 INFO o.a.j.g.u.JMeterMenuBar: setRunning(true, *local*)
2026-03-10 00:53:10,026 INFO o.a.j.e.StandardJMeterEngine: Starting ThreadGroup: 1 : Thread Group
2026-03-10 00:53:10,026 INFO o.a.j.e.StandardJMeterEngine: Starting 100 threads for group Thread Group.
2026-03-10 00:53:10,027 INFO o.a.j.e.StandardJMeterEngine: Thread will continue on error
2026-03-10 00:53:10,027 INFO o.a.j.t.ThreadGroup: Starting thread group... number=1 threads=100 ramp-up=1 delayedStart=false
2026-03-10 00:53:10,027 INFO o.a.j.t.JMeterThread: Thread started: Thread Group 1-1
2026-03-10 00:53:10,028 INFO o.a.j.s.FileServer: Stored: /Users/gimhuiheon/Documents/study/java-multi-threading/resources/throughput/search_words.csv
2026-03-10 00:53:10,040 INFO o.a.j.t.JMeterThread: Thread started: Thread Group 1-2
2026-03-10 00:53:10,047 INFO o.a.j.t.ThreadGroup: Started thread group number 1
2026-03-10 00:53:10,047 INFO o.a.j.e.StandardJMeterEngine: All thread groups have been started
2026-03-10 00:53:10,052 INFO o.a.j.t.JMeterThread: Thread started: Thread Group 1-3
2026-03-10 00:53:10,060 INFO o.a.j.t.JMeterThread: Thread started: Thread Group 1-4
2026-03-10 00:53:10,072 INFO o.a.j.t.JMeterThread: Thread started: Thread Group 1-5
2026-03-10 00:53:10,079 INFO o.a.j.t.JMeterThread: Thread started: Thread Group 1-6
2026-03-10 00:53:10,093 INFO o.a.j.t.JMeterThread: Thread started: Thread Group 1-7
2026-03-10 00:53:10,102 INFO o.a.j.t.JMeterThread: Thread started: Thread Group 1-8
2026-03-10 00:53:10,107 INFO o.a.j.t.JMeterThread: Thread started: Thread Group 1-9
2026-03-10 00:53:10,121 INFO o.a.j.t.JMeterThread: Thread started: Thread Group 1-10
2026-03-10 00:53:10,127 INFO o.a.j.t.JMeterThread: Thread started: Thread Group 1-11
2026-03-10 00:53:10,141 INFO o.a.j.t.JMeterThread: Thread started: Thread Group 1-12
2026-03-10 00:53:10,150 INFO o.a.j.t.JMeterThread: Thread started: Thread Group 1-13
2026-03-10 00:53:10,161 INFO o.a.j.t.JMeterThread: Thread started: Thread Group 1-14
2026-03-10 00:53:10,168 INFO o.a.j.t.JMeterThread: Thread started: Thread Group 1-15
2026-03-10 00:53:10,177 INFO o.a.j.t.JMeterThread: Thread started: Thread Group 1-16
2026-03-10 00:53:10,192 INFO o.a.j.t.JMeterThread: Thread started: Thread Group 1-17
2026-03-10 00:53:10,202 INFO o.a.j.t.JMeterThread: Thread started: Thread Group 1-18
2026-03-10 00:53:10,211 INFO o.a.j.t.JMeterThread: Thread started: Thread Group 1-19
2026-03-10 00:53:10,219 INFO o.a.j.t.JMeterThread: Thread started: Thread Group 1-20
2026-03-10 00:53:10,229 INFO o.a.j.t.JMeterThread: Thread started: Thread Group 1-21
2026-03-10 00:53:10,243 INFO o.a.j.t.JMeterThread: Thread started: Thread Group 1-22
2026-03-10 00:53:10,250 INFO o.a.j.t.JMeterThread: Thread started: Thread Group 1-23
2026-03-10 00:53:10,262 INFO o.a.j.t.JMeterThread: Thread started: Thread Group 1-24
2026-03-10 00:53:10,269 INFO o.a.j.t.JMeterThread: Thread started: Thread Group 1-25
2026-03-10 00:53:10,277 INFO o.a.j.t.JMeterThread: Thread started: Thread Group 1-26
2026-03-10 00:53:10,291 INFO o.a.j.t.JMeterThread: Thread started: Thread Group 1-27
2026-03-10 00:53:10,302 INFO o.a.j.t.JMeterThread: Thread started: Thread Group 1-28
2026-03-10 00:53:10,311 INFO o.a.j.t.JMeterThread: Thread started: Thread Group 1-29
2026-03-10 00:53:10,321 INFO o.a.j.t.JMeterThread: Thread started: Thread Group 1-30
2026-03-10 00:53:10,331 INFO o.a.j.t.JMeterThread: Thread started: Thread Group 1-31
2026-03-10 00:53:10,340 INFO o.a.j.t.JMeterThread: Thread started: Thread Group 1-32
2026-03-10 00:53:10,352 INFO o.a.j.t.JMeterThread: Thread started: Thread Group 1-33
2026-03-10 00:53:10,362 INFO o.a.j.t.JMeterThread: Thread started: Thread Group 1-34
2026-03-10 00:53:10,368 INFO o.a.j.t.JMeterThread: Thread started: Thread Group 1-35
2026-03-10 00:53:10,383 INFO o.a.j.t.JMeterThread: Thread started: Thread Group 1-36
2026-03-10 00:53:10,388 INFO o.a.j.t.JMeterThread: Thread started: Thread Group 1-37
2026-03-10 00:53:10,398 INFO o.a.j.t.JMeterThread: Thread started: Thread Group 1-38
2026-03-10 00:53:10,412 INFO o.a.j.t.JMeterThread: Thread started: Thread Group 1-39
2026-03-10 00:53:10,422 INFO o.a.j.t.JMeterThread: Thread started: Thread Group 1-40
2026-03-10 00:53:10,431 INFO o.a.j.t.JMeterThread: Thread started: Thread Group 1-41
2026-03-10 00:53:10,442 INFO o.a.j.t.JMeterThread: Thread started: Thread Group 1-42
2026-03-10 00:53:10,451 INFO o.a.j.t.JMeterThread: Thread started: Thread Group 1-43
2026-03-10 00:53:10,462 INFO o.a.j.t.JMeterThread: Thread started: Thread Group 1-44
2026-03-10 00:53:10,472 INFO o.a.j.t.JMeterThread: Thread started: Thread Group 1-45
2026-03-10 00:53:10,481 INFO o.a.j.t.JMeterThread: Thread started: Thread Group 1-46
2026-03-10 00:53:10,490 INFO o.a.j.t.JMeterThread: Thread started: Thread Group 1-47
2026-03-10 00:53:10,502 INFO o.a.j.t.JMeterThread: Thread started: Thread Group 1-48
2026-03-10 00:53:10,512 INFO o.a.j.t.JMeterThread: Thread started: Thread Group 1-49
2026-03-10 00:53:10,521 INFO o.a.j.t.JMeterThread: Thread started: Thread Group 1-50
2026-03-10 00:53:10,529 INFO o.a.j.t.JMeterThread: Thread started: Thread Group 1-51
2026-03-10 00:53:10,539 INFO o.a.j.t.JMeterThread: Thread started: Thread Group 1-52
2026-03-10 00:53:10,548 INFO o.a.j.t.JMeterThread: Thread started: Thread Group 1-53
2026-03-10 00:53:10,558 INFO o.a.j.t.JMeterThread: Thread started: Thread Group 1-54
2026-03-10 00:53:10,572 INFO o.a.j.t.JMeterThread: Thread started: Thread Group 1-55
2026-03-10 00:53:10,581 INFO o.a.j.t.JMeterThread: Thread started: Thread Group 1-56
2026-03-10 00:53:10,593 INFO o.a.j.t.JMeterThread: Thread started: Thread Group 1-57
2026-03-10 00:53:10,601 INFO o.a.j.t.JMeterThread: Thread started: Thread Group 1-58
2026-03-10 00:53:10,612 INFO o.a.j.t.JMeterThread: Thread started: Thread Group 1-59
2026-03-10 00:53:10,621 INFO o.a.j.t.JMeterThread: Thread started: Thread Group 1-60
2026-03-10 00:53:10,633 INFO o.a.j.t.JMeterThread: Thread started: Thread Group 1-61
2026-03-10 00:53:10,643 INFO o.a.j.t.JMeterThread: Thread started: Thread Group 1-62
2026-03-10 00:53:10,652 INFO o.a.j.t.JMeterThread: Thread started: Thread Group 1-63
2026-03-10 00:53:10,661 INFO o.a.j.t.JMeterThread: Thread started: Thread Group 1-64
2026-03-10 00:53:10,669 INFO o.a.j.t.JMeterThread: Thread started: Thread Group 1-65
2026-03-10 00:53:10,683 INFO o.a.j.t.JMeterThread: Thread started: Thread Group 1-66
2026-03-10 00:53:10,687 INFO o.a.j.t.JMeterThread: Thread started: Thread Group 1-67
2026-03-10 00:53:10,702 INFO o.a.j.t.JMeterThread: Thread started: Thread Group 1-68
2026-03-10 00:53:10,712 INFO o.a.j.t.JMeterThread: Thread started: Thread Group 1-69
2026-03-10 00:53:10,719 INFO o.a.j.t.JMeterThread: Thread started: Thread Group 1-70
2026-03-10 00:53:10,733 INFO o.a.j.t.JMeterThread: Thread started: Thread Group 1-71
2026-03-10 00:53:10,739 INFO o.a.j.t.JMeterThread: Thread started: Thread Group 1-72
2026-03-10 00:53:10,752 INFO o.a.j.t.JMeterThread: Thread started: Thread Group 1-73
2026-03-10 00:53:10,758 INFO o.a.j.t.JMeterThread: Thread started: Thread Group 1-74
2026-03-10 00:53:10,772 INFO o.a.j.t.JMeterThread: Thread started: Thread Group 1-75
2026-03-10 00:53:10,783 INFO o.a.j.t.JMeterThread: Thread started: Thread Group 1-76
2026-03-10 00:53:10,792 INFO o.a.j.t.JMeterThread: Thread started: Thread Group 1-77
2026-03-10 00:53:10,802 INFO o.a.j.t.JMeterThread: Thread started: Thread Group 1-78
2026-03-10 00:53:10,811 INFO o.a.j.t.JMeterThread: Thread started: Thread Group 1-79
2026-03-10 00:53:10,822 INFO o.a.j.t.JMeterThread: Thread started: Thread Group 1-80
2026-03-10 00:53:10,828 INFO o.a.j.t.JMeterThread: Thread started: Thread Group 1-81
2026-03-10 00:53:10,839 INFO o.a.j.t.JMeterThread: Thread started: Thread Group 1-82
2026-03-10 00:53:10,850 INFO o.a.j.t.JMeterThread: Thread started: Thread Group 1-83
2026-03-10 00:53:10,861 INFO o.a.j.t.JMeterThread: Thread started: Thread Group 1-84
2026-03-10 00:53:10,872 INFO o.a.j.t.JMeterThread: Thread started: Thread Group 1-85
2026-03-10 00:53:10,879 INFO o.a.j.t.JMeterThread: Thread started: Thread Group 1-86
2026-03-10 00:53:10,890 INFO o.a.j.t.JMeterThread: Thread started: Thread Group 1-87
2026-03-10 00:53:10,898 INFO o.a.j.t.JMeterThread: Thread started: Thread Group 1-88
2026-03-10 00:53:10,911 INFO o.a.j.t.JMeterThread: Thread started: Thread Group 1-89
2026-03-10 00:53:10,919 INFO o.a.j.t.JMeterThread: Thread started: Thread Group 1-90
2026-03-10 00:53:10,927 INFO o.a.j.t.JMeterThread: Thread started: Thread Group 1-91
2026-03-10 00:53:10,939 INFO o.a.j.t.JMeterThread: Thread started: Thread Group 1-92
2026-03-10 00:53:10,952 INFO o.a.j.t.JMeterThread: Thread started: Thread Group 1-93
2026-03-10 00:53:10,961 INFO o.a.j.t.JMeterThread: Thread started: Thread Group 1-94
2026-03-10 00:53:10,969 INFO o.a.j.t.JMeterThread: Thread started: Thread Group 1-95
2026-03-10 00:53:10,981 INFO o.a.j.t.JMeterThread: Thread started: Thread Group 1-96
2026-03-10 00:53:10,992 INFO o.a.j.t.JMeterThread: Thread started: Thread Group 1-97
2026-03-10 00:53:11,003 INFO o.a.j.t.JMeterThread: Thread started: Thread Group 1-98
2026-03-10 00:53:11,011 INFO o.a.j.t.JMeterThread: Thread started: Thread Group 1-99
2026-03-10 00:53:11,019 INFO o.a.j.t.JMeterThread: Thread started: Thread Group 1-100
2026-03-10 00:53:16,598 INFO o.a.j.t.JMeterThread: Stop Thread seen for thread Thread Group 1-33, reason: org.apache.jorphan.util.JMeterStopThreadException: End of file:/Users/gimhuiheon/Documents/study/java-multi-threading/resources/throughput/search_words.csv detected for CSV DataSet:CSV Data Set Config configured with stopThread:true, recycle:false
2026-03-10 00:53:16,599 INFO o.a.j.t.JMeterThread: Thread finished: Thread Group 1-33
2026-03-10 00:53:16,601 INFO o.a.j.t.JMeterThread: Stop Thread seen for thread Thread Group 1-71, reason: org.apache.jorphan.util.JMeterStopThreadException: End of file:/Users/gimhuiheon/Documents/study/java-multi-threading/resources/throughput/search_words.csv detected for CSV DataSet:CSV Data Set Config configured with stopThread:true, recycle:false
2026-03-10 00:53:16,601 INFO o.a.j.t.JMeterThread: Thread finished: Thread Group 1-71
2026-03-10 00:53:16,604 INFO o.a.j.t.JMeterThread: Stop Thread seen for thread Thread Group 1-3, reason: org.apache.jorphan.util.JMeterStopThreadException: End of file:/Users/gimhuiheon/Documents/study/java-multi-threading/resources/throughput/search_words.csv detected for CSV DataSet:CSV Data Set Config configured with stopThread:true, recycle:false
2026-03-10 00:53:16,604 INFO o.a.j.t.JMeterThread: Thread finished: Thread Group 1-3
2026-03-10 00:53:16,607 INFO o.a.j.t.JMeterThread: Stop Thread seen for thread Thread Group 1-46, reason: org.apache.jorphan.util.JMeterStopThreadException: End of file:/Users/gimhuiheon/Documents/study/java-multi-threading/resources/throughput/search_words.csv detected for CSV DataSet:CSV Data Set Config configured with stopThread:true, recycle:false
2026-03-10 00:53:16,607 INFO o.a.j.t.JMeterThread: Thread finished: Thread Group 1-46
2026-03-10 00:53:16,610 INFO o.a.j.t.JMeterThread: Stop Thread seen for thread Thread Group 1-14, reason: org.apache.jorphan.util.JMeterStopThreadException: End of file:/Users/gimhuiheon/Documents/study/java-multi-threading/resources/throughput/search_words.csv detected for CSV DataSet:CSV Data Set Config configured with stopThread:true, recycle:false
2026-03-10 00:53:16,610 INFO o.a.j.t.JMeterThread: Thread finished: Thread Group 1-14
2026-03-10 00:53:16,614 INFO o.a.j.t.JMeterThread: Stop Thread seen for thread Thread Group 1-19, reason: org.apache.jorphan.util.JMeterStopThreadException: End of file:/Users/gimhuiheon/Documents/study/java-multi-threading/resources/throughput/search_words.csv detected for CSV DataSet:CSV Data Set Config configured with stopThread:true, recycle:false
2026-03-10 00:53:16,614 INFO o.a.j.t.JMeterThread: Thread finished: Thread Group 1-19
2026-03-10 00:53:16,617 INFO o.a.j.t.JMeterThread: Stop Thread seen for thread Thread Group 1-91, reason: org.apache.jorphan.util.JMeterStopThreadException: End of file:/Users/gimhuiheon/Documents/study/java-multi-threading/resources/throughput/search_words.csv detected for CSV DataSet:CSV Data Set Config configured with stopThread:true, recycle:false
2026-03-10 00:53:16,617 INFO o.a.j.t.JMeterThread: Thread finished: Thread Group 1-91
2026-03-10 00:53:16,620 INFO o.a.j.t.JMeterThread: Stop Thread seen for thread Thread Group 1-25, reason: org.apache.jorphan.util.JMeterStopThreadException: End of file:/Users/gimhuiheon/Documents/study/java-multi-threading/resources/throughput/search_words.csv detected for CSV DataSet:CSV Data Set Config configured with stopThread:true, recycle:false
2026-03-10 00:53:16,620 INFO o.a.j.t.JMeterThread: Thread finished: Thread Group 1-25
2026-03-10 00:53:16,624 INFO o.a.j.t.JMeterThread: Stop Thread seen for thread Thread Group 1-57, reason: org.apache.jorphan.util.JMeterStopThreadException: End of file:/Users/gimhuiheon/Documents/study/java-multi-threading/resources/throughput/search_words.csv detected for CSV DataSet:CSV Data Set Config configured with stopThread:true, recycle:false
2026-03-10 00:53:16,624 INFO o.a.j.t.JMeterThread: Thread finished: Thread Group 1-57
2026-03-10 00:53:16,627 INFO o.a.j.t.JMeterThread: Stop Thread seen for thread Thread Group 1-72, reason: org.apache.jorphan.util.JMeterStopThreadException: End of file:/Users/gimhuiheon/Documents/study/java-multi-threading/resources/throughput/search_words.csv detected for CSV DataSet:CSV Data Set Config configured with stopThread:true, recycle:false
2026-03-10 00:53:16,627 INFO o.a.j.t.JMeterThread: Thread finished: Thread Group 1-72
2026-03-10 00:53:16,630 INFO o.a.j.t.JMeterThread: Stop Thread seen for thread Thread Group 1-39, reason: org.apache.jorphan.util.JMeterStopThreadException: End of file:/Users/gimhuiheon/Documents/study/java-multi-threading/resources/throughput/search_words.csv detected for CSV DataSet:CSV Data Set Config configured with stopThread:true, recycle:false
2026-03-10 00:53:16,630 INFO o.a.j.t.JMeterThread: Thread finished: Thread Group 1-39
2026-03-10 00:53:16,633 INFO o.a.j.t.JMeterThread: Stop Thread seen for thread Thread Group 1-20, reason: org.apache.jorphan.util.JMeterStopThreadException: End of file:/Users/gimhuiheon/Documents/study/java-multi-threading/resources/throughput/search_words.csv detected for CSV DataSet:CSV Data Set Config configured with stopThread:true, recycle:false
2026-03-10 00:53:16,633 INFO o.a.j.t.JMeterThread: Thread finished: Thread Group 1-20
2026-03-10 00:53:16,637 INFO o.a.j.t.JMeterThread: Stop Thread seen for thread Thread Group 1-58, reason: org.apache.jorphan.util.JMeterStopThreadException: End of file:/Users/gimhuiheon/Documents/study/java-multi-threading/resources/throughput/search_words.csv detected for CSV DataSet:CSV Data Set Config configured with stopThread:true, recycle:false
2026-03-10 00:53:16,637 INFO o.a.j.t.JMeterThread: Thread finished: Thread Group 1-58
2026-03-10 00:53:16,640 INFO o.a.j.t.JMeterThread: Stop Thread seen for thread Thread Group 1-4, reason: org.apache.jorphan.util.JMeterStopThreadException: End of file:/Users/gimhuiheon/Documents/study/java-multi-threading/resources/throughput/search_words.csv detected for CSV DataSet:CSV Data Set Config configured with stopThread:true, recycle:false
2026-03-10 00:53:16,640 INFO o.a.j.t.JMeterThread: Thread finished: Thread Group 1-4
2026-03-10 00:53:16,643 INFO o.a.j.t.JMeterThread: Stop Thread seen for thread Thread Group 1-73, reason: org.apache.jorphan.util.JMeterStopThreadException: End of file:/Users/gimhuiheon/Documents/study/java-multi-threading/resources/throughput/search_words.csv detected for CSV DataSet:CSV Data Set Config configured with stopThread:true, recycle:false
2026-03-10 00:53:16,643 INFO o.a.j.t.JMeterThread: Thread finished: Thread Group 1-73
2026-03-10 00:53:16,646 INFO o.a.j.t.JMeterThread: Stop Thread seen for thread Thread Group 1-92, reason: org.apache.jorphan.util.JMeterStopThreadException: End of file:/Users/gimhuiheon/Documents/study/java-multi-threading/resources/throughput/search_words.csv detected for CSV DataSet:CSV Data Set Config configured with stopThread:true, recycle:false
2026-03-10 00:53:16,646 INFO o.a.j.t.JMeterThread: Thread finished: Thread Group 1-92
2026-03-10 00:53:16,649 INFO o.a.j.t.JMeterThread: Stop Thread seen for thread Thread Group 1-11, reason: org.apache.jorphan.util.JMeterStopThreadException: End of file:/Users/gimhuiheon/Documents/study/java-multi-threading/resources/throughput/search_words.csv detected for CSV DataSet:CSV Data Set Config configured with stopThread:true, recycle:false
2026-03-10 00:53:16,649 INFO o.a.j.t.JMeterThread: Thread finished: Thread Group 1-11
2026-03-10 00:53:16,651 INFO o.a.j.t.JMeterThread: Stop Thread seen for thread Thread Group 1-27, reason: org.apache.jorphan.util.JMeterStopThreadException: End of file:/Users/gimhuiheon/Documents/study/java-multi-threading/resources/throughput/search_words.csv detected for CSV DataSet:CSV Data Set Config configured with stopThread:true, recycle:false
2026-03-10 00:53:16,651 INFO o.a.j.t.JMeterThread: Thread finished: Thread Group 1-27
2026-03-10 00:53:16,655 INFO o.a.j.t.JMeterThread: Stop Thread seen for thread Thread Group 1-93, reason: org.apache.jorphan.util.JMeterStopThreadException: End of file:/Users/gimhuiheon/Documents/study/java-multi-threading/resources/throughput/search_words.csv detected for CSV DataSet:CSV Data Set Config configured with stopThread:true, recycle:false
2026-03-10 00:53:16,655 INFO o.a.j.t.JMeterThread: Thread finished: Thread Group 1-93
2026-03-10 00:53:16,658 INFO o.a.j.t.JMeterThread: Stop Thread seen for thread Thread Group 1-74, reason: org.apache.jorphan.util.JMeterStopThreadException: End of file:/Users/gimhuiheon/Documents/study/java-multi-threading/resources/throughput/search_words.csv detected for CSV DataSet:CSV Data Set Config configured with stopThread:true, recycle:false
2026-03-10 00:53:16,658 INFO o.a.j.t.JMeterThread: Thread finished: Thread Group 1-74
2026-03-10 00:53:16,661 INFO o.a.j.t.JMeterThread: Stop Thread seen for thread Thread Group 1-34, reason: org.apache.jorphan.util.JMeterStopThreadException: End of file:/Users/gimhuiheon/Documents/study/java-multi-threading/resources/throughput/search_words.csv detected for CSV DataSet:CSV Data Set Config configured with stopThread:true, recycle:false
2026-03-10 00:53:16,661 INFO o.a.j.t.JMeterThread: Thread finished: Thread Group 1-34
2026-03-10 00:53:16,665 INFO o.a.j.t.JMeterThread: Stop Thread seen for thread Thread Group 1-48, reason: org.apache.jorphan.util.JMeterStopThreadException: End of file:/Users/gimhuiheon/Documents/study/java-multi-threading/resources/throughput/search_words.csv detected for CSV DataSet:CSV Data Set Config configured with stopThread:true, recycle:false
2026-03-10 00:53:16,665 INFO o.a.j.t.JMeterThread: Thread finished: Thread Group 1-48
2026-03-10 00:53:16,667 INFO o.a.j.t.JMeterThread: Stop Thread seen for thread Thread Group 1-94, reason: org.apache.jorphan.util.JMeterStopThreadException: End of file:/Users/gimhuiheon/Documents/study/java-multi-threading/resources/throughput/search_words.csv detected for CSV DataSet:CSV Data Set Config configured with stopThread:true, recycle:false
2026-03-10 00:53:16,667 INFO o.a.j.t.JMeterThread: Thread finished: Thread Group 1-94
2026-03-10 00:53:16,670 INFO o.a.j.t.JMeterThread: Stop Thread seen for thread Thread Group 1-59, reason: org.apache.jorphan.util.JMeterStopThreadException: End of file:/Users/gimhuiheon/Documents/study/java-multi-threading/resources/throughput/search_words.csv detected for CSV DataSet:CSV Data Set Config configured with stopThread:true, recycle:false
2026-03-10 00:53:16,670 INFO o.a.j.t.JMeterThread: Thread finished: Thread Group 1-59
2026-03-10 00:53:16,673 INFO o.a.j.t.JMeterThread: Stop Thread seen for thread Thread Group 1-40, reason: org.apache.jorphan.util.JMeterStopThreadException: End of file:/Users/gimhuiheon/Documents/study/java-multi-threading/resources/throughput/search_words.csv detected for CSV DataSet:CSV Data Set Config configured with stopThread:true, recycle:false
2026-03-10 00:53:16,673 INFO o.a.j.t.JMeterThread: Thread finished: Thread Group 1-40
2026-03-10 00:53:16,676 INFO o.a.j.t.JMeterThread: Stop Thread seen for thread Thread Group 1-75, reason: org.apache.jorphan.util.JMeterStopThreadException: End of file:/Users/gimhuiheon/Documents/study/java-multi-threading/resources/throughput/search_words.csv detected for CSV DataSet:CSV Data Set Config configured with stopThread:true, recycle:false
2026-03-10 00:53:16,676 INFO o.a.j.t.JMeterThread: Thread finished: Thread Group 1-75
2026-03-10 00:53:16,679 INFO o.a.j.t.JMeterThread: Stop Thread seen for thread Thread Group 1-35, reason: org.apache.jorphan.util.JMeterStopThreadException: End of file:/Users/gimhuiheon/Documents/study/java-multi-threading/resources/throughput/search_words.csv detected for CSV DataSet:CSV Data Set Config configured with stopThread:true, recycle:false
2026-03-10 00:53:16,679 INFO o.a.j.t.JMeterThread: Thread finished: Thread Group 1-35
2026-03-10 00:53:16,682 INFO o.a.j.t.JMeterThread: Stop Thread seen for thread Thread Group 1-95, reason: org.apache.jorphan.util.JMeterStopThreadException: End of file:/Users/gimhuiheon/Documents/study/java-multi-threading/resources/throughput/search_words.csv detected for CSV DataSet:CSV Data Set Config configured with stopThread:true, recycle:false
2026-03-10 00:53:16,682 INFO o.a.j.t.JMeterThread: Thread finished: Thread Group 1-95
2026-03-10 00:53:16,685 INFO o.a.j.t.JMeterThread: Stop Thread seen for thread Thread Group 1-7, reason: org.apache.jorphan.util.JMeterStopThreadException: End of file:/Users/gimhuiheon/Documents/study/java-multi-threading/resources/throughput/search_words.csv detected for CSV DataSet:CSV Data Set Config configured with stopThread:true, recycle:false
2026-03-10 00:53:16,686 INFO o.a.j.t.JMeterThread: Thread finished: Thread Group 1-7
2026-03-10 00:53:16,689 INFO o.a.j.t.JMeterThread: Stop Thread seen for thread Thread Group 1-8, reason: org.apache.jorphan.util.JMeterStopThreadException: End of file:/Users/gimhuiheon/Documents/study/java-multi-threading/resources/throughput/search_words.csv detected for CSV DataSet:CSV Data Set Config configured with stopThread:true, recycle:false
2026-03-10 00:53:16,689 INFO o.a.j.t.JMeterThread: Thread finished: Thread Group 1-8
2026-03-10 00:53:16,692 INFO o.a.j.t.JMeterThread: Stop Thread seen for thread Thread Group 1-76, reason: org.apache.jorphan.util.JMeterStopThreadException: End of file:/Users/gimhuiheon/Documents/study/java-multi-threading/resources/throughput/search_words.csv detected for CSV DataSet:CSV Data Set Config configured with stopThread:true, recycle:false
2026-03-10 00:53:16,692 INFO o.a.j.t.JMeterThread: Thread finished: Thread Group 1-76
2026-03-10 00:53:16,694 INFO o.a.j.t.JMeterThread: Stop Thread seen for thread Thread Group 1-60, reason: org.apache.jorphan.util.JMeterStopThreadException: End of file:/Users/gimhuiheon/Documents/study/java-multi-threading/resources/throughput/search_words.csv detected for CSV DataSet:CSV Data Set Config configured with stopThread:true, recycle:false
2026-03-10 00:53:16,694 INFO o.a.j.t.JMeterThread: Thread finished: Thread Group 1-60
2026-03-10 00:53:16,696 INFO o.a.j.t.JMeterThread: Stop Thread seen for thread Thread Group 1-49, reason: org.apache.jorphan.util.JMeterStopThreadException: End of file:/Users/gimhuiheon/Documents/study/java-multi-threading/resources/throughput/search_words.csv detected for CSV DataSet:CSV Data Set Config configured with stopThread:true, recycle:false
2026-03-10 00:53:16,696 INFO o.a.j.t.JMeterThread: Thread finished: Thread Group 1-49
2026-03-10 00:53:16,699 INFO o.a.j.t.JMeterThread: Stop Thread seen for thread Thread Group 1-77, reason: org.apache.jorphan.util.JMeterStopThreadException: End of file:/Users/gimhuiheon/Documents/study/java-multi-threading/resources/throughput/search_words.csv detected for CSV DataSet:CSV Data Set Config configured with stopThread:true, recycle:false
2026-03-10 00:53:16,699 INFO o.a.j.t.JMeterThread: Thread finished: Thread Group 1-77
2026-03-10 00:53:16,702 INFO o.a.j.t.JMeterThread: Stop Thread seen for thread Thread Group 1-96, reason: org.apache.jorphan.util.JMeterStopThreadException: End of file:/Users/gimhuiheon/Documents/study/java-multi-threading/resources/throughput/search_words.csv detected for CSV DataSet:CSV Data Set Config configured with stopThread:true, recycle:false
2026-03-10 00:53:16,702 INFO o.a.j.t.JMeterThread: Thread finished: Thread Group 1-96
2026-03-10 00:53:16,705 INFO o.a.j.t.JMeterThread: Stop Thread seen for thread Thread Group 1-12, reason: org.apache.jorphan.util.JMeterStopThreadException: End of file:/Users/gimhuiheon/Documents/study/java-multi-threading/resources/throughput/search_words.csv detected for CSV DataSet:CSV Data Set Config configured with stopThread:true, recycle:false
2026-03-10 00:53:16,705 INFO o.a.j.t.JMeterThread: Thread finished: Thread Group 1-12
2026-03-10 00:53:16,709 INFO o.a.j.t.JMeterThread: Stop Thread seen for thread Thread Group 1-61, reason: org.apache.jorphan.util.JMeterStopThreadException: End of file:/Users/gimhuiheon/Documents/study/java-multi-threading/resources/throughput/search_words.csv detected for CSV DataSet:CSV Data Set Config configured with stopThread:true, recycle:false
2026-03-10 00:53:16,709 INFO o.a.j.t.JMeterThread: Thread finished: Thread Group 1-61
2026-03-10 00:53:16,712 INFO o.a.j.t.JMeterThread: Stop Thread seen for thread Thread Group 1-29, reason: org.apache.jorphan.util.JMeterStopThreadException: End of file:/Users/gimhuiheon/Documents/study/java-multi-threading/resources/throughput/search_words.csv detected for CSV DataSet:CSV Data Set Config configured with stopThread:true, recycle:false
2026-03-10 00:53:16,712 INFO o.a.j.t.JMeterThread: Thread finished: Thread Group 1-29
2026-03-10 00:53:16,716 INFO o.a.j.t.JMeterThread: Stop Thread seen for thread Thread Group 1-28, reason: org.apache.jorphan.util.JMeterStopThreadException: End of file:/Users/gimhuiheon/Documents/study/java-multi-threading/resources/throughput/search_words.csv detected for CSV DataSet:CSV Data Set Config configured with stopThread:true, recycle:false
2026-03-10 00:53:16,716 INFO o.a.j.t.JMeterThread: Thread finished: Thread Group 1-28
2026-03-10 00:53:16,719 INFO o.a.j.t.JMeterThread: Stop Thread seen for thread Thread Group 1-41, reason: org.apache.jorphan.util.JMeterStopThreadException: End of file:/Users/gimhuiheon/Documents/study/java-multi-threading/resources/throughput/search_words.csv detected for CSV DataSet:CSV Data Set Config configured with stopThread:true, recycle:false
2026-03-10 00:53:16,719 INFO o.a.j.t.JMeterThread: Thread finished: Thread Group 1-41
2026-03-10 00:53:16,723 INFO o.a.j.t.JMeterThread: Stop Thread seen for thread Thread Group 1-97, reason: org.apache.jorphan.util.JMeterStopThreadException: End of file:/Users/gimhuiheon/Documents/study/java-multi-threading/resources/throughput/search_words.csv detected for CSV DataSet:CSV Data Set Config configured with stopThread:true, recycle:false
2026-03-10 00:53:16,723 INFO o.a.j.t.JMeterThread: Thread finished: Thread Group 1-97
2026-03-10 00:53:16,725 INFO o.a.j.t.JMeterThread: Stop Thread seen for thread Thread Group 1-16, reason: org.apache.jorphan.util.JMeterStopThreadException: End of file:/Users/gimhuiheon/Documents/study/java-multi-threading/resources/throughput/search_words.csv detected for CSV DataSet:CSV Data Set Config configured with stopThread:true, recycle:false
2026-03-10 00:53:16,725 INFO o.a.j.t.JMeterThread: Thread finished: Thread Group 1-16
2026-03-10 00:53:16,729 INFO o.a.j.t.JMeterThread: Stop Thread seen for thread Thread Group 1-98, reason: org.apache.jorphan.util.JMeterStopThreadException: End of file:/Users/gimhuiheon/Documents/study/java-multi-threading/resources/throughput/search_words.csv detected for CSV DataSet:CSV Data Set Config configured with stopThread:true, recycle:false
2026-03-10 00:53:16,729 INFO o.a.j.t.JMeterThread: Thread finished: Thread Group 1-98
2026-03-10 00:53:16,733 INFO o.a.j.t.JMeterThread: Stop Thread seen for thread Thread Group 1-50, reason: org.apache.jorphan.util.JMeterStopThreadException: End of file:/Users/gimhuiheon/Documents/study/java-multi-threading/resources/throughput/search_words.csv detected for CSV DataSet:CSV Data Set Config configured with stopThread:true, recycle:false
2026-03-10 00:53:16,733 INFO o.a.j.t.JMeterThread: Thread finished: Thread Group 1-50
2026-03-10 00:53:16,737 INFO o.a.j.t.JMeterThread: Stop Thread seen for thread Thread Group 1-15, reason: org.apache.jorphan.util.JMeterStopThreadException: End of file:/Users/gimhuiheon/Documents/study/java-multi-threading/resources/throughput/search_words.csv detected for CSV DataSet:CSV Data Set Config configured with stopThread:true, recycle:false
2026-03-10 00:53:16,737 INFO o.a.j.t.JMeterThread: Thread finished: Thread Group 1-15
2026-03-10 00:53:16,741 INFO o.a.j.t.JMeterThread: Stop Thread seen for thread Thread Group 1-78, reason: org.apache.jorphan.util.JMeterStopThreadException: End of file:/Users/gimhuiheon/Documents/study/java-multi-threading/resources/throughput/search_words.csv detected for CSV DataSet:CSV Data Set Config configured with stopThread:true, recycle:false
2026-03-10 00:53:16,741 INFO o.a.j.t.JMeterThread: Thread finished: Thread Group 1-78
2026-03-10 00:53:16,745 INFO o.a.j.t.JMeterThread: Stop Thread seen for thread Thread Group 1-79, reason: org.apache.jorphan.util.JMeterStopThreadException: End of file:/Users/gimhuiheon/Documents/study/java-multi-threading/resources/throughput/search_words.csv detected for CSV DataSet:CSV Data Set Config configured with stopThread:true, recycle:false
2026-03-10 00:53:16,745 INFO o.a.j.t.JMeterThread: Thread finished: Thread Group 1-79
2026-03-10 00:53:16,748 INFO o.a.j.t.JMeterThread: Stop Thread seen for thread Thread Group 1-5, reason: org.apache.jorphan.util.JMeterStopThreadException: End of file:/Users/gimhuiheon/Documents/study/java-multi-threading/resources/throughput/search_words.csv detected for CSV DataSet:CSV Data Set Config configured with stopThread:true, recycle:false
2026-03-10 00:53:16,748 INFO o.a.j.t.JMeterThread: Thread finished: Thread Group 1-5
2026-03-10 00:53:16,752 INFO o.a.j.t.JMeterThread: Stop Thread seen for thread Thread Group 1-62, reason: org.apache.jorphan.util.JMeterStopThreadException: End of file:/Users/gimhuiheon/Documents/study/java-multi-threading/resources/throughput/search_words.csv detected for CSV DataSet:CSV Data Set Config configured with stopThread:true, recycle:false
2026-03-10 00:53:16,752 INFO o.a.j.t.JMeterThread: Thread finished: Thread Group 1-62
2026-03-10 00:53:16,756 INFO o.a.j.t.JMeterThread: Stop Thread seen for thread Thread Group 1-21, reason: org.apache.jorphan.util.JMeterStopThreadException: End of file:/Users/gimhuiheon/Documents/study/java-multi-threading/resources/throughput/search_words.csv detected for CSV DataSet:CSV Data Set Config configured with stopThread:true, recycle:false
2026-03-10 00:53:16,756 INFO o.a.j.t.JMeterThread: Thread finished: Thread Group 1-21
2026-03-10 00:53:16,759 INFO o.a.j.t.JMeterThread: Stop Thread seen for thread Thread Group 1-99, reason: org.apache.jorphan.util.JMeterStopThreadException: End of file:/Users/gimhuiheon/Documents/study/java-multi-threading/resources/throughput/search_words.csv detected for CSV DataSet:CSV Data Set Config configured with stopThread:true, recycle:false
2026-03-10 00:53:16,759 INFO o.a.j.t.JMeterThread: Thread finished: Thread Group 1-99
2026-03-10 00:53:16,763 INFO o.a.j.t.JMeterThread: Stop Thread seen for thread Thread Group 1-80, reason: org.apache.jorphan.util.JMeterStopThreadException: End of file:/Users/gimhuiheon/Documents/study/java-multi-threading/resources/throughput/search_words.csv detected for CSV DataSet:CSV Data Set Config configured with stopThread:true, recycle:false
2026-03-10 00:53:16,763 INFO o.a.j.t.JMeterThread: Thread finished: Thread Group 1-80
2026-03-10 00:53:16,767 INFO o.a.j.t.JMeterThread: Stop Thread seen for thread Thread Group 1-100, reason: org.apache.jorphan.util.JMeterStopThreadException: End of file:/Users/gimhuiheon/Documents/study/java-multi-threading/resources/throughput/search_words.csv detected for CSV DataSet:CSV Data Set Config configured with stopThread:true, recycle:false
2026-03-10 00:53:16,767 INFO o.a.j.t.JMeterThread: Thread finished: Thread Group 1-100
2026-03-10 00:53:16,771 INFO o.a.j.t.JMeterThread: Stop Thread seen for thread Thread Group 1-6, reason: org.apache.jorphan.util.JMeterStopThreadException: End of file:/Users/gimhuiheon/Documents/study/java-multi-threading/resources/throughput/search_words.csv detected for CSV DataSet:CSV Data Set Config configured with stopThread:true, recycle:false
2026-03-10 00:53:16,771 INFO o.a.j.t.JMeterThread: Thread finished: Thread Group 1-6
2026-03-10 00:53:16,774 INFO o.a.j.t.JMeterThread: Stop Thread seen for thread Thread Group 1-63, reason: org.apache.jorphan.util.JMeterStopThreadException: End of file:/Users/gimhuiheon/Documents/study/java-multi-threading/resources/throughput/search_words.csv detected for CSV DataSet:CSV Data Set Config configured with stopThread:true, recycle:false
2026-03-10 00:53:16,774 INFO o.a.j.t.JMeterThread: Thread finished: Thread Group 1-63
2026-03-10 00:53:16,778 INFO o.a.j.t.JMeterThread: Stop Thread seen for thread Thread Group 1-81, reason: org.apache.jorphan.util.JMeterStopThreadException: End of file:/Users/gimhuiheon/Documents/study/java-multi-threading/resources/throughput/search_words.csv detected for CSV DataSet:CSV Data Set Config configured with stopThread:true, recycle:false
2026-03-10 00:53:16,778 INFO o.a.j.t.JMeterThread: Thread finished: Thread Group 1-81
2026-03-10 00:53:16,782 INFO o.a.j.t.JMeterThread: Stop Thread seen for thread Thread Group 1-42, reason: org.apache.jorphan.util.JMeterStopThreadException: End of file:/Users/gimhuiheon/Documents/study/java-multi-threading/resources/throughput/search_words.csv detected for CSV DataSet:CSV Data Set Config configured with stopThread:true, recycle:false
2026-03-10 00:53:16,782 INFO o.a.j.t.JMeterThread: Thread finished: Thread Group 1-42
2026-03-10 00:53:16,785 INFO o.a.j.t.JMeterThread: Stop Thread seen for thread Thread Group 1-51, reason: org.apache.jorphan.util.JMeterStopThreadException: End of file:/Users/gimhuiheon/Documents/study/java-multi-threading/resources/throughput/search_words.csv detected for CSV DataSet:CSV Data Set Config configured with stopThread:true, recycle:false
2026-03-10 00:53:16,785 INFO o.a.j.t.JMeterThread: Thread finished: Thread Group 1-51
2026-03-10 00:53:16,789 INFO o.a.j.t.JMeterThread: Stop Thread seen for thread Thread Group 1-30, reason: org.apache.jorphan.util.JMeterStopThreadException: End of file:/Users/gimhuiheon/Documents/study/java-multi-threading/resources/throughput/search_words.csv detected for CSV DataSet:CSV Data Set Config configured with stopThread:true, recycle:false
2026-03-10 00:53:16,789 INFO o.a.j.t.JMeterThread: Thread finished: Thread Group 1-30
2026-03-10 00:53:16,791 INFO o.a.j.t.JMeterThread: Stop Thread seen for thread Thread Group 1-82, reason: org.apache.jorphan.util.JMeterStopThreadException: End of file:/Users/gimhuiheon/Documents/study/java-multi-threading/resources/throughput/search_words.csv detected for CSV DataSet:CSV Data Set Config configured with stopThread:true, recycle:false
2026-03-10 00:53:16,791 INFO o.a.j.t.JMeterThread: Thread finished: Thread Group 1-82
2026-03-10 00:53:16,795 INFO o.a.j.t.JMeterThread: Stop Thread seen for thread Thread Group 1-22, reason: org.apache.jorphan.util.JMeterStopThreadException: End of file:/Users/gimhuiheon/Documents/study/java-multi-threading/resources/throughput/search_words.csv detected for CSV DataSet:CSV Data Set Config configured with stopThread:true, recycle:false
2026-03-10 00:53:16,795 INFO o.a.j.t.JMeterThread: Thread finished: Thread Group 1-22
2026-03-10 00:53:16,798 INFO o.a.j.t.JMeterThread: Stop Thread seen for thread Thread Group 1-9, reason: org.apache.jorphan.util.JMeterStopThreadException: End of file:/Users/gimhuiheon/Documents/study/java-multi-threading/resources/throughput/search_words.csv detected for CSV DataSet:CSV Data Set Config configured with stopThread:true, recycle:false
2026-03-10 00:53:16,799 INFO o.a.j.t.JMeterThread: Thread finished: Thread Group 1-9
2026-03-10 00:53:16,802 INFO o.a.j.t.JMeterThread: Stop Thread seen for thread Thread Group 1-52, reason: org.apache.jorphan.util.JMeterStopThreadException: End of file:/Users/gimhuiheon/Documents/study/java-multi-threading/resources/throughput/search_words.csv detected for CSV DataSet:CSV Data Set Config configured with stopThread:true, recycle:false
2026-03-10 00:53:16,802 INFO o.a.j.t.JMeterThread: Thread finished: Thread Group 1-52
2026-03-10 00:53:16,806 INFO o.a.j.t.JMeterThread: Stop Thread seen for thread Thread Group 1-83, reason: org.apache.jorphan.util.JMeterStopThreadException: End of file:/Users/gimhuiheon/Documents/study/java-multi-threading/resources/throughput/search_words.csv detected for CSV DataSet:CSV Data Set Config configured with stopThread:true, recycle:false
2026-03-10 00:53:16,806 INFO o.a.j.t.JMeterThread: Thread finished: Thread Group 1-83
2026-03-10 00:53:16,809 INFO o.a.j.t.JMeterThread: Stop Thread seen for thread Thread Group 1-64, reason: org.apache.jorphan.util.JMeterStopThreadException: End of file:/Users/gimhuiheon/Documents/study/java-multi-threading/resources/throughput/search_words.csv detected for CSV DataSet:CSV Data Set Config configured with stopThread:true, recycle:false
2026-03-10 00:53:16,809 INFO o.a.j.t.JMeterThread: Thread finished: Thread Group 1-64
2026-03-10 00:53:16,813 INFO o.a.j.t.JMeterThread: Stop Thread seen for thread Thread Group 1-43, reason: org.apache.jorphan.util.JMeterStopThreadException: End of file:/Users/gimhuiheon/Documents/study/java-multi-threading/resources/throughput/search_words.csv detected for CSV DataSet:CSV Data Set Config configured with stopThread:true, recycle:false
2026-03-10 00:53:16,813 INFO o.a.j.t.JMeterThread: Thread finished: Thread Group 1-43
2026-03-10 00:53:16,817 INFO o.a.j.t.JMeterThread: Stop Thread seen for thread Thread Group 1-17, reason: org.apache.jorphan.util.JMeterStopThreadException: End of file:/Users/gimhuiheon/Documents/study/java-multi-threading/resources/throughput/search_words.csv detected for CSV DataSet:CSV Data Set Config configured with stopThread:true, recycle:false
2026-03-10 00:53:16,817 INFO o.a.j.t.JMeterThread: Thread finished: Thread Group 1-17
2026-03-10 00:53:16,820 INFO o.a.j.t.JMeterThread: Stop Thread seen for thread Thread Group 1-23, reason: org.apache.jorphan.util.JMeterStopThreadException: End of file:/Users/gimhuiheon/Documents/study/java-multi-threading/resources/throughput/search_words.csv detected for CSV DataSet:CSV Data Set Config configured with stopThread:true, recycle:false
2026-03-10 00:53:16,821 INFO o.a.j.t.JMeterThread: Thread finished: Thread Group 1-23
2026-03-10 00:53:16,824 INFO o.a.j.t.JMeterThread: Stop Thread seen for thread Thread Group 1-36, reason: org.apache.jorphan.util.JMeterStopThreadException: End of file:/Users/gimhuiheon/Documents/study/java-multi-threading/resources/throughput/search_words.csv detected for CSV DataSet:CSV Data Set Config configured with stopThread:true, recycle:false
2026-03-10 00:53:16,824 INFO o.a.j.t.JMeterThread: Thread finished: Thread Group 1-36
2026-03-10 00:53:16,828 INFO o.a.j.t.JMeterThread: Stop Thread seen for thread Thread Group 1-84, reason: org.apache.jorphan.util.JMeterStopThreadException: End of file:/Users/gimhuiheon/Documents/study/java-multi-threading/resources/throughput/search_words.csv detected for CSV DataSet:CSV Data Set Config configured with stopThread:true, recycle:false
2026-03-10 00:53:16,828 INFO o.a.j.t.JMeterThread: Thread finished: Thread Group 1-84
2026-03-10 00:53:16,831 INFO o.a.j.t.JMeterThread: Stop Thread seen for thread Thread Group 1-65, reason: org.apache.jorphan.util.JMeterStopThreadException: End of file:/Users/gimhuiheon/Documents/study/java-multi-threading/resources/throughput/search_words.csv detected for CSV DataSet:CSV Data Set Config configured with stopThread:true, recycle:false
2026-03-10 00:53:16,831 INFO o.a.j.t.JMeterThread: Thread finished: Thread Group 1-65
2026-03-10 00:53:16,835 INFO o.a.j.t.JMeterThread: Stop Thread seen for thread Thread Group 1-31, reason: org.apache.jorphan.util.JMeterStopThreadException: End of file:/Users/gimhuiheon/Documents/study/java-multi-threading/resources/throughput/search_words.csv detected for CSV DataSet:CSV Data Set Config configured with stopThread:true, recycle:false
2026-03-10 00:53:16,835 INFO o.a.j.t.JMeterThread: Thread finished: Thread Group 1-31
2026-03-10 00:53:16,839 INFO o.a.j.t.JMeterThread: Stop Thread seen for thread Thread Group 1-53, reason: org.apache.jorphan.util.JMeterStopThreadException: End of file:/Users/gimhuiheon/Documents/study/java-multi-threading/resources/throughput/search_words.csv detected for CSV DataSet:CSV Data Set Config configured with stopThread:true, recycle:false
2026-03-10 00:53:16,839 INFO o.a.j.t.JMeterThread: Thread finished: Thread Group 1-53
2026-03-10 00:53:16,842 INFO o.a.j.t.JMeterThread: Stop Thread seen for thread Thread Group 1-85, reason: org.apache.jorphan.util.JMeterStopThreadException: End of file:/Users/gimhuiheon/Documents/study/java-multi-threading/resources/throughput/search_words.csv detected for CSV DataSet:CSV Data Set Config configured with stopThread:true, recycle:false
2026-03-10 00:53:16,842 INFO o.a.j.t.JMeterThread: Thread finished: Thread Group 1-85
2026-03-10 00:53:16,846 INFO o.a.j.t.JMeterThread: Stop Thread seen for thread Thread Group 1-86, reason: org.apache.jorphan.util.JMeterStopThreadException: End of file:/Users/gimhuiheon/Documents/study/java-multi-threading/resources/throughput/search_words.csv detected for CSV DataSet:CSV Data Set Config configured with stopThread:true, recycle:false
2026-03-10 00:53:16,846 INFO o.a.j.t.JMeterThread: Thread finished: Thread Group 1-86
2026-03-10 00:53:16,848 INFO o.a.j.t.JMeterThread: Stop Thread seen for thread Thread Group 1-2, reason: org.apache.jorphan.util.JMeterStopThreadException: End of file:/Users/gimhuiheon/Documents/study/java-multi-threading/resources/throughput/search_words.csv detected for CSV DataSet:CSV Data Set Config configured with stopThread:true, recycle:false
2026-03-10 00:53:16,848 INFO o.a.j.t.JMeterThread: Thread finished: Thread Group 1-2
2026-03-10 00:53:16,851 INFO o.a.j.t.JMeterThread: Stop Thread seen for thread Thread Group 1-13, reason: org.apache.jorphan.util.JMeterStopThreadException: End of file:/Users/gimhuiheon/Documents/study/java-multi-threading/resources/throughput/search_words.csv detected for CSV DataSet:CSV Data Set Config configured with stopThread:true, recycle:false
2026-03-10 00:53:16,851 INFO o.a.j.t.JMeterThread: Thread finished: Thread Group 1-13
2026-03-10 00:53:16,853 INFO o.a.j.t.JMeterThread: Stop Thread seen for thread Thread Group 1-54, reason: org.apache.jorphan.util.JMeterStopThreadException: End of file:/Users/gimhuiheon/Documents/study/java-multi-threading/resources/throughput/search_words.csv detected for CSV DataSet:CSV Data Set Config configured with stopThread:true, recycle:false
2026-03-10 00:53:16,853 INFO o.a.j.t.JMeterThread: Thread finished: Thread Group 1-54
2026-03-10 00:53:16,855 INFO o.a.j.t.JMeterThread: Stop Thread seen for thread Thread Group 1-67, reason: org.apache.jorphan.util.JMeterStopThreadException: End of file:/Users/gimhuiheon/Documents/study/java-multi-threading/resources/throughput/search_words.csv detected for CSV DataSet:CSV Data Set Config configured with stopThread:true, recycle:false
2026-03-10 00:53:16,855 INFO o.a.j.t.JMeterThread: Thread finished: Thread Group 1-67
2026-03-10 00:53:16,857 INFO o.a.j.t.JMeterThread: Stop Thread seen for thread Thread Group 1-66, reason: org.apache.jorphan.util.JMeterStopThreadException: End of file:/Users/gimhuiheon/Documents/study/java-multi-threading/resources/throughput/search_words.csv detected for CSV DataSet:CSV Data Set Config configured with stopThread:true, recycle:false
2026-03-10 00:53:16,857 INFO o.a.j.t.JMeterThread: Thread finished: Thread Group 1-66
2026-03-10 00:53:16,860 INFO o.a.j.t.JMeterThread: Stop Thread seen for thread Thread Group 1-44, reason: org.apache.jorphan.util.JMeterStopThreadException: End of file:/Users/gimhuiheon/Documents/study/java-multi-threading/resources/throughput/search_words.csv detected for CSV DataSet:CSV Data Set Config configured with stopThread:true, recycle:false
2026-03-10 00:53:16,860 INFO o.a.j.t.JMeterThread: Thread finished: Thread Group 1-44
2026-03-10 00:53:16,862 INFO o.a.j.t.JMeterThread: Stop Thread seen for thread Thread Group 1-37, reason: org.apache.jorphan.util.JMeterStopThreadException: End of file:/Users/gimhuiheon/Documents/study/java-multi-threading/resources/throughput/search_words.csv detected for CSV DataSet:CSV Data Set Config configured with stopThread:true, recycle:false
2026-03-10 00:53:16,862 INFO o.a.j.t.JMeterThread: Thread finished: Thread Group 1-37
2026-03-10 00:53:16,864 INFO o.a.j.t.JMeterThread: Stop Thread seen for thread Thread Group 1-1, reason: org.apache.jorphan.util.JMeterStopThreadException: End of file:/Users/gimhuiheon/Documents/study/java-multi-threading/resources/throughput/search_words.csv detected for CSV DataSet:CSV Data Set Config configured with stopThread:true, recycle:false
2026-03-10 00:53:16,864 INFO o.a.j.t.JMeterThread: Thread finished: Thread Group 1-1
2026-03-10 00:53:16,866 INFO o.a.j.t.JMeterThread: Stop Thread seen for thread Thread Group 1-24, reason: org.apache.jorphan.util.JMeterStopThreadException: End of file:/Users/gimhuiheon/Documents/study/java-multi-threading/resources/throughput/search_words.csv detected for CSV DataSet:CSV Data Set Config configured with stopThread:true, recycle:false
2026-03-10 00:53:16,866 INFO o.a.j.t.JMeterThread: Thread finished: Thread Group 1-24
2026-03-10 00:53:16,868 INFO o.a.j.t.JMeterThread: Stop Thread seen for thread Thread Group 1-87, reason: org.apache.jorphan.util.JMeterStopThreadException: End of file:/Users/gimhuiheon/Documents/study/java-multi-threading/resources/throughput/search_words.csv detected for CSV DataSet:CSV Data Set Config configured with stopThread:true, recycle:false
2026-03-10 00:53:16,868 INFO o.a.j.t.JMeterThread: Thread finished: Thread Group 1-87
2026-03-10 00:53:16,871 INFO o.a.j.t.JMeterThread: Stop Thread seen for thread Thread Group 1-18, reason: org.apache.jorphan.util.JMeterStopThreadException: End of file:/Users/gimhuiheon/Documents/study/java-multi-threading/resources/throughput/search_words.csv detected for CSV DataSet:CSV Data Set Config configured with stopThread:true, recycle:false
2026-03-10 00:53:16,871 INFO o.a.j.t.JMeterThread: Thread finished: Thread Group 1-18
2026-03-10 00:53:16,873 INFO o.a.j.t.JMeterThread: Stop Thread seen for thread Thread Group 1-45, reason: org.apache.jorphan.util.JMeterStopThreadException: End of file:/Users/gimhuiheon/Documents/study/java-multi-threading/resources/throughput/search_words.csv detected for CSV DataSet:CSV Data Set Config configured with stopThread:true, recycle:false
2026-03-10 00:53:16,873 INFO o.a.j.t.JMeterThread: Thread finished: Thread Group 1-45
2026-03-10 00:53:16,875 INFO o.a.j.t.JMeterThread: Stop Thread seen for thread Thread Group 1-32, reason: org.apache.jorphan.util.JMeterStopThreadException: End of file:/Users/gimhuiheon/Documents/study/java-multi-threading/resources/throughput/search_words.csv detected for CSV DataSet:CSV Data Set Config configured with stopThread:true, recycle:false
2026-03-10 00:53:16,875 INFO o.a.j.t.JMeterThread: Thread finished: Thread Group 1-32
2026-03-10 00:53:16,878 INFO o.a.j.t.JMeterThread: Stop Thread seen for thread Thread Group 1-38, reason: org.apache.jorphan.util.JMeterStopThreadException: End of file:/Users/gimhuiheon/Documents/study/java-multi-threading/resources/throughput/search_words.csv detected for CSV DataSet:CSV Data Set Config configured with stopThread:true, recycle:false
2026-03-10 00:53:16,878 INFO o.a.j.t.JMeterThread: Thread finished: Thread Group 1-38
2026-03-10 00:53:16,880 INFO o.a.j.t.JMeterThread: Stop Thread seen for thread Thread Group 1-88, reason: org.apache.jorphan.util.JMeterStopThreadException: End of file:/Users/gimhuiheon/Documents/study/java-multi-threading/resources/throughput/search_words.csv detected for CSV DataSet:CSV Data Set Config configured with stopThread:true, recycle:false
2026-03-10 00:53:16,880 INFO o.a.j.t.JMeterThread: Thread finished: Thread Group 1-88
2026-03-10 00:53:16,882 INFO o.a.j.t.JMeterThread: Stop Thread seen for thread Thread Group 1-10, reason: org.apache.jorphan.util.JMeterStopThreadException: End of file:/Users/gimhuiheon/Documents/study/java-multi-threading/resources/throughput/search_words.csv detected for CSV DataSet:CSV Data Set Config configured with stopThread:true, recycle:false
2026-03-10 00:53:16,882 INFO o.a.j.t.JMeterThread: Thread finished: Thread Group 1-10
2026-03-10 00:53:16,885 INFO o.a.j.t.JMeterThread: Stop Thread seen for thread Thread Group 1-68, reason: org.apache.jorphan.util.JMeterStopThreadException: End of file:/Users/gimhuiheon/Documents/study/java-multi-threading/resources/throughput/search_words.csv detected for CSV DataSet:CSV Data Set Config configured with stopThread:true, recycle:false
2026-03-10 00:53:16,885 INFO o.a.j.t.JMeterThread: Thread finished: Thread Group 1-68
2026-03-10 00:53:16,887 INFO o.a.j.t.JMeterThread: Stop Thread seen for thread Thread Group 1-70, reason: org.apache.jorphan.util.JMeterStopThreadException: End of file:/Users/gimhuiheon/Documents/study/java-multi-threading/resources/throughput/search_words.csv detected for CSV DataSet:CSV Data Set Config configured with stopThread:true, recycle:false
2026-03-10 00:53:16,887 INFO o.a.j.t.JMeterThread: Thread finished: Thread Group 1-70
2026-03-10 00:53:16,889 INFO o.a.j.t.JMeterThread: Stop Thread seen for thread Thread Group 1-26, reason: org.apache.jorphan.util.JMeterStopThreadException: End of file:/Users/gimhuiheon/Documents/study/java-multi-threading/resources/throughput/search_words.csv detected for CSV DataSet:CSV Data Set Config configured with stopThread:true, recycle:false
2026-03-10 00:53:16,889 INFO o.a.j.t.JMeterThread: Thread finished: Thread Group 1-26
2026-03-10 00:53:16,892 INFO o.a.j.t.JMeterThread: Stop Thread seen for thread Thread Group 1-89, reason: org.apache.jorphan.util.JMeterStopThreadException: End of file:/Users/gimhuiheon/Documents/study/java-multi-threading/resources/throughput/search_words.csv detected for CSV DataSet:CSV Data Set Config configured with stopThread:true, recycle:false
2026-03-10 00:53:16,892 INFO o.a.j.t.JMeterThread: Thread finished: Thread Group 1-89
2026-03-10 00:53:16,894 INFO o.a.j.t.JMeterThread: Stop Thread seen for thread Thread Group 1-69, reason: org.apache.jorphan.util.JMeterStopThreadException: End of file:/Users/gimhuiheon/Documents/study/java-multi-threading/resources/throughput/search_words.csv detected for CSV DataSet:CSV Data Set Config configured with stopThread:true, recycle:false
2026-03-10 00:53:16,894 INFO o.a.j.t.JMeterThread: Thread finished: Thread Group 1-69
2026-03-10 00:53:16,896 INFO o.a.j.t.JMeterThread: Stop Thread seen for thread Thread Group 1-55, reason: org.apache.jorphan.util.JMeterStopThreadException: End of file:/Users/gimhuiheon/Documents/study/java-multi-threading/resources/throughput/search_words.csv detected for CSV DataSet:CSV Data Set Config configured with stopThread:true, recycle:false
2026-03-10 00:53:16,896 INFO o.a.j.t.JMeterThread: Thread finished: Thread Group 1-55
2026-03-10 00:53:16,898 INFO o.a.j.t.JMeterThread: Stop Thread seen for thread Thread Group 1-56, reason: org.apache.jorphan.util.JMeterStopThreadException: End of file:/Users/gimhuiheon/Documents/study/java-multi-threading/resources/throughput/search_words.csv detected for CSV DataSet:CSV Data Set Config configured with stopThread:true, recycle:false
2026-03-10 00:53:16,898 INFO o.a.j.t.JMeterThread: Thread finished: Thread Group 1-56
2026-03-10 00:53:16,901 INFO o.a.j.t.JMeterThread: Stop Thread seen for thread Thread Group 1-90, reason: org.apache.jorphan.util.JMeterStopThreadException: End of file:/Users/gimhuiheon/Documents/study/java-multi-threading/resources/throughput/search_words.csv detected for CSV DataSet:CSV Data Set Config configured with stopThread:true, recycle:false
2026-03-10 00:53:16,901 INFO o.a.j.t.JMeterThread: Thread finished: Thread Group 1-90
2026-03-10 00:53:16,903 INFO o.a.j.t.JMeterThread: Stop Thread seen for thread Thread Group 1-47, reason: org.apache.jorphan.util.JMeterStopThreadException: End of file:/Users/gimhuiheon/Documents/study/java-multi-threading/resources/throughput/search_words.csv detected for CSV DataSet:CSV Data Set Config configured with stopThread:true, recycle:false
2026-03-10 00:53:16,903 INFO o.a.j.t.JMeterThread: Thread finished: Thread Group 1-47
2026-03-10 00:53:16,903 INFO o.a.j.e.StandardJMeterEngine: Notifying test listeners of end of test
2026-03-10 00:53:16,903 INFO o.a.j.s.FileServer: Close: /Users/gimhuiheon/Documents/study/java-multi-threading/resources/throughput/search_words.csv
2026-03-10 00:53:16,904 INFO o.a.j.g.u.JMeterMenuBar: setRunning(false, *local*)
2026-03-10 00:53:25,248 INFO o.a.j.e.StandardJMeterEngine: Running the test!
2026-03-10 00:53:25,248 INFO o.a.j.s.SampleEvent: List of sample_variables: []
2026-03-10 00:53:25,248 INFO o.a.j.g.u.JMeterMenuBar: setRunning(true, *local*)
2026-03-10 00:53:25,295 INFO o.a.j.e.StandardJMeterEngine: Starting ThreadGroup: 1 : Thread Group
2026-03-10 00:53:25,295 INFO o.a.j.e.StandardJMeterEngine: Starting 100 threads for group Thread Group.
2026-03-10 00:53:25,295 INFO o.a.j.e.StandardJMeterEngine: Thread will continue on error
2026-03-10 00:53:25,295 INFO o.a.j.t.ThreadGroup: Starting thread group... number=1 threads=100 ramp-up=1 delayedStart=false
2026-03-10 00:53:25,296 INFO o.a.j.t.JMeterThread: Thread started: Thread Group 1-1
2026-03-10 00:53:25,297 INFO o.a.j.s.FileServer: Stored: /Users/gimhuiheon/Documents/study/java-multi-threading/resources/throughput/search_words.csv
2026-03-10 00:53:25,307 INFO o.a.j.t.JMeterThread: Thread started: Thread Group 1-2
2026-03-10 00:53:25,308 INFO o.a.j.t.ThreadGroup: Started thread group number 1
2026-03-10 00:53:25,308 INFO o.a.j.e.StandardJMeterEngine: All thread groups have been started
2026-03-10 00:53:25,316 INFO o.a.j.t.JMeterThread: Thread started: Thread Group 1-3
2026-03-10 00:53:25,327 INFO o.a.j.t.JMeterThread: Thread started: Thread Group 1-4
2026-03-10 00:53:25,338 INFO o.a.j.t.JMeterThread: Thread started: Thread Group 1-5
2026-03-10 00:53:25,347 INFO o.a.j.t.JMeterThread: Thread started: Thread Group 1-6
2026-03-10 00:53:25,355 INFO o.a.j.t.JMeterThread: Thread started: Thread Group 1-7
2026-03-10 00:53:25,368 INFO o.a.j.t.JMeterThread: Thread started: Thread Group 1-8
2026-03-10 00:53:25,377 INFO o.a.j.t.JMeterThread: Thread started: Thread Group 1-9
2026-03-10 00:53:25,387 INFO o.a.j.t.JMeterThread: Thread started: Thread Group 1-10
2026-03-10 00:53:25,400 INFO o.a.j.t.JMeterThread: Thread started: Thread Group 1-11
2026-03-10 00:53:25,410 INFO o.a.j.t.JMeterThread: Thread started: Thread Group 1-12
2026-03-10 00:53:25,418 INFO o.a.j.t.JMeterThread: Thread started: Thread Group 1-13
2026-03-10 00:53:25,429 INFO o.a.j.t.JMeterThread: Thread started: Thread Group 1-14
2026-03-10 00:53:25,438 INFO o.a.j.t.JMeterThread: Thread started: Thread Group 1-15
2026-03-10 00:53:25,450 INFO o.a.j.t.JMeterThread: Thread started: Thread Group 1-16
2026-03-10 00:53:25,460 INFO o.a.j.t.JMeterThread: Thread started: Thread Group 1-17
2026-03-10 00:53:25,467 INFO o.a.j.t.JMeterThread: Thread started: Thread Group 1-18
2026-03-10 00:53:25,477 INFO o.a.j.t.JMeterThread: Thread started: Thread Group 1-19
2026-03-10 00:53:25,485 INFO o.a.j.t.JMeterThread: Thread started: Thread Group 1-20
2026-03-10 00:53:25,498 INFO o.a.j.t.JMeterThread: Thread started: Thread Group 1-21
2026-03-10 00:53:25,509 INFO o.a.j.t.JMeterThread: Thread started: Thread Group 1-22
2026-03-10 00:53:25,516 INFO o.a.j.t.JMeterThread: Thread started: Thread Group 1-23
2026-03-10 00:53:25,527 INFO o.a.j.t.JMeterThread: Thread started: Thread Group 1-24
2026-03-10 00:53:25,539 INFO o.a.j.t.JMeterThread: Thread started: Thread Group 1-25
2026-03-10 00:53:25,549 INFO o.a.j.t.JMeterThread: Thread started: Thread Group 1-26
2026-03-10 00:53:25,560 INFO o.a.j.t.JMeterThread: Thread started: Thread Group 1-27
2026-03-10 00:53:25,569 INFO o.a.j.t.JMeterThread: Thread started: Thread Group 1-28
2026-03-10 00:53:25,577 INFO o.a.j.t.JMeterThread: Thread started: Thread Group 1-29
2026-03-10 00:53:25,590 INFO o.a.j.t.JMeterThread: Thread started: Thread Group 1-30
2026-03-10 00:53:25,600 INFO o.a.j.t.JMeterThread: Thread started: Thread Group 1-31
2026-03-10 00:53:25,610 INFO o.a.j.t.JMeterThread: Thread started: Thread Group 1-32
2026-03-10 00:53:25,619 INFO o.a.j.t.JMeterThread: Thread started: Thread Group 1-33
2026-03-10 00:53:25,630 INFO o.a.j.t.JMeterThread: Thread started: Thread Group 1-34
2026-03-10 00:53:25,637 INFO o.a.j.t.JMeterThread: Thread started: Thread Group 1-35
2026-03-10 00:53:25,648 INFO o.a.j.t.JMeterThread: Thread started: Thread Group 1-36
2026-03-10 00:53:25,656 INFO o.a.j.t.JMeterThread: Thread started: Thread Group 1-37
2026-03-10 00:53:25,668 INFO o.a.j.t.JMeterThread: Thread started: Thread Group 1-38
2026-03-10 00:53:25,679 INFO o.a.j.t.JMeterThread: Thread started: Thread Group 1-39
2026-03-10 00:53:25,690 INFO o.a.j.t.JMeterThread: Thread started: Thread Group 1-40
2026-03-10 00:53:25,697 INFO o.a.j.t.JMeterThread: Thread started: Thread Group 1-41
2026-03-10 00:53:25,710 INFO o.a.j.t.JMeterThread: Thread started: Thread Group 1-42
2026-03-10 00:53:25,719 INFO o.a.j.t.JMeterThread: Thread started: Thread Group 1-43
2026-03-10 00:53:25,727 INFO o.a.j.t.JMeterThread: Thread started: Thread Group 1-44
2026-03-10 00:53:25,740 INFO o.a.j.t.JMeterThread: Thread started: Thread Group 1-45
2026-03-10 00:53:25,751 INFO o.a.j.t.JMeterThread: Thread started: Thread Group 1-46
2026-03-10 00:53:25,759 INFO o.a.j.t.JMeterThread: Thread started: Thread Group 1-47
2026-03-10 00:53:25,770 INFO o.a.j.t.JMeterThread: Thread started: Thread Group 1-48
2026-03-10 00:53:25,778 INFO o.a.j.t.JMeterThread: Thread started: Thread Group 1-49
2026-03-10 00:53:25,790 INFO o.a.j.t.JMeterThread: Thread started: Thread Group 1-50
2026-03-10 00:53:25,797 INFO o.a.j.t.JMeterThread: Thread started: Thread Group 1-51
2026-03-10 00:53:25,809 INFO o.a.j.t.JMeterThread: Thread started: Thread Group 1-52
2026-03-10 00:53:25,820 INFO o.a.j.t.JMeterThread: Thread started: Thread Group 1-53
2026-03-10 00:53:25,829 INFO o.a.j.t.JMeterThread: Thread started: Thread Group 1-54
2026-03-10 00:53:25,840 INFO o.a.j.t.JMeterThread: Thread started: Thread Group 1-55
2026-03-10 00:53:25,850 INFO o.a.j.t.JMeterThread: Thread started: Thread Group 1-56
2026-03-10 00:53:25,859 INFO o.a.j.t.JMeterThread: Thread started: Thread Group 1-57
2026-03-10 00:53:25,868 INFO o.a.j.t.JMeterThread: Thread started: Thread Group 1-58
2026-03-10 00:53:25,877 INFO o.a.j.t.JMeterThread: Thread started: Thread Group 1-59
2026-03-10 00:53:25,891 INFO o.a.j.t.JMeterThread: Thread started: Thread Group 1-60
2026-03-10 00:53:25,901 INFO o.a.j.t.JMeterThread: Thread started: Thread Group 1-61
2026-03-10 00:53:25,907 INFO o.a.j.t.JMeterThread: Thread started: Thread Group 1-62
2026-03-10 00:53:25,916 INFO o.a.j.t.JMeterThread: Thread started: Thread Group 1-63
2026-03-10 00:53:25,927 INFO o.a.j.t.JMeterThread: Thread started: Thread Group 1-64
2026-03-10 00:53:25,935 INFO o.a.j.t.JMeterThread: Thread started: Thread Group 1-65
2026-03-10 00:53:25,946 INFO o.a.j.t.JMeterThread: Thread started: Thread Group 1-66
2026-03-10 00:53:25,960 INFO o.a.j.t.JMeterThread: Thread started: Thread Group 1-67
2026-03-10 00:53:25,968 INFO o.a.j.t.JMeterThread: Thread started: Thread Group 1-68
2026-03-10 00:53:25,979 INFO o.a.j.t.JMeterThread: Thread started: Thread Group 1-69
2026-03-10 00:53:25,986 INFO o.a.j.t.JMeterThread: Thread started: Thread Group 1-70
2026-03-10 00:53:26,000 INFO o.a.j.t.JMeterThread: Thread started: Thread Group 1-71
2026-03-10 00:53:26,010 INFO o.a.j.t.JMeterThread: Thread started: Thread Group 1-72
2026-03-10 00:53:26,015 INFO o.a.j.t.JMeterThread: Thread started: Thread Group 1-73
2026-03-10 00:53:26,028 INFO o.a.j.t.JMeterThread: Thread started: Thread Group 1-74
2026-03-10 00:53:26,041 INFO o.a.j.t.JMeterThread: Thread started: Thread Group 1-75
2026-03-10 00:53:26,050 INFO o.a.j.t.JMeterThread: Thread started: Thread Group 1-76
2026-03-10 00:53:26,060 INFO o.a.j.t.JMeterThread: Thread started: Thread Group 1-77
2026-03-10 00:53:26,068 INFO o.a.j.t.JMeterThread: Thread started: Thread Group 1-78
2026-03-10 00:53:26,077 INFO o.a.j.t.JMeterThread: Thread started: Thread Group 1-79
2026-03-10 00:53:26,090 INFO o.a.j.t.JMeterThread: Thread started: Thread Group 1-80
2026-03-10 00:53:26,098 INFO o.a.j.t.JMeterThread: Thread started: Thread Group 1-81
2026-03-10 00:53:26,109 INFO o.a.j.t.JMeterThread: Thread started: Thread Group 1-82
2026-03-10 00:53:26,120 INFO o.a.j.t.JMeterThread: Thread started: Thread Group 1-83
2026-03-10 00:53:26,130 INFO o.a.j.t.JMeterThread: Thread started: Thread Group 1-84
2026-03-10 00:53:26,141 INFO o.a.j.t.JMeterThread: Thread started: Thread Group 1-85
2026-03-10 00:53:26,148 INFO o.a.j.t.JMeterThread: Thread started: Thread Group 1-86
2026-03-10 00:53:26,160 INFO o.a.j.t.JMeterThread: Thread started: Thread Group 1-87
2026-03-10 00:53:26,170 INFO o.a.j.t.JMeterThread: Thread started: Thread Group 1-88
2026-03-10 00:53:26,180 INFO o.a.j.t.JMeterThread: Thread started: Thread Group 1-89
2026-03-10 00:53:26,190 INFO o.a.j.t.JMeterThread: Thread started: Thread Group 1-90
2026-03-10 00:53:26,200 INFO o.a.j.t.JMeterThread: Thread started: Thread Group 1-91
2026-03-10 00:53:26,210 INFO o.a.j.t.JMeterThread: Thread started: Thread Group 1-92
2026-03-10 00:53:26,220 INFO o.a.j.t.JMeterThread: Thread started: Thread Group 1-93
2026-03-10 00:53:26,226 INFO o.a.j.t.JMeterThread: Thread started: Thread Group 1-94
2026-03-10 00:53:26,240 INFO o.a.j.t.JMeterThread: Thread started: Thread Group 1-95
2026-03-10 00:53:26,246 INFO o.a.j.t.JMeterThread: Thread started: Thread Group 1-96
2026-03-10 00:53:26,261 INFO o.a.j.t.JMeterThread: Thread started: Thread Group 1-97
2026-03-10 00:53:26,271 INFO o.a.j.t.JMeterThread: Thread started: Thread Group 1-98
2026-03-10 00:53:26,280 INFO o.a.j.t.JMeterThread: Thread started: Thread Group 1-99
2026-03-10 00:53:26,286 INFO o.a.j.t.JMeterThread: Thread started: Thread Group 1-100
2026-03-10 00:53:32,415 INFO o.a.j.t.JMeterThread: Stop Thread seen for thread Thread Group 1-98, reason: org.apache.jorphan.util.JMeterStopThreadException: End of file:/Users/gimhuiheon/Documents/study/java-multi-threading/resources/throughput/search_words.csv detected for CSV DataSet:CSV Data Set Config configured with stopThread:true, recycle:false
2026-03-10 00:53:32,416 INFO o.a.j.t.JMeterThread: Thread finished: Thread Group 1-98
2026-03-10 00:53:32,418 INFO o.a.j.t.JMeterThread: Stop Thread seen for thread Thread Group 1-65, reason: org.apache.jorphan.util.JMeterStopThreadException: End of file:/Users/gimhuiheon/Documents/study/java-multi-threading/resources/throughput/search_words.csv detected for CSV DataSet:CSV Data Set Config configured with stopThread:true, recycle:false
2026-03-10 00:53:32,418 INFO o.a.j.t.JMeterThread: Thread finished: Thread Group 1-65
2026-03-10 00:53:32,421 INFO o.a.j.t.JMeterThread: Stop Thread seen for thread Thread Group 1-82, reason: org.apache.jorphan.util.JMeterStopThreadException: End of file:/Users/gimhuiheon/Documents/study/java-multi-threading/resources/throughput/search_words.csv detected for CSV DataSet:CSV Data Set Config configured with stopThread:true, recycle:false
2026-03-10 00:53:32,421 INFO o.a.j.t.JMeterThread: Thread finished: Thread Group 1-82
2026-03-10 00:53:32,424 INFO o.a.j.t.JMeterThread: Stop Thread seen for thread Thread Group 1-5, reason: org.apache.jorphan.util.JMeterStopThreadException: End of file:/Users/gimhuiheon/Documents/study/java-multi-threading/resources/throughput/search_words.csv detected for CSV DataSet:CSV Data Set Config configured with stopThread:true, recycle:false
2026-03-10 00:53:32,424 INFO o.a.j.t.JMeterThread: Thread finished: Thread Group 1-5
2026-03-10 00:53:32,427 INFO o.a.j.t.JMeterThread: Stop Thread seen for thread Thread Group 1-11, reason: org.apache.jorphan.util.JMeterStopThreadException: End of file:/Users/gimhuiheon/Documents/study/java-multi-threading/resources/throughput/search_words.csv detected for CSV DataSet:CSV Data Set Config configured with stopThread:true, recycle:false
2026-03-10 00:53:32,427 INFO o.a.j.t.JMeterThread: Thread finished: Thread Group 1-11
2026-03-10 00:53:32,430 INFO o.a.j.t.JMeterThread: Stop Thread seen for thread Thread Group 1-4, reason: org.apache.jorphan.util.JMeterStopThreadException: End of file:/Users/gimhuiheon/Documents/study/java-multi-threading/resources/throughput/search_words.csv detected for CSV DataSet:CSV Data Set Config configured with stopThread:true, recycle:false
2026-03-10 00:53:32,430 INFO o.a.j.t.JMeterThread: Thread finished: Thread Group 1-4
2026-03-10 00:53:32,433 INFO o.a.j.t.JMeterThread: Stop Thread seen for thread Thread Group 1-28, reason: org.apache.jorphan.util.JMeterStopThreadException: End of file:/Users/gimhuiheon/Documents/study/java-multi-threading/resources/throughput/search_words.csv detected for CSV DataSet:CSV Data Set Config configured with stopThread:true, recycle:false
2026-03-10 00:53:32,433 INFO o.a.j.t.JMeterThread: Thread finished: Thread Group 1-28
2026-03-10 00:53:32,436 INFO o.a.j.t.JMeterThread: Stop Thread seen for thread Thread Group 1-34, reason: org.apache.jorphan.util.JMeterStopThreadException: End of file:/Users/gimhuiheon/Documents/study/java-multi-threading/resources/throughput/search_words.csv detected for CSV DataSet:CSV Data Set Config configured with stopThread:true, recycle:false
2026-03-10 00:53:32,436 INFO o.a.j.t.JMeterThread: Thread finished: Thread Group 1-34
2026-03-10 00:53:32,440 INFO o.a.j.t.JMeterThread: Stop Thread seen for thread Thread Group 1-99, reason: org.apache.jorphan.util.JMeterStopThreadException: End of file:/Users/gimhuiheon/Documents/study/java-multi-threading/resources/throughput/search_words.csv detected for CSV DataSet:CSV Data Set Config configured with stopThread:true, recycle:false
2026-03-10 00:53:32,440 INFO o.a.j.t.JMeterThread: Thread finished: Thread Group 1-99
2026-03-10 00:53:32,443 INFO o.a.j.t.JMeterThread: Stop Thread seen for thread Thread Group 1-66, reason: org.apache.jorphan.util.JMeterStopThreadException: End of file:/Users/gimhuiheon/Documents/study/java-multi-threading/resources/throughput/search_words.csv detected for CSV DataSet:CSV Data Set Config configured with stopThread:true, recycle:false
2026-03-10 00:53:32,443 INFO o.a.j.t.JMeterThread: Thread finished: Thread Group 1-66
2026-03-10 00:53:32,446 INFO o.a.j.t.JMeterThread: Stop Thread seen for thread Thread Group 1-100, reason: org.apache.jorphan.util.JMeterStopThreadException: End of file:/Users/gimhuiheon/Documents/study/java-multi-threading/resources/throughput/search_words.csv detected for CSV DataSet:CSV Data Set Config configured with stopThread:true, recycle:false
2026-03-10 00:53:32,446 INFO o.a.j.t.JMeterThread: Thread finished: Thread Group 1-100
2026-03-10 00:53:32,449 INFO o.a.j.t.JMeterThread: Stop Thread seen for thread Thread Group 1-52, reason: org.apache.jorphan.util.JMeterStopThreadException: End of file:/Users/gimhuiheon/Documents/study/java-multi-threading/resources/throughput/search_words.csv detected for CSV DataSet:CSV Data Set Config configured with stopThread:true, recycle:false
2026-03-10 00:53:32,449 INFO o.a.j.t.JMeterThread: Thread finished: Thread Group 1-52
2026-03-10 00:53:32,453 INFO o.a.j.t.JMeterThread: Stop Thread seen for thread Thread Group 1-35, reason: org.apache.jorphan.util.JMeterStopThreadException: End of file:/Users/gimhuiheon/Documents/study/java-multi-threading/resources/throughput/search_words.csv detected for CSV DataSet:CSV Data Set Config configured with stopThread:true, recycle:false
2026-03-10 00:53:32,453 INFO o.a.j.t.JMeterThread: Thread finished: Thread Group 1-35
2026-03-10 00:53:32,456 INFO o.a.j.t.JMeterThread: Stop Thread seen for thread Thread Group 1-83, reason: org.apache.jorphan.util.JMeterStopThreadException: End of file:/Users/gimhuiheon/Documents/study/java-multi-threading/resources/throughput/search_words.csv detected for CSV DataSet:CSV Data Set Config configured with stopThread:true, recycle:false
2026-03-10 00:53:32,456 INFO o.a.j.t.JMeterThread: Thread finished: Thread Group 1-83
2026-03-10 00:53:32,459 INFO o.a.j.t.JMeterThread: Stop Thread seen for thread Thread Group 1-29, reason: org.apache.jorphan.util.JMeterStopThreadException: End of file:/Users/gimhuiheon/Documents/study/java-multi-threading/resources/throughput/search_words.csv detected for CSV DataSet:CSV Data Set Config configured with stopThread:true, recycle:false
2026-03-10 00:53:32,459 INFO o.a.j.t.JMeterThread: Thread finished: Thread Group 1-29
2026-03-10 00:53:32,462 INFO o.a.j.t.JMeterThread: Stop Thread seen for thread Thread Group 1-42, reason: org.apache.jorphan.util.JMeterStopThreadException: End of file:/Users/gimhuiheon/Documents/study/java-multi-threading/resources/throughput/search_words.csv detected for CSV DataSet:CSV Data Set Config configured with stopThread:true, recycle:false
2026-03-10 00:53:32,462 INFO o.a.j.t.JMeterThread: Thread finished: Thread Group 1-42
2026-03-10 00:53:32,465 INFO o.a.j.t.JMeterThread: Stop Thread seen for thread Thread Group 1-24, reason: org.apache.jorphan.util.JMeterStopThreadException: End of file:/Users/gimhuiheon/Documents/study/java-multi-threading/resources/throughput/search_words.csv detected for CSV DataSet:CSV Data Set Config configured with stopThread:true, recycle:false
2026-03-10 00:53:32,465 INFO o.a.j.t.JMeterThread: Thread finished: Thread Group 1-24
2026-03-10 00:53:32,467 INFO o.a.j.t.JMeterThread: Stop Thread seen for thread Thread Group 1-3, reason: org.apache.jorphan.util.JMeterStopThreadException: End of file:/Users/gimhuiheon/Documents/study/java-multi-threading/resources/throughput/search_words.csv detected for CSV DataSet:CSV Data Set Config configured with stopThread:true, recycle:false
2026-03-10 00:53:32,467 INFO o.a.j.t.JMeterThread: Thread finished: Thread Group 1-3
2026-03-10 00:53:32,471 INFO o.a.j.t.JMeterThread: Stop Thread seen for thread Thread Group 1-67, reason: org.apache.jorphan.util.JMeterStopThreadException: End of file:/Users/gimhuiheon/Documents/study/java-multi-threading/resources/throughput/search_words.csv detected for CSV DataSet:CSV Data Set Config configured with stopThread:true, recycle:false
2026-03-10 00:53:32,471 INFO o.a.j.t.JMeterThread: Thread finished: Thread Group 1-67
2026-03-10 00:53:32,474 INFO o.a.j.t.JMeterThread: Stop Thread seen for thread Thread Group 1-53, reason: org.apache.jorphan.util.JMeterStopThreadException: End of file:/Users/gimhuiheon/Documents/study/java-multi-threading/resources/throughput/search_words.csv detected for CSV DataSet:CSV Data Set Config configured with stopThread:true, recycle:false
2026-03-10 00:53:32,474 INFO o.a.j.t.JMeterThread: Thread finished: Thread Group 1-53
2026-03-10 00:53:32,477 INFO o.a.j.t.JMeterThread: Stop Thread seen for thread Thread Group 1-84, reason: org.apache.jorphan.util.JMeterStopThreadException: End of file:/Users/gimhuiheon/Documents/study/java-multi-threading/resources/throughput/search_words.csv detected for CSV DataSet:CSV Data Set Config configured with stopThread:true, recycle:false
2026-03-10 00:53:32,477 INFO o.a.j.t.JMeterThread: Thread finished: Thread Group 1-84
2026-03-10 00:53:32,480 INFO o.a.j.t.JMeterThread: Stop Thread seen for thread Thread Group 1-68, reason: org.apache.jorphan.util.JMeterStopThreadException: End of file:/Users/gimhuiheon/Documents/study/java-multi-threading/resources/throughput/search_words.csv detected for CSV DataSet:CSV Data Set Config configured with stopThread:true, recycle:false
2026-03-10 00:53:32,480 INFO o.a.j.t.JMeterThread: Thread finished: Thread Group 1-68
2026-03-10 00:53:32,483 INFO o.a.j.t.JMeterThread: Stop Thread seen for thread Thread Group 1-43, reason: org.apache.jorphan.util.JMeterStopThreadException: End of file:/Users/gimhuiheon/Documents/study/java-multi-threading/resources/throughput/search_words.csv detected for CSV DataSet:CSV Data Set Config configured with stopThread:true, recycle:false
2026-03-10 00:53:32,483 INFO o.a.j.t.JMeterThread: Thread finished: Thread Group 1-43
2026-03-10 00:53:32,486 INFO o.a.j.t.JMeterThread: Stop Thread seen for thread Thread Group 1-69, reason: org.apache.jorphan.util.JMeterStopThreadException: End of file:/Users/gimhuiheon/Documents/study/java-multi-threading/resources/throughput/search_words.csv detected for CSV DataSet:CSV Data Set Config configured with stopThread:true, recycle:false
2026-03-10 00:53:32,486 INFO o.a.j.t.JMeterThread: Thread finished: Thread Group 1-69
2026-03-10 00:53:32,489 INFO o.a.j.t.JMeterThread: Stop Thread seen for thread Thread Group 1-2, reason: org.apache.jorphan.util.JMeterStopThreadException: End of file:/Users/gimhuiheon/Documents/study/java-multi-threading/resources/throughput/search_words.csv detected for CSV DataSet:CSV Data Set Config configured with stopThread:true, recycle:false
2026-03-10 00:53:32,489 INFO o.a.j.t.JMeterThread: Thread finished: Thread Group 1-2
2026-03-10 00:53:32,492 INFO o.a.j.t.JMeterThread: Stop Thread seen for thread Thread Group 1-85, reason: org.apache.jorphan.util.JMeterStopThreadException: End of file:/Users/gimhuiheon/Documents/study/java-multi-threading/resources/throughput/search_words.csv detected for CSV DataSet:CSV Data Set Config configured with stopThread:true, recycle:false
2026-03-10 00:53:32,492 INFO o.a.j.t.JMeterThread: Thread finished: Thread Group 1-85
2026-03-10 00:53:32,495 INFO o.a.j.t.JMeterThread: Stop Thread seen for thread Thread Group 1-70, reason: org.apache.jorphan.util.JMeterStopThreadException: End of file:/Users/gimhuiheon/Documents/study/java-multi-threading/resources/throughput/search_words.csv detected for CSV DataSet:CSV Data Set Config configured with stopThread:true, recycle:false
2026-03-10 00:53:32,495 INFO o.a.j.t.JMeterThread: Thread finished: Thread Group 1-70
2026-03-10 00:53:32,498 INFO o.a.j.t.JMeterThread: Stop Thread seen for thread Thread Group 1-13, reason: org.apache.jorphan.util.JMeterStopThreadException: End of file:/Users/gimhuiheon/Documents/study/java-multi-threading/resources/throughput/search_words.csv detected for CSV DataSet:CSV Data Set Config configured with stopThread:true, recycle:false
2026-03-10 00:53:32,498 INFO o.a.j.t.JMeterThread: Thread finished: Thread Group 1-13
2026-03-10 00:53:32,501 INFO o.a.j.t.JMeterThread: Stop Thread seen for thread Thread Group 1-16, reason: org.apache.jorphan.util.JMeterStopThreadException: End of file:/Users/gimhuiheon/Documents/study/java-multi-threading/resources/throughput/search_words.csv detected for CSV DataSet:CSV Data Set Config configured with stopThread:true, recycle:false
2026-03-10 00:53:32,501 INFO o.a.j.t.JMeterThread: Thread finished: Thread Group 1-16
2026-03-10 00:53:32,504 INFO o.a.j.t.JMeterThread: Stop Thread seen for thread Thread Group 1-54, reason: org.apache.jorphan.util.JMeterStopThreadException: End of file:/Users/gimhuiheon/Documents/study/java-multi-threading/resources/throughput/search_words.csv detected for CSV DataSet:CSV Data Set Config configured with stopThread:true, recycle:false
2026-03-10 00:53:32,504 INFO o.a.j.t.JMeterThread: Thread finished: Thread Group 1-54
2026-03-10 00:53:32,522 INFO o.a.j.t.JMeterThread: Stop Thread seen for thread Thread Group 1-36, reason: org.apache.jorphan.util.JMeterStopThreadException: End of file:/Users/gimhuiheon/Documents/study/java-multi-threading/resources/throughput/search_words.csv detected for CSV DataSet:CSV Data Set Config configured with stopThread:true, recycle:false
2026-03-10 00:53:32,523 INFO o.a.j.t.JMeterThread: Thread finished: Thread Group 1-36
2026-03-10 00:53:32,523 INFO o.a.j.t.JMeterThread: Stop Thread seen for thread Thread Group 1-8, reason: org.apache.jorphan.util.JMeterStopThreadException: End of file:/Users/gimhuiheon/Documents/study/java-multi-threading/resources/throughput/search_words.csv detected for CSV DataSet:CSV Data Set Config configured with stopThread:true, recycle:false
2026-03-10 00:53:32,523 INFO o.a.j.t.JMeterThread: Thread finished: Thread Group 1-8
2026-03-10 00:53:32,523 INFO o.a.j.t.JMeterThread: Stop Thread seen for thread Thread Group 1-71, reason: org.apache.jorphan.util.JMeterStopThreadException: End of file:/Users/gimhuiheon/Documents/study/java-multi-threading/resources/throughput/search_words.csv detected for CSV DataSet:CSV Data Set Config configured with stopThread:true, recycle:false
2026-03-10 00:53:32,523 INFO o.a.j.t.JMeterThread: Thread finished: Thread Group 1-71
2026-03-10 00:53:32,523 INFO o.a.j.t.JMeterThread: Stop Thread seen for thread Thread Group 1-55, reason: org.apache.jorphan.util.JMeterStopThreadException: End of file:/Users/gimhuiheon/Documents/study/java-multi-threading/resources/throughput/search_words.csv detected for CSV DataSet:CSV Data Set Config configured with stopThread:true, recycle:false
2026-03-10 00:53:32,524 INFO o.a.j.t.JMeterThread: Thread finished: Thread Group 1-55
2026-03-10 00:53:32,524 INFO o.a.j.t.JMeterThread: Stop Thread seen for thread Thread Group 1-86, reason: org.apache.jorphan.util.JMeterStopThreadException: End of file:/Users/gimhuiheon/Documents/study/java-multi-threading/resources/throughput/search_words.csv detected for CSV DataSet:CSV Data Set Config configured with stopThread:true, recycle:false
2026-03-10 00:53:32,524 INFO o.a.j.t.JMeterThread: Thread finished: Thread Group 1-86
2026-03-10 00:53:32,524 INFO o.a.j.t.JMeterThread: Stop Thread seen for thread Thread Group 1-44, reason: org.apache.jorphan.util.JMeterStopThreadException: End of file:/Users/gimhuiheon/Documents/study/java-multi-threading/resources/throughput/search_words.csv detected for CSV DataSet:CSV Data Set Config configured with stopThread:true, recycle:false
2026-03-10 00:53:32,524 INFO o.a.j.t.JMeterThread: Thread finished: Thread Group 1-44
2026-03-10 00:53:32,527 INFO o.a.j.t.JMeterThread: Stop Thread seen for thread Thread Group 1-1, reason: org.apache.jorphan.util.JMeterStopThreadException: End of file:/Users/gimhuiheon/Documents/study/java-multi-threading/resources/throughput/search_words.csv detected for CSV DataSet:CSV Data Set Config configured with stopThread:true, recycle:false
2026-03-10 00:53:32,527 INFO o.a.j.t.JMeterThread: Thread finished: Thread Group 1-1
2026-03-10 00:53:32,531 INFO o.a.j.t.JMeterThread: Stop Thread seen for thread Thread Group 1-87, reason: org.apache.jorphan.util.JMeterStopThreadException: End of file:/Users/gimhuiheon/Documents/study/java-multi-threading/resources/throughput/search_words.csv detected for CSV DataSet:CSV Data Set Config configured with stopThread:true, recycle:false
2026-03-10 00:53:32,531 INFO o.a.j.t.JMeterThread: Thread finished: Thread Group 1-87
2026-03-10 00:53:32,534 INFO o.a.j.t.JMeterThread: Stop Thread seen for thread Thread Group 1-17, reason: org.apache.jorphan.util.JMeterStopThreadException: End of file:/Users/gimhuiheon/Documents/study/java-multi-threading/resources/throughput/search_words.csv detected for CSV DataSet:CSV Data Set Config configured with stopThread:true, recycle:false
2026-03-10 00:53:32,534 INFO o.a.j.t.JMeterThread: Thread finished: Thread Group 1-17
2026-03-10 00:53:32,538 INFO o.a.j.t.JMeterThread: Stop Thread seen for thread Thread Group 1-37, reason: org.apache.jorphan.util.JMeterStopThreadException: End of file:/Users/gimhuiheon/Documents/study/java-multi-threading/resources/throughput/search_words.csv detected for CSV DataSet:CSV Data Set Config configured with stopThread:true, recycle:false
2026-03-10 00:53:32,538 INFO o.a.j.t.JMeterThread: Thread finished: Thread Group 1-37
2026-03-10 00:53:32,542 INFO o.a.j.t.JMeterThread: Stop Thread seen for thread Thread Group 1-72, reason: org.apache.jorphan.util.JMeterStopThreadException: End of file:/Users/gimhuiheon/Documents/study/java-multi-threading/resources/throughput/search_words.csv detected for CSV DataSet:CSV Data Set Config configured with stopThread:true, recycle:false
2026-03-10 00:53:32,542 INFO o.a.j.t.JMeterThread: Thread finished: Thread Group 1-72
2026-03-10 00:53:32,544 INFO o.a.j.t.JMeterThread: Stop Thread seen for thread Thread Group 1-30, reason: org.apache.jorphan.util.JMeterStopThreadException: End of file:/Users/gimhuiheon/Documents/study/java-multi-threading/resources/throughput/search_words.csv detected for CSV DataSet:CSV Data Set Config configured with stopThread:true, recycle:false
2026-03-10 00:53:32,544 INFO o.a.j.t.JMeterThread: Thread finished: Thread Group 1-30
2026-03-10 00:53:32,548 INFO o.a.j.t.JMeterThread: Stop Thread seen for thread Thread Group 1-45, reason: org.apache.jorphan.util.JMeterStopThreadException: End of file:/Users/gimhuiheon/Documents/study/java-multi-threading/resources/throughput/search_words.csv detected for CSV DataSet:CSV Data Set Config configured with stopThread:true, recycle:false
2026-03-10 00:53:32,548 INFO o.a.j.t.JMeterThread: Thread finished: Thread Group 1-45
2026-03-10 00:53:32,552 INFO o.a.j.t.JMeterThread: Stop Thread seen for thread Thread Group 1-88, reason: org.apache.jorphan.util.JMeterStopThreadException: End of file:/Users/gimhuiheon/Documents/study/java-multi-threading/resources/throughput/search_words.csv detected for CSV DataSet:CSV Data Set Config configured with stopThread:true, recycle:false
2026-03-10 00:53:32,552 INFO o.a.j.t.JMeterThread: Thread finished: Thread Group 1-88
2026-03-10 00:53:32,556 INFO o.a.j.t.JMeterThread: Stop Thread seen for thread Thread Group 1-73, reason: org.apache.jorphan.util.JMeterStopThreadException: End of file:/Users/gimhuiheon/Documents/study/java-multi-threading/resources/throughput/search_words.csv detected for CSV DataSet:CSV Data Set Config configured with stopThread:true, recycle:false
2026-03-10 00:53:32,556 INFO o.a.j.t.JMeterThread: Thread finished: Thread Group 1-73
2026-03-10 00:53:32,561 INFO o.a.j.t.JMeterThread: Stop Thread seen for thread Thread Group 1-21, reason: org.apache.jorphan.util.JMeterStopThreadException: End of file:/Users/gimhuiheon/Documents/study/java-multi-threading/resources/throughput/search_words.csv detected for CSV DataSet:CSV Data Set Config configured with stopThread:true, recycle:false
2026-03-10 00:53:32,561 INFO o.a.j.t.JMeterThread: Thread finished: Thread Group 1-21
2026-03-10 00:53:32,565 INFO o.a.j.t.JMeterThread: Stop Thread seen for thread Thread Group 1-56, reason: org.apache.jorphan.util.JMeterStopThreadException: End of file:/Users/gimhuiheon/Documents/study/java-multi-threading/resources/throughput/search_words.csv detected for CSV DataSet:CSV Data Set Config configured with stopThread:true, recycle:false
2026-03-10 00:53:32,565 INFO o.a.j.t.JMeterThread: Thread finished: Thread Group 1-56
2026-03-10 00:53:32,568 INFO o.a.j.t.JMeterThread: Stop Thread seen for thread Thread Group 1-89, reason: org.apache.jorphan.util.JMeterStopThreadException: End of file:/Users/gimhuiheon/Documents/study/java-multi-threading/resources/throughput/search_words.csv detected for CSV DataSet:CSV Data Set Config configured with stopThread:true, recycle:false
2026-03-10 00:53:32,568 INFO o.a.j.t.JMeterThread: Thread finished: Thread Group 1-89
2026-03-10 00:53:32,572 INFO o.a.j.t.JMeterThread: Stop Thread seen for thread Thread Group 1-14, reason: org.apache.jorphan.util.JMeterStopThreadException: End of file:/Users/gimhuiheon/Documents/study/java-multi-threading/resources/throughput/search_words.csv detected for CSV DataSet:CSV Data Set Config configured with stopThread:true, recycle:false
2026-03-10 00:53:32,572 INFO o.a.j.t.JMeterThread: Thread finished: Thread Group 1-14
2026-03-10 00:53:32,576 INFO o.a.j.t.JMeterThread: Stop Thread seen for thread Thread Group 1-25, reason: org.apache.jorphan.util.JMeterStopThreadException: End of file:/Users/gimhuiheon/Documents/study/java-multi-threading/resources/throughput/search_words.csv detected for CSV DataSet:CSV Data Set Config configured with stopThread:true, recycle:false
2026-03-10 00:53:32,576 INFO o.a.j.t.JMeterThread: Thread finished: Thread Group 1-25
2026-03-10 00:53:32,580 INFO o.a.j.t.JMeterThread: Stop Thread seen for thread Thread Group 1-46, reason: org.apache.jorphan.util.JMeterStopThreadException: End of file:/Users/gimhuiheon/Documents/study/java-multi-threading/resources/throughput/search_words.csv detected for CSV DataSet:CSV Data Set Config configured with stopThread:true, recycle:false
2026-03-10 00:53:32,580 INFO o.a.j.t.JMeterThread: Thread finished: Thread Group 1-46
2026-03-10 00:53:32,583 INFO o.a.j.t.JMeterThread: Stop Thread seen for thread Thread Group 1-57, reason: org.apache.jorphan.util.JMeterStopThreadException: End of file:/Users/gimhuiheon/Documents/study/java-multi-threading/resources/throughput/search_words.csv detected for CSV DataSet:CSV Data Set Config configured with stopThread:true, recycle:false
2026-03-10 00:53:32,583 INFO o.a.j.t.JMeterThread: Thread finished: Thread Group 1-57
2026-03-10 00:53:32,587 INFO o.a.j.t.JMeterThread: Stop Thread seen for thread Thread Group 1-90, reason: org.apache.jorphan.util.JMeterStopThreadException: End of file:/Users/gimhuiheon/Documents/study/java-multi-threading/resources/throughput/search_words.csv detected for CSV DataSet:CSV Data Set Config configured with stopThread:true, recycle:false
2026-03-10 00:53:32,587 INFO o.a.j.t.JMeterThread: Thread finished: Thread Group 1-90
2026-03-10 00:53:32,591 INFO o.a.j.t.JMeterThread: Stop Thread seen for thread Thread Group 1-31, reason: org.apache.jorphan.util.JMeterStopThreadException: End of file:/Users/gimhuiheon/Documents/study/java-multi-threading/resources/throughput/search_words.csv detected for CSV DataSet:CSV Data Set Config configured with stopThread:true, recycle:false
2026-03-10 00:53:32,591 INFO o.a.j.t.JMeterThread: Thread finished: Thread Group 1-31
2026-03-10 00:53:32,595 INFO o.a.j.t.JMeterThread: Stop Thread seen for thread Thread Group 1-18, reason: org.apache.jorphan.util.JMeterStopThreadException: End of file:/Users/gimhuiheon/Documents/study/java-multi-threading/resources/throughput/search_words.csv detected for CSV DataSet:CSV Data Set Config configured with stopThread:true, recycle:false
2026-03-10 00:53:32,595 INFO o.a.j.t.JMeterThread: Thread finished: Thread Group 1-18
2026-03-10 00:53:32,598 INFO o.a.j.t.JMeterThread: Stop Thread seen for thread Thread Group 1-7, reason: org.apache.jorphan.util.JMeterStopThreadException: End of file:/Users/gimhuiheon/Documents/study/java-multi-threading/resources/throughput/search_words.csv detected for CSV DataSet:CSV Data Set Config configured with stopThread:true, recycle:false
2026-03-10 00:53:32,598 INFO o.a.j.t.JMeterThread: Thread finished: Thread Group 1-7
2026-03-10 00:53:32,602 INFO o.a.j.t.JMeterThread: Stop Thread seen for thread Thread Group 1-38, reason: org.apache.jorphan.util.JMeterStopThreadException: End of file:/Users/gimhuiheon/Documents/study/java-multi-threading/resources/throughput/search_words.csv detected for CSV DataSet:CSV Data Set Config configured with stopThread:true, recycle:false
2026-03-10 00:53:32,602 INFO o.a.j.t.JMeterThread: Thread finished: Thread Group 1-38
2026-03-10 00:53:32,605 INFO o.a.j.t.JMeterThread: Stop Thread seen for thread Thread Group 1-47, reason: org.apache.jorphan.util.JMeterStopThreadException: End of file:/Users/gimhuiheon/Documents/study/java-multi-threading/resources/throughput/search_words.csv detected for CSV DataSet:CSV Data Set Config configured with stopThread:true, recycle:false
2026-03-10 00:53:32,605 INFO o.a.j.t.JMeterThread: Thread finished: Thread Group 1-47
2026-03-10 00:53:32,609 INFO o.a.j.t.JMeterThread: Stop Thread seen for thread Thread Group 1-74, reason: org.apache.jorphan.util.JMeterStopThreadException: End of file:/Users/gimhuiheon/Documents/study/java-multi-threading/resources/throughput/search_words.csv detected for CSV DataSet:CSV Data Set Config configured with stopThread:true, recycle:false
2026-03-10 00:53:32,609 INFO o.a.j.t.JMeterThread: Thread finished: Thread Group 1-74
2026-03-10 00:53:32,611 INFO o.a.j.t.JMeterThread: Stop Thread seen for thread Thread Group 1-58, reason: org.apache.jorphan.util.JMeterStopThreadException: End of file:/Users/gimhuiheon/Documents/study/java-multi-threading/resources/throughput/search_words.csv detected for CSV DataSet:CSV Data Set Config configured with stopThread:true, recycle:false
2026-03-10 00:53:32,611 INFO o.a.j.t.JMeterThread: Thread finished: Thread Group 1-58
2026-03-10 00:53:32,615 INFO o.a.j.t.JMeterThread: Stop Thread seen for thread Thread Group 1-19, reason: org.apache.jorphan.util.JMeterStopThreadException: End of file:/Users/gimhuiheon/Documents/study/java-multi-threading/resources/throughput/search_words.csv detected for CSV DataSet:CSV Data Set Config configured with stopThread:true, recycle:false
2026-03-10 00:53:32,615 INFO o.a.j.t.JMeterThread: Thread finished: Thread Group 1-19
2026-03-10 00:53:32,618 INFO o.a.j.t.JMeterThread: Stop Thread seen for thread Thread Group 1-20, reason: org.apache.jorphan.util.JMeterStopThreadException: End of file:/Users/gimhuiheon/Documents/study/java-multi-threading/resources/throughput/search_words.csv detected for CSV DataSet:CSV Data Set Config configured with stopThread:true, recycle:false
2026-03-10 00:53:32,618 INFO o.a.j.t.JMeterThread: Thread finished: Thread Group 1-20
2026-03-10 00:53:32,622 INFO o.a.j.t.JMeterThread: Stop Thread seen for thread Thread Group 1-26, reason: org.apache.jorphan.util.JMeterStopThreadException: End of file:/Users/gimhuiheon/Documents/study/java-multi-threading/resources/throughput/search_words.csv detected for CSV DataSet:CSV Data Set Config configured with stopThread:true, recycle:false
2026-03-10 00:53:32,622 INFO o.a.j.t.JMeterThread: Thread finished: Thread Group 1-26
2026-03-10 00:53:32,626 INFO o.a.j.t.JMeterThread: Stop Thread seen for thread Thread Group 1-91, reason: org.apache.jorphan.util.JMeterStopThreadException: End of file:/Users/gimhuiheon/Documents/study/java-multi-threading/resources/throughput/search_words.csv detected for CSV DataSet:CSV Data Set Config configured with stopThread:true, recycle:false
2026-03-10 00:53:32,626 INFO o.a.j.t.JMeterThread: Thread finished: Thread Group 1-91
2026-03-10 00:53:32,629 INFO o.a.j.t.JMeterThread: Stop Thread seen for thread Thread Group 1-75, reason: org.apache.jorphan.util.JMeterStopThreadException: End of file:/Users/gimhuiheon/Documents/study/java-multi-threading/resources/throughput/search_words.csv detected for CSV DataSet:CSV Data Set Config configured with stopThread:true, recycle:false
2026-03-10 00:53:32,629 INFO o.a.j.t.JMeterThread: Thread finished: Thread Group 1-75
2026-03-10 00:53:32,633 INFO o.a.j.t.JMeterThread: Stop Thread seen for thread Thread Group 1-92, reason: org.apache.jorphan.util.JMeterStopThreadException: End of file:/Users/gimhuiheon/Documents/study/java-multi-threading/resources/throughput/search_words.csv detected for CSV DataSet:CSV Data Set Config configured with stopThread:true, recycle:false
2026-03-10 00:53:32,633 INFO o.a.j.t.JMeterThread: Thread finished: Thread Group 1-92
2026-03-10 00:53:32,636 INFO o.a.j.t.JMeterThread: Stop Thread seen for thread Thread Group 1-59, reason: org.apache.jorphan.util.JMeterStopThreadException: End of file:/Users/gimhuiheon/Documents/study/java-multi-threading/resources/throughput/search_words.csv detected for CSV DataSet:CSV Data Set Config configured with stopThread:true, recycle:false
2026-03-10 00:53:32,636 INFO o.a.j.t.JMeterThread: Thread finished: Thread Group 1-59
2026-03-10 00:53:32,640 INFO o.a.j.t.JMeterThread: Stop Thread seen for thread Thread Group 1-32, reason: org.apache.jorphan.util.JMeterStopThreadException: End of file:/Users/gimhuiheon/Documents/study/java-multi-threading/resources/throughput/search_words.csv detected for CSV DataSet:CSV Data Set Config configured with stopThread:true, recycle:false
2026-03-10 00:53:32,640 INFO o.a.j.t.JMeterThread: Thread finished: Thread Group 1-32
2026-03-10 00:53:32,643 INFO o.a.j.t.JMeterThread: Stop Thread seen for thread Thread Group 1-60, reason: org.apache.jorphan.util.JMeterStopThreadException: End of file:/Users/gimhuiheon/Documents/study/java-multi-threading/resources/throughput/search_words.csv detected for CSV DataSet:CSV Data Set Config configured with stopThread:true, recycle:false
2026-03-10 00:53:32,643 INFO o.a.j.t.JMeterThread: Thread finished: Thread Group 1-60
2026-03-10 00:53:32,647 INFO o.a.j.t.JMeterThread: Stop Thread seen for thread Thread Group 1-39, reason: org.apache.jorphan.util.JMeterStopThreadException: End of file:/Users/gimhuiheon/Documents/study/java-multi-threading/resources/throughput/search_words.csv detected for CSV DataSet:CSV Data Set Config configured with stopThread:true, recycle:false
2026-03-10 00:53:32,647 INFO o.a.j.t.JMeterThread: Thread finished: Thread Group 1-39
2026-03-10 00:53:32,650 INFO o.a.j.t.JMeterThread: Stop Thread seen for thread Thread Group 1-76, reason: org.apache.jorphan.util.JMeterStopThreadException: End of file:/Users/gimhuiheon/Documents/study/java-multi-threading/resources/throughput/search_words.csv detected for CSV DataSet:CSV Data Set Config configured with stopThread:true, recycle:false
2026-03-10 00:53:32,650 INFO o.a.j.t.JMeterThread: Thread finished: Thread Group 1-76
2026-03-10 00:53:32,654 INFO o.a.j.t.JMeterThread: Stop Thread seen for thread Thread Group 1-48, reason: org.apache.jorphan.util.JMeterStopThreadException: End of file:/Users/gimhuiheon/Documents/study/java-multi-threading/resources/throughput/search_words.csv detected for CSV DataSet:CSV Data Set Config configured with stopThread:true, recycle:false
2026-03-10 00:53:32,654 INFO o.a.j.t.JMeterThread: Thread finished: Thread Group 1-48
2026-03-10 00:53:32,658 INFO o.a.j.t.JMeterThread: Stop Thread seen for thread Thread Group 1-22, reason: org.apache.jorphan.util.JMeterStopThreadException: End of file:/Users/gimhuiheon/Documents/study/java-multi-threading/resources/throughput/search_words.csv detected for CSV DataSet:CSV Data Set Config configured with stopThread:true, recycle:false
2026-03-10 00:53:32,658 INFO o.a.j.t.JMeterThread: Thread finished: Thread Group 1-22
2026-03-10 00:53:32,661 INFO o.a.j.t.JMeterThread: Stop Thread seen for thread Thread Group 1-93, reason: org.apache.jorphan.util.JMeterStopThreadException: End of file:/Users/gimhuiheon/Documents/study/java-multi-threading/resources/throughput/search_words.csv detected for CSV DataSet:CSV Data Set Config configured with stopThread:true, recycle:false
2026-03-10 00:53:32,661 INFO o.a.j.t.JMeterThread: Thread finished: Thread Group 1-93
2026-03-10 00:53:32,665 INFO o.a.j.t.JMeterThread: Stop Thread seen for thread Thread Group 1-77, reason: org.apache.jorphan.util.JMeterStopThreadException: End of file:/Users/gimhuiheon/Documents/study/java-multi-threading/resources/throughput/search_words.csv detected for CSV DataSet:CSV Data Set Config configured with stopThread:true, recycle:false
2026-03-10 00:53:32,665 INFO o.a.j.t.JMeterThread: Thread finished: Thread Group 1-77
2026-03-10 00:53:32,667 INFO o.a.j.t.JMeterThread: Stop Thread seen for thread Thread Group 1-15, reason: org.apache.jorphan.util.JMeterStopThreadException: End of file:/Users/gimhuiheon/Documents/study/java-multi-threading/resources/throughput/search_words.csv detected for CSV DataSet:CSV Data Set Config configured with stopThread:true, recycle:false
2026-03-10 00:53:32,667 INFO o.a.j.t.JMeterThread: Thread finished: Thread Group 1-15
2026-03-10 00:53:32,669 INFO o.a.j.t.JMeterThread: Stop Thread seen for thread Thread Group 1-94, reason: org.apache.jorphan.util.JMeterStopThreadException: End of file:/Users/gimhuiheon/Documents/study/java-multi-threading/resources/throughput/search_words.csv detected for CSV DataSet:CSV Data Set Config configured with stopThread:true, recycle:false
2026-03-10 00:53:32,670 INFO o.a.j.t.JMeterThread: Thread finished: Thread Group 1-94
2026-03-10 00:53:32,672 INFO o.a.j.t.JMeterThread: Stop Thread seen for thread Thread Group 1-49, reason: org.apache.jorphan.util.JMeterStopThreadException: End of file:/Users/gimhuiheon/Documents/study/java-multi-threading/resources/throughput/search_words.csv detected for CSV DataSet:CSV Data Set Config configured with stopThread:true, recycle:false
2026-03-10 00:53:32,672 INFO o.a.j.t.JMeterThread: Thread finished: Thread Group 1-49
2026-03-10 00:53:32,674 INFO o.a.j.t.JMeterThread: Stop Thread seen for thread Thread Group 1-6, reason: org.apache.jorphan.util.JMeterStopThreadException: End of file:/Users/gimhuiheon/Documents/study/java-multi-threading/resources/throughput/search_words.csv detected for CSV DataSet:CSV Data Set Config configured with stopThread:true, recycle:false
2026-03-10 00:53:32,674 INFO o.a.j.t.JMeterThread: Thread finished: Thread Group 1-6
2026-03-10 00:53:32,676 INFO o.a.j.t.JMeterThread: Stop Thread seen for thread Thread Group 1-79, reason: org.apache.jorphan.util.JMeterStopThreadException: End of file:/Users/gimhuiheon/Documents/study/java-multi-threading/resources/throughput/search_words.csv detected for CSV DataSet:CSV Data Set Config configured with stopThread:true, recycle:false
2026-03-10 00:53:32,676 INFO o.a.j.t.JMeterThread: Thread finished: Thread Group 1-79
2026-03-10 00:53:32,679 INFO o.a.j.t.JMeterThread: Stop Thread seen for thread Thread Group 1-61, reason: org.apache.jorphan.util.JMeterStopThreadException: End of file:/Users/gimhuiheon/Documents/study/java-multi-threading/resources/throughput/search_words.csv detected for CSV DataSet:CSV Data Set Config configured with stopThread:true, recycle:false
2026-03-10 00:53:32,679 INFO o.a.j.t.JMeterThread: Thread finished: Thread Group 1-61
2026-03-10 00:53:32,681 INFO o.a.j.t.JMeterThread: Stop Thread seen for thread Thread Group 1-40, reason: org.apache.jorphan.util.JMeterStopThreadException: End of file:/Users/gimhuiheon/Documents/study/java-multi-threading/resources/throughput/search_words.csv detected for CSV DataSet:CSV Data Set Config configured with stopThread:true, recycle:false
2026-03-10 00:53:32,681 INFO o.a.j.t.JMeterThread: Thread finished: Thread Group 1-40
2026-03-10 00:53:32,683 INFO o.a.j.t.JMeterThread: Stop Thread seen for thread Thread Group 1-41, reason: org.apache.jorphan.util.JMeterStopThreadException: End of file:/Users/gimhuiheon/Documents/study/java-multi-threading/resources/throughput/search_words.csv detected for CSV DataSet:CSV Data Set Config configured with stopThread:true, recycle:false
2026-03-10 00:53:32,683 INFO o.a.j.t.JMeterThread: Thread finished: Thread Group 1-41
2026-03-10 00:53:32,685 INFO o.a.j.t.JMeterThread: Stop Thread seen for thread Thread Group 1-96, reason: org.apache.jorphan.util.JMeterStopThreadException: End of file:/Users/gimhuiheon/Documents/study/java-multi-threading/resources/throughput/search_words.csv detected for CSV DataSet:CSV Data Set Config configured with stopThread:true, recycle:false
2026-03-10 00:53:32,685 INFO o.a.j.t.JMeterThread: Thread finished: Thread Group 1-96
2026-03-10 00:53:32,687 INFO o.a.j.t.JMeterThread: Stop Thread seen for thread Thread Group 1-95, reason: org.apache.jorphan.util.JMeterStopThreadException: End of file:/Users/gimhuiheon/Documents/study/java-multi-threading/resources/throughput/search_words.csv detected for CSV DataSet:CSV Data Set Config configured with stopThread:true, recycle:false
2026-03-10 00:53:32,687 INFO o.a.j.t.JMeterThread: Thread finished: Thread Group 1-95
2026-03-10 00:53:32,689 INFO o.a.j.t.JMeterThread: Stop Thread seen for thread Thread Group 1-23, reason: org.apache.jorphan.util.JMeterStopThreadException: End of file:/Users/gimhuiheon/Documents/study/java-multi-threading/resources/throughput/search_words.csv detected for CSV DataSet:CSV Data Set Config configured with stopThread:true, recycle:false
2026-03-10 00:53:32,690 INFO o.a.j.t.JMeterThread: Thread finished: Thread Group 1-23
2026-03-10 00:53:32,692 INFO o.a.j.t.JMeterThread: Stop Thread seen for thread Thread Group 1-62, reason: org.apache.jorphan.util.JMeterStopThreadException: End of file:/Users/gimhuiheon/Documents/study/java-multi-threading/resources/throughput/search_words.csv detected for CSV DataSet:CSV Data Set Config configured with stopThread:true, recycle:false
2026-03-10 00:53:32,692 INFO o.a.j.t.JMeterThread: Thread finished: Thread Group 1-62
2026-03-10 00:53:32,694 INFO o.a.j.t.JMeterThread: Stop Thread seen for thread Thread Group 1-10, reason: org.apache.jorphan.util.JMeterStopThreadException: End of file:/Users/gimhuiheon/Documents/study/java-multi-threading/resources/throughput/search_words.csv detected for CSV DataSet:CSV Data Set Config configured with stopThread:true, recycle:false
2026-03-10 00:53:32,694 INFO o.a.j.t.JMeterThread: Thread finished: Thread Group 1-10
2026-03-10 00:53:32,696 INFO o.a.j.t.JMeterThread: Stop Thread seen for thread Thread Group 1-27, reason: org.apache.jorphan.util.JMeterStopThreadException: End of file:/Users/gimhuiheon/Documents/study/java-multi-threading/resources/throughput/search_words.csv detected for CSV DataSet:CSV Data Set Config configured with stopThread:true, recycle:false
2026-03-10 00:53:32,696 INFO o.a.j.t.JMeterThread: Thread finished: Thread Group 1-27
2026-03-10 00:53:32,699 INFO o.a.j.t.JMeterThread: Stop Thread seen for thread Thread Group 1-63, reason: org.apache.jorphan.util.JMeterStopThreadException: End of file:/Users/gimhuiheon/Documents/study/java-multi-threading/resources/throughput/search_words.csv detected for CSV DataSet:CSV Data Set Config configured with stopThread:true, recycle:false
2026-03-10 00:53:32,699 INFO o.a.j.t.JMeterThread: Thread finished: Thread Group 1-63
2026-03-10 00:53:32,701 INFO o.a.j.t.JMeterThread: Stop Thread seen for thread Thread Group 1-50, reason: org.apache.jorphan.util.JMeterStopThreadException: End of file:/Users/gimhuiheon/Documents/study/java-multi-threading/resources/throughput/search_words.csv detected for CSV DataSet:CSV Data Set Config configured with stopThread:true, recycle:false
2026-03-10 00:53:32,701 INFO o.a.j.t.JMeterThread: Thread finished: Thread Group 1-50
2026-03-10 00:53:32,703 INFO o.a.j.t.JMeterThread: Stop Thread seen for thread Thread Group 1-78, reason: org.apache.jorphan.util.JMeterStopThreadException: End of file:/Users/gimhuiheon/Documents/study/java-multi-threading/resources/throughput/search_words.csv detected for CSV DataSet:CSV Data Set Config configured with stopThread:true, recycle:false
2026-03-10 00:53:32,703 INFO o.a.j.t.JMeterThread: Thread finished: Thread Group 1-78
2026-03-10 00:53:32,706 INFO o.a.j.t.JMeterThread: Stop Thread seen for thread Thread Group 1-33, reason: org.apache.jorphan.util.JMeterStopThreadException: End of file:/Users/gimhuiheon/Documents/study/java-multi-threading/resources/throughput/search_words.csv detected for CSV DataSet:CSV Data Set Config configured with stopThread:true, recycle:false
2026-03-10 00:53:32,706 INFO o.a.j.t.JMeterThread: Thread finished: Thread Group 1-33
2026-03-10 00:53:32,708 INFO o.a.j.t.JMeterThread: Stop Thread seen for thread Thread Group 1-9, reason: org.apache.jorphan.util.JMeterStopThreadException: End of file:/Users/gimhuiheon/Documents/study/java-multi-threading/resources/throughput/search_words.csv detected for CSV DataSet:CSV Data Set Config configured with stopThread:true, recycle:false
2026-03-10 00:53:32,708 INFO o.a.j.t.JMeterThread: Thread finished: Thread Group 1-9
2026-03-10 00:53:32,710 INFO o.a.j.t.JMeterThread: Stop Thread seen for thread Thread Group 1-97, reason: org.apache.jorphan.util.JMeterStopThreadException: End of file:/Users/gimhuiheon/Documents/study/java-multi-threading/resources/throughput/search_words.csv detected for CSV DataSet:CSV Data Set Config configured with stopThread:true, recycle:false
2026-03-10 00:53:32,710 INFO o.a.j.t.JMeterThread: Thread finished: Thread Group 1-97
2026-03-10 00:53:32,712 INFO o.a.j.t.JMeterThread: Stop Thread seen for thread Thread Group 1-12, reason: org.apache.jorphan.util.JMeterStopThreadException: End of file:/Users/gimhuiheon/Documents/study/java-multi-threading/resources/throughput/search_words.csv detected for CSV DataSet:CSV Data Set Config configured with stopThread:true, recycle:false
2026-03-10 00:53:32,712 INFO o.a.j.t.JMeterThread: Thread finished: Thread Group 1-12
2026-03-10 00:53:32,715 INFO o.a.j.t.JMeterThread: Stop Thread seen for thread Thread Group 1-80, reason: org.apache.jorphan.util.JMeterStopThreadException: End of file:/Users/gimhuiheon/Documents/study/java-multi-threading/resources/throughput/search_words.csv detected for CSV DataSet:CSV Data Set Config configured with stopThread:true, recycle:false
2026-03-10 00:53:32,715 INFO o.a.j.t.JMeterThread: Thread finished: Thread Group 1-80
2026-03-10 00:53:32,717 INFO o.a.j.t.JMeterThread: Stop Thread seen for thread Thread Group 1-51, reason: org.apache.jorphan.util.JMeterStopThreadException: End of file:/Users/gimhuiheon/Documents/study/java-multi-threading/resources/throughput/search_words.csv detected for CSV DataSet:CSV Data Set Config configured with stopThread:true, recycle:false
2026-03-10 00:53:32,717 INFO o.a.j.t.JMeterThread: Thread finished: Thread Group 1-51
2026-03-10 00:53:32,719 INFO o.a.j.t.JMeterThread: Stop Thread seen for thread Thread Group 1-81, reason: org.apache.jorphan.util.JMeterStopThreadException: End of file:/Users/gimhuiheon/Documents/study/java-multi-threading/resources/throughput/search_words.csv detected for CSV DataSet:CSV Data Set Config configured with stopThread:true, recycle:false
2026-03-10 00:53:32,719 INFO o.a.j.t.JMeterThread: Thread finished: Thread Group 1-81
2026-03-10 00:53:32,721 INFO o.a.j.t.JMeterThread: Stop Thread seen for thread Thread Group 1-64, reason: org.apache.jorphan.util.JMeterStopThreadException: End of file:/Users/gimhuiheon/Documents/study/java-multi-threading/resources/throughput/search_words.csv detected for CSV DataSet:CSV Data Set Config configured with stopThread:true, recycle:false
2026-03-10 00:53:32,721 INFO o.a.j.t.JMeterThread: Thread finished: Thread Group 1-64
2026-03-10 00:53:32,722 INFO o.a.j.e.StandardJMeterEngine: Notifying test listeners of end of test
2026-03-10 00:53:32,722 INFO o.a.j.s.FileServer: Close: /Users/gimhuiheon/Documents/study/java-multi-threading/resources/throughput/search_words.csv
2026-03-10 00:53:32,722 INFO o.a.j.g.u.JMeterMenuBar: setRunning(false, *local*)
2026-03-10 00:53:45,529 INFO o.a.j.e.StandardJMeterEngine: Running the test!
2026-03-10 00:53:45,530 INFO o.a.j.s.SampleEvent: List of sample_variables: []
2026-03-10 00:53:45,531 INFO o.a.j.g.u.JMeterMenuBar: setRunning(true, *local*)
2026-03-10 00:53:45,578 INFO o.a.j.e.StandardJMeterEngine: Starting ThreadGroup: 1 : Thread Group
2026-03-10 00:53:45,578 INFO o.a.j.e.StandardJMeterEngine: Starting 100 threads for group Thread Group.
2026-03-10 00:53:45,578 INFO o.a.j.e.StandardJMeterEngine: Thread will continue on error
2026-03-10 00:53:45,578 INFO o.a.j.t.ThreadGroup: Starting thread group... number=1 threads=100 ramp-up=1 delayedStart=false
2026-03-10 00:53:45,579 INFO o.a.j.t.JMeterThread: Thread started: Thread Group 1-1
2026-03-10 00:53:45,580 INFO o.a.j.s.FileServer: Stored: /Users/gimhuiheon/Documents/study/java-multi-threading/resources/throughput/search_words.csv
2026-03-10 00:53:45,590 INFO o.a.j.t.JMeterThread: Thread started: Thread Group 1-2
2026-03-10 00:53:45,599 INFO o.a.j.t.JMeterThread: Thread started: Thread Group 1-3
2026-03-10 00:53:45,600 INFO o.a.j.t.ThreadGroup: Started thread group number 1
2026-03-10 00:53:45,600 INFO o.a.j.e.StandardJMeterEngine: All thread groups have been started
2026-03-10 00:53:45,613 INFO o.a.j.t.JMeterThread: Thread started: Thread Group 1-4
2026-03-10 00:53:45,622 INFO o.a.j.t.JMeterThread: Thread started: Thread Group 1-5
2026-03-10 00:53:45,633 INFO o.a.j.t.JMeterThread: Thread started: Thread Group 1-6
2026-03-10 00:53:45,641 INFO o.a.j.t.JMeterThread: Thread started: Thread Group 1-7
2026-03-10 00:53:45,651 INFO o.a.j.t.JMeterThread: Thread started: Thread Group 1-8
2026-03-10 00:53:45,663 INFO o.a.j.t.JMeterThread: Thread started: Thread Group 1-9
2026-03-10 00:53:45,671 INFO o.a.j.t.JMeterThread: Thread started: Thread Group 1-10
2026-03-10 00:53:45,681 INFO o.a.j.t.JMeterThread: Thread started: Thread Group 1-11
2026-03-10 00:53:45,690 INFO o.a.j.t.JMeterThread: Thread started: Thread Group 1-12
2026-03-10 00:53:45,701 INFO o.a.j.t.JMeterThread: Thread started: Thread Group 1-13
2026-03-10 00:53:45,711 INFO o.a.j.t.JMeterThread: Thread started: Thread Group 1-14
2026-03-10 00:53:45,721 INFO o.a.j.t.JMeterThread: Thread started: Thread Group 1-15
2026-03-10 00:53:45,731 INFO o.a.j.t.JMeterThread: Thread started: Thread Group 1-16
2026-03-10 00:53:45,743 INFO o.a.j.t.JMeterThread: Thread started: Thread Group 1-17
2026-03-10 00:53:45,750 INFO o.a.j.t.JMeterThread: Thread started: Thread Group 1-18
2026-03-10 00:53:45,759 INFO o.a.j.t.JMeterThread: Thread started: Thread Group 1-19
2026-03-10 00:53:45,768 INFO o.a.j.t.JMeterThread: Thread started: Thread Group 1-20
2026-03-10 00:53:45,783 INFO o.a.j.t.JMeterThread: Thread started: Thread Group 1-21
2026-03-10 00:53:45,794 INFO o.a.j.t.JMeterThread: Thread started: Thread Group 1-22
2026-03-10 00:53:45,803 INFO o.a.j.t.JMeterThread: Thread started: Thread Group 1-23
2026-03-10 00:53:45,809 INFO o.a.j.t.JMeterThread: Thread started: Thread Group 1-24
2026-03-10 00:53:45,820 INFO o.a.j.t.JMeterThread: Thread started: Thread Group 1-25
2026-03-10 00:53:45,834 INFO o.a.j.t.JMeterThread: Thread started: Thread Group 1-26
2026-03-10 00:53:45,843 INFO o.a.j.t.JMeterThread: Thread started: Thread Group 1-27
2026-03-10 00:53:45,854 INFO o.a.j.t.JMeterThread: Thread started: Thread Group 1-28
2026-03-10 00:53:45,860 INFO o.a.j.t.JMeterThread: Thread started: Thread Group 1-29
2026-03-10 00:53:45,871 INFO o.a.j.t.JMeterThread: Thread started: Thread Group 1-30
2026-03-10 00:53:45,884 INFO o.a.j.t.JMeterThread: Thread started: Thread Group 1-31
2026-03-10 00:53:45,894 INFO o.a.j.t.JMeterThread: Thread started: Thread Group 1-32
2026-03-10 00:53:45,905 INFO o.a.j.t.JMeterThread: Thread started: Thread Group 1-33
2026-03-10 00:53:45,912 INFO o.a.j.t.JMeterThread: Thread started: Thread Group 1-34
2026-03-10 00:53:45,927 INFO o.a.j.t.JMeterThread: Thread started: Thread Group 1-35
2026-03-10 00:53:45,934 INFO o.a.j.t.JMeterThread: Thread started: Thread Group 1-36
2026-03-10 00:53:45,944 INFO o.a.j.t.JMeterThread: Thread started: Thread Group 1-37
2026-03-10 00:53:45,954 INFO o.a.j.t.JMeterThread: Thread started: Thread Group 1-38
2026-03-10 00:53:45,961 INFO o.a.j.t.JMeterThread: Thread started: Thread Group 1-39
2026-03-10 00:53:45,976 INFO o.a.j.t.JMeterThread: Thread started: Thread Group 1-40
2026-03-10 00:53:45,985 INFO o.a.j.t.JMeterThread: Thread started: Thread Group 1-41
2026-03-10 00:53:45,996 INFO o.a.j.t.JMeterThread: Thread started: Thread Group 1-42
2026-03-10 00:53:46,006 INFO o.a.j.t.JMeterThread: Thread started: Thread Group 1-43
2026-03-10 00:53:46,017 INFO o.a.j.t.JMeterThread: Thread started: Thread Group 1-44
2026-03-10 00:53:46,027 INFO o.a.j.t.JMeterThread: Thread started: Thread Group 1-45
2026-03-10 00:53:46,032 INFO o.a.j.t.JMeterThread: Thread started: Thread Group 1-46
2026-03-10 00:53:46,043 INFO o.a.j.t.JMeterThread: Thread started: Thread Group 1-47
2026-03-10 00:53:46,051 INFO o.a.j.t.JMeterThread: Thread started: Thread Group 1-48
2026-03-10 00:53:46,062 INFO o.a.j.t.JMeterThread: Thread started: Thread Group 1-49
2026-03-10 00:53:46,073 INFO o.a.j.t.JMeterThread: Thread started: Thread Group 1-50
2026-03-10 00:53:46,084 INFO o.a.j.t.JMeterThread: Thread started: Thread Group 1-51
2026-03-10 00:53:46,093 INFO o.a.j.t.JMeterThread: Thread started: Thread Group 1-52
2026-03-10 00:53:46,103 INFO o.a.j.t.JMeterThread: Thread started: Thread Group 1-53
2026-03-10 00:53:46,113 INFO o.a.j.t.JMeterThread: Thread started: Thread Group 1-54
2026-03-10 00:53:46,123 INFO o.a.j.t.JMeterThread: Thread started: Thread Group 1-55
2026-03-10 00:53:46,129 INFO o.a.j.t.JMeterThread: Thread started: Thread Group 1-56
2026-03-10 00:53:46,144 INFO o.a.j.t.JMeterThread: Thread started: Thread Group 1-57
2026-03-10 00:53:46,150 INFO o.a.j.t.JMeterThread: Thread started: Thread Group 1-58
2026-03-10 00:53:46,164 INFO o.a.j.t.JMeterThread: Thread started: Thread Group 1-59
2026-03-10 00:53:46,175 INFO o.a.j.t.JMeterThread: Thread started: Thread Group 1-60
2026-03-10 00:53:46,185 INFO o.a.j.t.JMeterThread: Thread started: Thread Group 1-61
2026-03-10 00:53:46,192 INFO o.a.j.t.JMeterThread: Thread started: Thread Group 1-62
2026-03-10 00:53:46,207 INFO o.a.j.t.JMeterThread: Thread started: Thread Group 1-63
2026-03-10 00:53:46,212 INFO o.a.j.t.JMeterThread: Thread started: Thread Group 1-64
2026-03-10 00:53:46,223 INFO o.a.j.t.JMeterThread: Thread started: Thread Group 1-65
2026-03-10 00:53:46,236 INFO o.a.j.t.JMeterThread: Thread started: Thread Group 1-66
2026-03-10 00:53:46,250 INFO o.a.j.t.JMeterThread: Thread started: Thread Group 1-67
2026-03-10 00:53:46,254 INFO o.a.j.t.JMeterThread: Thread started: Thread Group 1-68
2026-03-10 00:53:46,260 INFO o.a.j.t.JMeterThread: Thread started: Thread Group 1-69
2026-03-10 00:53:46,273 INFO o.a.j.t.JMeterThread: Thread started: Thread Group 1-70
2026-03-10 00:53:46,279 INFO o.a.j.t.JMeterThread: Thread started: Thread Group 1-71
2026-03-10 00:53:46,293 INFO o.a.j.t.JMeterThread: Thread started: Thread Group 1-72
2026-03-10 00:53:46,303 INFO o.a.j.t.JMeterThread: Thread started: Thread Group 1-73
2026-03-10 00:53:46,309 INFO o.a.j.t.JMeterThread: Thread started: Thread Group 1-74
2026-03-10 00:53:46,323 INFO o.a.j.t.JMeterThread: Thread started: Thread Group 1-75
2026-03-10 00:53:46,333 INFO o.a.j.t.JMeterThread: Thread started: Thread Group 1-76
2026-03-10 00:53:46,342 INFO o.a.j.t.JMeterThread: Thread started: Thread Group 1-77
2026-03-10 00:53:46,353 INFO o.a.j.t.JMeterThread: Thread started: Thread Group 1-78
2026-03-10 00:53:46,359 INFO o.a.j.t.JMeterThread: Thread started: Thread Group 1-79
2026-03-10 00:53:46,373 INFO o.a.j.t.JMeterThread: Thread started: Thread Group 1-80
2026-03-10 00:53:46,379 INFO o.a.j.t.JMeterThread: Thread started: Thread Group 1-81
2026-03-10 00:53:46,393 INFO o.a.j.t.JMeterThread: Thread started: Thread Group 1-82
2026-03-10 00:53:46,400 INFO o.a.j.t.JMeterThread: Thread started: Thread Group 1-83
2026-03-10 00:53:46,409 INFO o.a.j.t.JMeterThread: Thread started: Thread Group 1-84
2026-03-10 00:53:46,420 INFO o.a.j.t.JMeterThread: Thread started: Thread Group 1-85
2026-03-10 00:53:46,433 INFO o.a.j.t.JMeterThread: Thread started: Thread Group 1-86
2026-03-10 00:53:46,443 INFO o.a.j.t.JMeterThread: Thread started: Thread Group 1-87
2026-03-10 00:53:46,451 INFO o.a.j.t.JMeterThread: Thread started: Thread Group 1-88
2026-03-10 00:53:46,462 INFO o.a.j.t.JMeterThread: Thread started: Thread Group 1-89
2026-03-10 00:53:46,472 INFO o.a.j.t.JMeterThread: Thread started: Thread Group 1-90
2026-03-10 00:53:46,483 INFO o.a.j.t.JMeterThread: Thread started: Thread Group 1-91
2026-03-10 00:53:46,493 INFO o.a.j.t.JMeterThread: Thread started: Thread Group 1-92
2026-03-10 00:53:46,504 INFO o.a.j.t.JMeterThread: Thread started: Thread Group 1-93
2026-03-10 00:53:46,509 INFO o.a.j.t.JMeterThread: Thread started: Thread Group 1-94
2026-03-10 00:53:46,518 INFO o.a.j.t.JMeterThread: Thread started: Thread Group 1-95
2026-03-10 00:53:46,533 INFO o.a.j.t.JMeterThread: Thread started: Thread Group 1-96
2026-03-10 00:53:46,543 INFO o.a.j.t.JMeterThread: Thread started: Thread Group 1-97
2026-03-10 00:53:46,555 INFO o.a.j.t.JMeterThread: Thread started: Thread Group 1-98
2026-03-10 00:53:46,561 INFO o.a.j.t.JMeterThread: Thread started: Thread Group 1-99
2026-03-10 00:53:46,578 INFO o.a.j.t.JMeterThread: Thread started: Thread Group 1-100
2026-03-10 00:53:46,865 INFO o.a.j.t.JMeterThread: Stop Thread seen for thread Thread Group 1-88, reason: org.apache.jorphan.util.JMeterStopThreadException: End of file:/Users/gimhuiheon/Documents/study/java-multi-threading/resources/throughput/search_words.csv detected for CSV DataSet:CSV Data Set Config configured with stopThread:true, recycle:false
2026-03-10 00:53:46,865 INFO o.a.j.t.JMeterThread: Thread finished: Thread Group 1-88
2026-03-10 00:53:46,865 INFO o.a.j.t.JMeterThread: Stop Thread seen for thread Thread Group 1-53, reason: org.apache.jorphan.util.JMeterStopThreadException: End of file:/Users/gimhuiheon/Documents/study/java-multi-threading/resources/throughput/search_words.csv detected for CSV DataSet:CSV Data Set Config configured with stopThread:true, recycle:false
2026-03-10 00:53:46,865 INFO o.a.j.t.JMeterThread: Thread finished: Thread Group 1-53
2026-03-10 00:53:46,865 INFO o.a.j.t.JMeterThread: Stop Thread seen for thread Thread Group 1-85, reason: org.apache.jorphan.util.JMeterStopThreadException: End of file:/Users/gimhuiheon/Documents/study/java-multi-threading/resources/throughput/search_words.csv detected for CSV DataSet:CSV Data Set Config configured with stopThread:true, recycle:false
2026-03-10 00:53:46,865 INFO o.a.j.t.JMeterThread: Thread finished: Thread Group 1-85
2026-03-10 00:53:46,867 INFO o.a.j.t.JMeterThread: Stop Thread seen for thread Thread Group 1-96, reason: org.apache.jorphan.util.JMeterStopThreadException: End of file:/Users/gimhuiheon/Documents/study/java-multi-threading/resources/throughput/search_words.csv detected for CSV DataSet:CSV Data Set Config configured with stopThread:true, recycle:false
2026-03-10 00:53:46,867 INFO o.a.j.t.JMeterThread: Thread finished: Thread Group 1-96
2026-03-10 00:53:46,867 INFO o.a.j.t.JMeterThread: Stop Thread seen for thread Thread Group 1-12, reason: org.apache.jorphan.util.JMeterStopThreadException: End of file:/Users/gimhuiheon/Documents/study/java-multi-threading/resources/throughput/search_words.csv detected for CSV DataSet:CSV Data Set Config configured with stopThread:true, recycle:false
2026-03-10 00:53:46,867 INFO o.a.j.t.JMeterThread: Thread finished: Thread Group 1-12
2026-03-10 00:53:46,868 INFO o.a.j.t.JMeterThread: Stop Thread seen for thread Thread Group 1-97, reason: org.apache.jorphan.util.JMeterStopThreadException: End of file:/Users/gimhuiheon/Documents/study/java-multi-threading/resources/throughput/search_words.csv detected for CSV DataSet:CSV Data Set Config configured with stopThread:true, recycle:false
2026-03-10 00:53:46,868 INFO o.a.j.t.JMeterThread: Thread finished: Thread Group 1-97
2026-03-10 00:53:46,868 INFO o.a.j.t.JMeterThread: Stop Thread seen for thread Thread Group 1-37, reason: org.apache.jorphan.util.JMeterStopThreadException: End of file:/Users/gimhuiheon/Documents/study/java-multi-threading/resources/throughput/search_words.csv detected for CSV DataSet:CSV Data Set Config configured with stopThread:true, recycle:false
2026-03-10 00:53:46,868 INFO o.a.j.t.JMeterThread: Thread finished: Thread Group 1-37
2026-03-10 00:53:46,868 INFO o.a.j.t.JMeterThread: Stop Thread seen for thread Thread Group 1-82, reason: org.apache.jorphan.util.JMeterStopThreadException: End of file:/Users/gimhuiheon/Documents/study/java-multi-threading/resources/throughput/search_words.csv detected for CSV DataSet:CSV Data Set Config configured with stopThread:true, recycle:false
2026-03-10 00:53:46,868 INFO o.a.j.t.JMeterThread: Thread finished: Thread Group 1-82
2026-03-10 00:53:46,868 INFO o.a.j.t.JMeterThread: Stop Thread seen for thread Thread Group 1-50, reason: org.apache.jorphan.util.JMeterStopThreadException: End of file:/Users/gimhuiheon/Documents/study/java-multi-threading/resources/throughput/search_words.csv detected for CSV DataSet:CSV Data Set Config configured with stopThread:true, recycle:false
2026-03-10 00:53:46,868 INFO o.a.j.t.JMeterThread: Thread finished: Thread Group 1-50
2026-03-10 00:53:46,869 INFO o.a.j.t.JMeterThread: Stop Thread seen for thread Thread Group 1-43, reason: org.apache.jorphan.util.JMeterStopThreadException: End of file:/Users/gimhuiheon/Documents/study/java-multi-threading/resources/throughput/search_words.csv detected for CSV DataSet:CSV Data Set Config configured with stopThread:true, recycle:false
2026-03-10 00:53:46,869 INFO o.a.j.t.JMeterThread: Thread finished: Thread Group 1-43
2026-03-10 00:53:46,871 INFO o.a.j.t.JMeterThread: Stop Thread seen for thread Thread Group 1-25, reason: org.apache.jorphan.util.JMeterStopThreadException: End of file:/Users/gimhuiheon/Documents/study/java-multi-threading/resources/throughput/search_words.csv detected for CSV DataSet:CSV Data Set Config configured with stopThread:true, recycle:false
2026-03-10 00:53:46,872 INFO o.a.j.t.JMeterThread: Stop Thread seen for thread Thread Group 1-21, reason: org.apache.jorphan.util.JMeterStopThreadException: End of file:/Users/gimhuiheon/Documents/study/java-multi-threading/resources/throughput/search_words.csv detected for CSV DataSet:CSV Data Set Config configured with stopThread:true, recycle:false
2026-03-10 00:53:46,872 INFO o.a.j.t.JMeterThread: Thread finished: Thread Group 1-25
2026-03-10 00:53:46,872 INFO o.a.j.t.JMeterThread: Thread finished: Thread Group 1-21
2026-03-10 00:53:46,873 INFO o.a.j.t.JMeterThread: Stop Thread seen for thread Thread Group 1-57, reason: org.apache.jorphan.util.JMeterStopThreadException: End of file:/Users/gimhuiheon/Documents/study/java-multi-threading/resources/throughput/search_words.csv detected for CSV DataSet:CSV Data Set Config configured with stopThread:true, recycle:false
2026-03-10 00:53:46,873 INFO o.a.j.t.JMeterThread: Thread finished: Thread Group 1-57
2026-03-10 00:53:46,873 INFO o.a.j.t.JMeterThread: Stop Thread seen for thread Thread Group 1-45, reason: org.apache.jorphan.util.JMeterStopThreadException: End of file:/Users/gimhuiheon/Documents/study/java-multi-threading/resources/throughput/search_words.csv detected for CSV DataSet:CSV Data Set Config configured with stopThread:true, recycle:false
2026-03-10 00:53:46,873 INFO o.a.j.t.JMeterThread: Thread finished: Thread Group 1-45
2026-03-10 00:53:46,873 INFO o.a.j.t.JMeterThread: Stop Thread seen for thread Thread Group 1-18, reason: org.apache.jorphan.util.JMeterStopThreadException: End of file:/Users/gimhuiheon/Documents/study/java-multi-threading/resources/throughput/search_words.csv detected for CSV DataSet:CSV Data Set Config configured with stopThread:true, recycle:false
2026-03-10 00:53:46,873 INFO o.a.j.t.JMeterThread: Thread finished: Thread Group 1-18
2026-03-10 00:53:46,874 INFO o.a.j.t.JMeterThread: Stop Thread seen for thread Thread Group 1-74, reason: org.apache.jorphan.util.JMeterStopThreadException: End of file:/Users/gimhuiheon/Documents/study/java-multi-threading/resources/throughput/search_words.csv detected for CSV DataSet:CSV Data Set Config configured with stopThread:true, recycle:false
2026-03-10 00:53:46,874 INFO o.a.j.t.JMeterThread: Thread finished: Thread Group 1-74
2026-03-10 00:53:46,874 INFO o.a.j.t.JMeterThread: Stop Thread seen for thread Thread Group 1-90, reason: org.apache.jorphan.util.JMeterStopThreadException: End of file:/Users/gimhuiheon/Documents/study/java-multi-threading/resources/throughput/search_words.csv detected for CSV DataSet:CSV Data Set Config configured with stopThread:true, recycle:false
2026-03-10 00:53:46,874 INFO o.a.j.t.JMeterThread: Thread finished: Thread Group 1-90
2026-03-10 00:53:46,875 INFO o.a.j.t.JMeterThread: Stop Thread seen for thread Thread Group 1-3, reason: org.apache.jorphan.util.JMeterStopThreadException: End of file:/Users/gimhuiheon/Documents/study/java-multi-threading/resources/throughput/search_words.csv detected for CSV DataSet:CSV Data Set Config configured with stopThread:true, recycle:false
2026-03-10 00:53:46,875 INFO o.a.j.t.JMeterThread: Thread finished: Thread Group 1-3
2026-03-10 00:53:46,876 INFO o.a.j.t.JMeterThread: Stop Thread seen for thread Thread Group 1-93, reason: org.apache.jorphan.util.JMeterStopThreadException: End of file:/Users/gimhuiheon/Documents/study/java-multi-threading/resources/throughput/search_words.csv detected for CSV DataSet:CSV Data Set Config configured with stopThread:true, recycle:false
2026-03-10 00:53:46,876 INFO o.a.j.t.JMeterThread: Thread finished: Thread Group 1-93
2026-03-10 00:53:46,876 INFO o.a.j.t.JMeterThread: Stop Thread seen for thread Thread Group 1-24, reason: org.apache.jorphan.util.JMeterStopThreadException: End of file:/Users/gimhuiheon/Documents/study/java-multi-threading/resources/throughput/search_words.csv detected for CSV DataSet:CSV Data Set Config configured with stopThread:true, recycle:false
2026-03-10 00:53:46,876 INFO o.a.j.t.JMeterThread: Thread finished: Thread Group 1-24
2026-03-10 00:53:46,877 INFO o.a.j.t.JMeterThread: Stop Thread seen for thread Thread Group 1-1, reason: org.apache.jorphan.util.JMeterStopThreadException: End of file:/Users/gimhuiheon/Documents/study/java-multi-threading/resources/throughput/search_words.csv detected for CSV DataSet:CSV Data Set Config configured with stopThread:true, recycle:false
2026-03-10 00:53:46,877 INFO o.a.j.t.JMeterThread: Stop Thread seen for thread Thread Group 1-36, reason: org.apache.jorphan.util.JMeterStopThreadException: End of file:/Users/gimhuiheon/Documents/study/java-multi-threading/resources/throughput/search_words.csv detected for CSV DataSet:CSV Data Set Config configured with stopThread:true, recycle:false
2026-03-10 00:53:46,877 INFO o.a.j.t.JMeterThread: Thread finished: Thread Group 1-1
2026-03-10 00:53:46,877 INFO o.a.j.t.JMeterThread: Thread finished: Thread Group 1-36
2026-03-10 00:53:46,877 INFO o.a.j.t.JMeterThread: Stop Thread seen for thread Thread Group 1-39, reason: org.apache.jorphan.util.JMeterStopThreadException: End of file:/Users/gimhuiheon/Documents/study/java-multi-threading/resources/throughput/search_words.csv detected for CSV DataSet:CSV Data Set Config configured with stopThread:true, recycle:false
2026-03-10 00:53:46,877 INFO o.a.j.t.JMeterThread: Thread finished: Thread Group 1-39
2026-03-10 00:53:46,878 INFO o.a.j.t.JMeterThread: Stop Thread seen for thread Thread Group 1-81, reason: org.apache.jorphan.util.JMeterStopThreadException: End of file:/Users/gimhuiheon/Documents/study/java-multi-threading/resources/throughput/search_words.csv detected for CSV DataSet:CSV Data Set Config configured with stopThread:true, recycle:false
2026-03-10 00:53:46,878 INFO o.a.j.t.JMeterThread: Thread finished: Thread Group 1-81
2026-03-10 00:53:46,879 INFO o.a.j.t.JMeterThread: Stop Thread seen for thread Thread Group 1-99, reason: org.apache.jorphan.util.JMeterStopThreadException: End of file:/Users/gimhuiheon/Documents/study/java-multi-threading/resources/throughput/search_words.csv detected for CSV DataSet:CSV Data Set Config configured with stopThread:true, recycle:false
2026-03-10 00:53:46,879 INFO o.a.j.t.JMeterThread: Thread finished: Thread Group 1-99
2026-03-10 00:53:46,879 INFO o.a.j.t.JMeterThread: Stop Thread seen for thread Thread Group 1-79, reason: org.apache.jorphan.util.JMeterStopThreadException: End of file:/Users/gimhuiheon/Documents/study/java-multi-threading/resources/throughput/search_words.csv detected for CSV DataSet:CSV Data Set Config configured with stopThread:true, recycle:false
2026-03-10 00:53:46,879 INFO o.a.j.t.JMeterThread: Thread finished: Thread Group 1-79
2026-03-10 00:53:46,879 INFO o.a.j.t.JMeterThread: Stop Thread seen for thread Thread Group 1-69, reason: org.apache.jorphan.util.JMeterStopThreadException: End of file:/Users/gimhuiheon/Documents/study/java-multi-threading/resources/throughput/search_words.csv detected for CSV DataSet:CSV Data Set Config configured with stopThread:true, recycle:false
2026-03-10 00:53:46,879 INFO o.a.j.t.JMeterThread: Thread finished: Thread Group 1-69
2026-03-10 00:53:46,880 INFO o.a.j.t.JMeterThread: Stop Thread seen for thread Thread Group 1-77, reason: org.apache.jorphan.util.JMeterStopThreadException: End of file:/Users/gimhuiheon/Documents/study/java-multi-threading/resources/throughput/search_words.csv detected for CSV DataSet:CSV Data Set Config configured with stopThread:true, recycle:false
2026-03-10 00:53:46,880 INFO o.a.j.t.JMeterThread: Thread finished: Thread Group 1-77
2026-03-10 00:53:46,880 INFO o.a.j.t.JMeterThread: Stop Thread seen for thread Thread Group 1-60, reason: org.apache.jorphan.util.JMeterStopThreadException: End of file:/Users/gimhuiheon/Documents/study/java-multi-threading/resources/throughput/search_words.csv detected for CSV DataSet:CSV Data Set Config configured with stopThread:true, recycle:false
2026-03-10 00:53:46,880 INFO o.a.j.t.JMeterThread: Thread finished: Thread Group 1-60
2026-03-10 00:53:46,881 INFO o.a.j.t.JMeterThread: Stop Thread seen for thread Thread Group 1-48, reason: org.apache.jorphan.util.JMeterStopThreadException: End of file:/Users/gimhuiheon/Documents/study/java-multi-threading/resources/throughput/search_words.csv detected for CSV DataSet:CSV Data Set Config configured with stopThread:true, recycle:false
2026-03-10 00:53:46,881 INFO o.a.j.t.JMeterThread: Thread finished: Thread Group 1-48
2026-03-10 00:53:46,881 INFO o.a.j.t.JMeterThread: Stop Thread seen for thread Thread Group 1-55, reason: org.apache.jorphan.util.JMeterStopThreadException: End of file:/Users/gimhuiheon/Documents/study/java-multi-threading/resources/throughput/search_words.csv detected for CSV DataSet:CSV Data Set Config configured with stopThread:true, recycle:false
2026-03-10 00:53:46,881 INFO o.a.j.t.JMeterThread: Thread finished: Thread Group 1-55
2026-03-10 00:53:46,882 INFO o.a.j.t.JMeterThread: Stop Thread seen for thread Thread Group 1-31, reason: org.apache.jorphan.util.JMeterStopThreadException: End of file:/Users/gimhuiheon/Documents/study/java-multi-threading/resources/throughput/search_words.csv detected for CSV DataSet:CSV Data Set Config configured with stopThread:true, recycle:false
2026-03-10 00:53:46,882 INFO o.a.j.t.JMeterThread: Thread finished: Thread Group 1-31
2026-03-10 00:53:46,882 INFO o.a.j.t.JMeterThread: Stop Thread seen for thread Thread Group 1-11, reason: org.apache.jorphan.util.JMeterStopThreadException: End of file:/Users/gimhuiheon/Documents/study/java-multi-threading/resources/throughput/search_words.csv detected for CSV DataSet:CSV Data Set Config configured with stopThread:true, recycle:false
2026-03-10 00:53:46,882 INFO o.a.j.t.JMeterThread: Thread finished: Thread Group 1-11
2026-03-10 00:53:46,883 INFO o.a.j.t.JMeterThread: Stop Thread seen for thread Thread Group 1-9, reason: org.apache.jorphan.util.JMeterStopThreadException: End of file:/Users/gimhuiheon/Documents/study/java-multi-threading/resources/throughput/search_words.csv detected for CSV DataSet:CSV Data Set Config configured with stopThread:true, recycle:false
2026-03-10 00:53:46,883 INFO o.a.j.t.JMeterThread: Thread finished: Thread Group 1-9
2026-03-10 00:53:46,883 INFO o.a.j.t.JMeterThread: Stop Thread seen for thread Thread Group 1-22, reason: org.apache.jorphan.util.JMeterStopThreadException: End of file:/Users/gimhuiheon/Documents/study/java-multi-threading/resources/throughput/search_words.csv detected for CSV DataSet:CSV Data Set Config configured with stopThread:true, recycle:false
2026-03-10 00:53:46,883 INFO o.a.j.t.JMeterThread: Thread finished: Thread Group 1-22
2026-03-10 00:53:46,883 INFO o.a.j.t.JMeterThread: Stop Thread seen for thread Thread Group 1-89, reason: org.apache.jorphan.util.JMeterStopThreadException: End of file:/Users/gimhuiheon/Documents/study/java-multi-threading/resources/throughput/search_words.csv detected for CSV DataSet:CSV Data Set Config configured with stopThread:true, recycle:false
2026-03-10 00:53:46,883 INFO o.a.j.t.JMeterThread: Thread finished: Thread Group 1-89
2026-03-10 00:53:46,884 INFO o.a.j.t.JMeterThread: Stop Thread seen for thread Thread Group 1-8, reason: org.apache.jorphan.util.JMeterStopThreadException: End of file:/Users/gimhuiheon/Documents/study/java-multi-threading/resources/throughput/search_words.csv detected for CSV DataSet:CSV Data Set Config configured with stopThread:true, recycle:false
2026-03-10 00:53:46,884 INFO o.a.j.t.JMeterThread: Thread finished: Thread Group 1-8
2026-03-10 00:53:46,885 INFO o.a.j.t.JMeterThread: Stop Thread seen for thread Thread Group 1-98, reason: org.apache.jorphan.util.JMeterStopThreadException: End of file:/Users/gimhuiheon/Documents/study/java-multi-threading/resources/throughput/search_words.csv detected for CSV DataSet:CSV Data Set Config configured with stopThread:true, recycle:false
2026-03-10 00:53:46,885 INFO o.a.j.t.JMeterThread: Thread finished: Thread Group 1-98
2026-03-10 00:53:46,885 INFO o.a.j.t.JMeterThread: Stop Thread seen for thread Thread Group 1-87, reason: org.apache.jorphan.util.JMeterStopThreadException: End of file:/Users/gimhuiheon/Documents/study/java-multi-threading/resources/throughput/search_words.csv detected for CSV DataSet:CSV Data Set Config configured with stopThread:true, recycle:false
2026-03-10 00:53:46,885 INFO o.a.j.t.JMeterThread: Thread finished: Thread Group 1-87
2026-03-10 00:53:46,886 INFO o.a.j.t.JMeterThread: Stop Thread seen for thread Thread Group 1-29, reason: org.apache.jorphan.util.JMeterStopThreadException: End of file:/Users/gimhuiheon/Documents/study/java-multi-threading/resources/throughput/search_words.csv detected for CSV DataSet:CSV Data Set Config configured with stopThread:true, recycle:false
2026-03-10 00:53:46,886 INFO o.a.j.t.JMeterThread: Stop Thread seen for thread Thread Group 1-7, reason: org.apache.jorphan.util.JMeterStopThreadException: End of file:/Users/gimhuiheon/Documents/study/java-multi-threading/resources/throughput/search_words.csv detected for CSV DataSet:CSV Data Set Config configured with stopThread:true, recycle:false
2026-03-10 00:53:46,886 INFO o.a.j.t.JMeterThread: Thread finished: Thread Group 1-29
2026-03-10 00:53:46,886 INFO o.a.j.t.JMeterThread: Thread finished: Thread Group 1-7
2026-03-10 00:53:46,888 INFO o.a.j.t.JMeterThread: Stop Thread seen for thread Thread Group 1-5, reason: org.apache.jorphan.util.JMeterStopThreadException: End of file:/Users/gimhuiheon/Documents/study/java-multi-threading/resources/throughput/search_words.csv detected for CSV DataSet:CSV Data Set Config configured with stopThread:true, recycle:false
2026-03-10 00:53:46,888 INFO o.a.j.t.JMeterThread: Thread finished: Thread Group 1-5
2026-03-10 00:53:46,889 INFO o.a.j.t.JMeterThread: Stop Thread seen for thread Thread Group 1-72, reason: org.apache.jorphan.util.JMeterStopThreadException: End of file:/Users/gimhuiheon/Documents/study/java-multi-threading/resources/throughput/search_words.csv detected for CSV DataSet:CSV Data Set Config configured with stopThread:true, recycle:false
2026-03-10 00:53:46,889 INFO o.a.j.t.JMeterThread: Stop Thread seen for thread Thread Group 1-52, reason: org.apache.jorphan.util.JMeterStopThreadException: End of file:/Users/gimhuiheon/Documents/study/java-multi-threading/resources/throughput/search_words.csv detected for CSV DataSet:CSV Data Set Config configured with stopThread:true, recycle:false
2026-03-10 00:53:46,889 INFO o.a.j.t.JMeterThread: Thread finished: Thread Group 1-72
2026-03-10 00:53:46,889 INFO o.a.j.t.JMeterThread: Thread finished: Thread Group 1-52
2026-03-10 00:53:46,894 INFO o.a.j.t.JMeterThread: Stop Thread seen for thread Thread Group 1-2, reason: org.apache.jorphan.util.JMeterStopThreadException: End of file:/Users/gimhuiheon/Documents/study/java-multi-threading/resources/throughput/search_words.csv detected for CSV DataSet:CSV Data Set Config configured with stopThread:true, recycle:false
2026-03-10 00:53:46,894 INFO o.a.j.t.JMeterThread: Stop Thread seen for thread Thread Group 1-41, reason: org.apache.jorphan.util.JMeterStopThreadException: End of file:/Users/gimhuiheon/Documents/study/java-multi-threading/resources/throughput/search_words.csv detected for CSV DataSet:CSV Data Set Config configured with stopThread:true, recycle:false
2026-03-10 00:53:46,894 INFO o.a.j.t.JMeterThread: Thread finished: Thread Group 1-2
2026-03-10 00:53:46,894 INFO o.a.j.t.JMeterThread: Thread finished: Thread Group 1-41
2026-03-10 00:53:46,894 INFO o.a.j.t.JMeterThread: Stop Thread seen for thread Thread Group 1-64, reason: org.apache.jorphan.util.JMeterStopThreadException: End of file:/Users/gimhuiheon/Documents/study/java-multi-threading/resources/throughput/search_words.csv detected for CSV DataSet:CSV Data Set Config configured with stopThread:true, recycle:false
2026-03-10 00:53:46,894 INFO o.a.j.t.JMeterThread: Thread finished: Thread Group 1-64
2026-03-10 00:53:46,894 INFO o.a.j.t.JMeterThread: Stop Thread seen for thread Thread Group 1-92, reason: org.apache.jorphan.util.JMeterStopThreadException: End of file:/Users/gimhuiheon/Documents/study/java-multi-threading/resources/throughput/search_words.csv detected for CSV DataSet:CSV Data Set Config configured with stopThread:true, recycle:false
2026-03-10 00:53:46,895 INFO o.a.j.t.JMeterThread: Thread finished: Thread Group 1-92
2026-03-10 00:53:46,895 INFO o.a.j.t.JMeterThread: Stop Thread seen for thread Thread Group 1-10, reason: org.apache.jorphan.util.JMeterStopThreadException: End of file:/Users/gimhuiheon/Documents/study/java-multi-threading/resources/throughput/search_words.csv detected for CSV DataSet:CSV Data Set Config configured with stopThread:true, recycle:false
2026-03-10 00:53:46,895 INFO o.a.j.t.JMeterThread: Thread finished: Thread Group 1-10
2026-03-10 00:53:46,895 INFO o.a.j.t.JMeterThread: Stop Thread seen for thread Thread Group 1-32, reason: org.apache.jorphan.util.JMeterStopThreadException: End of file:/Users/gimhuiheon/Documents/study/java-multi-threading/resources/throughput/search_words.csv detected for CSV DataSet:CSV Data Set Config configured with stopThread:true, recycle:false
2026-03-10 00:53:46,895 INFO o.a.j.t.JMeterThread: Thread finished: Thread Group 1-32
2026-03-10 00:53:46,897 INFO o.a.j.t.JMeterThread: Stop Thread seen for thread Thread Group 1-71, reason: org.apache.jorphan.util.JMeterStopThreadException: End of file:/Users/gimhuiheon/Documents/study/java-multi-threading/resources/throughput/search_words.csv detected for CSV DataSet:CSV Data Set Config configured with stopThread:true, recycle:false
2026-03-10 00:53:46,897 INFO o.a.j.t.JMeterThread: Thread finished: Thread Group 1-71
2026-03-10 00:53:46,897 INFO o.a.j.t.JMeterThread: Stop Thread seen for thread Thread Group 1-83, reason: org.apache.jorphan.util.JMeterStopThreadException: End of file:/Users/gimhuiheon/Documents/study/java-multi-threading/resources/throughput/search_words.csv detected for CSV DataSet:CSV Data Set Config configured with stopThread:true, recycle:false
2026-03-10 00:53:46,897 INFO o.a.j.t.JMeterThread: Thread finished: Thread Group 1-83
2026-03-10 00:53:46,898 INFO o.a.j.t.JMeterThread: Stop Thread seen for thread Thread Group 1-26, reason: org.apache.jorphan.util.JMeterStopThreadException: End of file:/Users/gimhuiheon/Documents/study/java-multi-threading/resources/throughput/search_words.csv detected for CSV DataSet:CSV Data Set Config configured with stopThread:true, recycle:false
2026-03-10 00:53:46,898 INFO o.a.j.t.JMeterThread: Thread finished: Thread Group 1-26
2026-03-10 00:53:46,898 INFO o.a.j.t.JMeterThread: Stop Thread seen for thread Thread Group 1-42, reason: org.apache.jorphan.util.JMeterStopThreadException: End of file:/Users/gimhuiheon/Documents/study/java-multi-threading/resources/throughput/search_words.csv detected for CSV DataSet:CSV Data Set Config configured with stopThread:true, recycle:false
2026-03-10 00:53:46,898 INFO o.a.j.t.JMeterThread: Thread finished: Thread Group 1-42
2026-03-10 00:53:46,898 INFO o.a.j.t.JMeterThread: Stop Thread seen for thread Thread Group 1-66, reason: org.apache.jorphan.util.JMeterStopThreadException: End of file:/Users/gimhuiheon/Documents/study/java-multi-threading/resources/throughput/search_words.csv detected for CSV DataSet:CSV Data Set Config configured with stopThread:true, recycle:false
2026-03-10 00:53:46,898 INFO o.a.j.t.JMeterThread: Thread finished: Thread Group 1-66
2026-03-10 00:53:46,899 INFO o.a.j.t.JMeterThread: Stop Thread seen for thread Thread Group 1-19, reason: org.apache.jorphan.util.JMeterStopThreadException: End of file:/Users/gimhuiheon/Documents/study/java-multi-threading/resources/throughput/search_words.csv detected for CSV DataSet:CSV Data Set Config configured with stopThread:true, recycle:false
2026-03-10 00:53:46,899 INFO o.a.j.t.JMeterThread: Thread finished: Thread Group 1-19
2026-03-10 00:53:46,900 INFO o.a.j.t.JMeterThread: Stop Thread seen for thread Thread Group 1-63, reason: org.apache.jorphan.util.JMeterStopThreadException: End of file:/Users/gimhuiheon/Documents/study/java-multi-threading/resources/throughput/search_words.csv detected for CSV DataSet:CSV Data Set Config configured with stopThread:true, recycle:false
2026-03-10 00:53:46,900 INFO o.a.j.t.JMeterThread: Thread finished: Thread Group 1-63
2026-03-10 00:53:46,900 INFO o.a.j.t.JMeterThread: Stop Thread seen for thread Thread Group 1-94, reason: org.apache.jorphan.util.JMeterStopThreadException: End of file:/Users/gimhuiheon/Documents/study/java-multi-threading/resources/throughput/search_words.csv detected for CSV DataSet:CSV Data Set Config configured with stopThread:true, recycle:false
2026-03-10 00:53:46,900 INFO o.a.j.t.JMeterThread: Thread finished: Thread Group 1-94
2026-03-10 00:53:46,900 INFO o.a.j.t.JMeterThread: Stop Thread seen for thread Thread Group 1-20, reason: org.apache.jorphan.util.JMeterStopThreadException: End of file:/Users/gimhuiheon/Documents/study/java-multi-threading/resources/throughput/search_words.csv detected for CSV DataSet:CSV Data Set Config configured with stopThread:true, recycle:false
2026-03-10 00:53:46,900 INFO o.a.j.t.JMeterThread: Thread finished: Thread Group 1-20
2026-03-10 00:53:46,901 INFO o.a.j.t.JMeterThread: Stop Thread seen for thread Thread Group 1-68, reason: org.apache.jorphan.util.JMeterStopThreadException: End of file:/Users/gimhuiheon/Documents/study/java-multi-threading/resources/throughput/search_words.csv detected for CSV DataSet:CSV Data Set Config configured with stopThread:true, recycle:false
2026-03-10 00:53:46,901 INFO o.a.j.t.JMeterThread: Thread finished: Thread Group 1-68
2026-03-10 00:53:46,902 INFO o.a.j.t.JMeterThread: Stop Thread seen for thread Thread Group 1-49, reason: org.apache.jorphan.util.JMeterStopThreadException: End of file:/Users/gimhuiheon/Documents/study/java-multi-threading/resources/throughput/search_words.csv detected for CSV DataSet:CSV Data Set Config configured with stopThread:true, recycle:false
2026-03-10 00:53:46,902 INFO o.a.j.t.JMeterThread: Stop Thread seen for thread Thread Group 1-30, reason: org.apache.jorphan.util.JMeterStopThreadException: End of file:/Users/gimhuiheon/Documents/study/java-multi-threading/resources/throughput/search_words.csv detected for CSV DataSet:CSV Data Set Config configured with stopThread:true, recycle:false
2026-03-10 00:53:46,903 INFO o.a.j.t.JMeterThread: Stop Thread seen for thread Thread Group 1-33, reason: org.apache.jorphan.util.JMeterStopThreadException: End of file:/Users/gimhuiheon/Documents/study/java-multi-threading/resources/throughput/search_words.csv detected for CSV DataSet:CSV Data Set Config configured with stopThread:true, recycle:false
2026-03-10 00:53:46,902 INFO o.a.j.t.JMeterThread: Thread finished: Thread Group 1-49
2026-03-10 00:53:46,903 INFO o.a.j.t.JMeterThread: Thread finished: Thread Group 1-33
2026-03-10 00:53:46,903 INFO o.a.j.t.JMeterThread: Thread finished: Thread Group 1-30
2026-03-10 00:53:46,906 INFO o.a.j.t.JMeterThread: Stop Thread seen for thread Thread Group 1-56, reason: org.apache.jorphan.util.JMeterStopThreadException: End of file:/Users/gimhuiheon/Documents/study/java-multi-threading/resources/throughput/search_words.csv detected for CSV DataSet:CSV Data Set Config configured with stopThread:true, recycle:false
2026-03-10 00:53:46,906 INFO o.a.j.t.JMeterThread: Thread finished: Thread Group 1-56
2026-03-10 00:53:46,906 INFO o.a.j.t.JMeterThread: Stop Thread seen for thread Thread Group 1-76, reason: org.apache.jorphan.util.JMeterStopThreadException: End of file:/Users/gimhuiheon/Documents/study/java-multi-threading/resources/throughput/search_words.csv detected for CSV DataSet:CSV Data Set Config configured with stopThread:true, recycle:false
2026-03-10 00:53:46,906 INFO o.a.j.t.JMeterThread: Thread finished: Thread Group 1-76
2026-03-10 00:53:46,907 INFO o.a.j.t.JMeterThread: Stop Thread seen for thread Thread Group 1-59, reason: org.apache.jorphan.util.JMeterStopThreadException: End of file:/Users/gimhuiheon/Documents/study/java-multi-threading/resources/throughput/search_words.csv detected for CSV DataSet:CSV Data Set Config configured with stopThread:true, recycle:false
2026-03-10 00:53:46,907 INFO o.a.j.t.JMeterThread: Thread finished: Thread Group 1-59
2026-03-10 00:53:46,907 INFO o.a.j.t.JMeterThread: Stop Thread seen for thread Thread Group 1-95, reason: org.apache.jorphan.util.JMeterStopThreadException: End of file:/Users/gimhuiheon/Documents/study/java-multi-threading/resources/throughput/search_words.csv detected for CSV DataSet:CSV Data Set Config configured with stopThread:true, recycle:false
2026-03-10 00:53:46,907 INFO o.a.j.t.JMeterThread: Thread finished: Thread Group 1-95
2026-03-10 00:53:46,907 INFO o.a.j.t.JMeterThread: Stop Thread seen for thread Thread Group 1-23, reason: org.apache.jorphan.util.JMeterStopThreadException: End of file:/Users/gimhuiheon/Documents/study/java-multi-threading/resources/throughput/search_words.csv detected for CSV DataSet:CSV Data Set Config configured with stopThread:true, recycle:false
2026-03-10 00:53:46,907 INFO o.a.j.t.JMeterThread: Thread finished: Thread Group 1-23
2026-03-10 00:53:46,908 INFO o.a.j.t.JMeterThread: Stop Thread seen for thread Thread Group 1-75, reason: org.apache.jorphan.util.JMeterStopThreadException: End of file:/Users/gimhuiheon/Documents/study/java-multi-threading/resources/throughput/search_words.csv detected for CSV DataSet:CSV Data Set Config configured with stopThread:true, recycle:false
2026-03-10 00:53:46,908 INFO o.a.j.t.JMeterThread: Thread finished: Thread Group 1-75
2026-03-10 00:53:46,908 INFO o.a.j.t.JMeterThread: Stop Thread seen for thread Thread Group 1-38, reason: org.apache.jorphan.util.JMeterStopThreadException: End of file:/Users/gimhuiheon/Documents/study/java-multi-threading/resources/throughput/search_words.csv detected for CSV DataSet:CSV Data Set Config configured with stopThread:true, recycle:false
2026-03-10 00:53:46,908 INFO o.a.j.t.JMeterThread: Thread finished: Thread Group 1-38
2026-03-10 00:53:46,909 INFO o.a.j.t.JMeterThread: Stop Thread seen for thread Thread Group 1-80, reason: org.apache.jorphan.util.JMeterStopThreadException: End of file:/Users/gimhuiheon/Documents/study/java-multi-threading/resources/throughput/search_words.csv detected for CSV DataSet:CSV Data Set Config configured with stopThread:true, recycle:false
2026-03-10 00:53:46,909 INFO o.a.j.t.JMeterThread: Thread finished: Thread Group 1-80
2026-03-10 00:53:46,910 INFO o.a.j.t.JMeterThread: Stop Thread seen for thread Thread Group 1-65, reason: org.apache.jorphan.util.JMeterStopThreadException: End of file:/Users/gimhuiheon/Documents/study/java-multi-threading/resources/throughput/search_words.csv detected for CSV DataSet:CSV Data Set Config configured with stopThread:true, recycle:false
2026-03-10 00:53:46,910 INFO o.a.j.t.JMeterThread: Thread finished: Thread Group 1-65
2026-03-10 00:53:46,911 INFO o.a.j.t.JMeterThread: Stop Thread seen for thread Thread Group 1-13, reason: org.apache.jorphan.util.JMeterStopThreadException: End of file:/Users/gimhuiheon/Documents/study/java-multi-threading/resources/throughput/search_words.csv detected for CSV DataSet:CSV Data Set Config configured with stopThread:true, recycle:false
2026-03-10 00:53:46,912 INFO o.a.j.t.JMeterThread: Thread finished: Thread Group 1-13
2026-03-10 00:53:46,917 INFO o.a.j.t.JMeterThread: Stop Thread seen for thread Thread Group 1-70, reason: org.apache.jorphan.util.JMeterStopThreadException: End of file:/Users/gimhuiheon/Documents/study/java-multi-threading/resources/throughput/search_words.csv detected for CSV DataSet:CSV Data Set Config configured with stopThread:true, recycle:false
2026-03-10 00:53:46,917 INFO o.a.j.t.JMeterThread: Thread finished: Thread Group 1-70
2026-03-10 00:53:46,918 INFO o.a.j.t.JMeterThread: Stop Thread seen for thread Thread Group 1-47, reason: org.apache.jorphan.util.JMeterStopThreadException: End of file:/Users/gimhuiheon/Documents/study/java-multi-threading/resources/throughput/search_words.csv detected for CSV DataSet:CSV Data Set Config configured with stopThread:true, recycle:false
2026-03-10 00:53:46,918 INFO o.a.j.t.JMeterThread: Thread finished: Thread Group 1-47
2026-03-10 00:53:46,918 INFO o.a.j.t.JMeterThread: Stop Thread seen for thread Thread Group 1-62, reason: org.apache.jorphan.util.JMeterStopThreadException: End of file:/Users/gimhuiheon/Documents/study/java-multi-threading/resources/throughput/search_words.csv detected for CSV DataSet:CSV Data Set Config configured with stopThread:true, recycle:false
2026-03-10 00:53:46,918 INFO o.a.j.t.JMeterThread: Thread finished: Thread Group 1-62
2026-03-10 00:53:46,918 INFO o.a.j.t.JMeterThread: Stop Thread seen for thread Thread Group 1-40, reason: org.apache.jorphan.util.JMeterStopThreadException: End of file:/Users/gimhuiheon/Documents/study/java-multi-threading/resources/throughput/search_words.csv detected for CSV DataSet:CSV Data Set Config configured with stopThread:true, recycle:false
2026-03-10 00:53:46,919 INFO o.a.j.t.JMeterThread: Stop Thread seen for thread Thread Group 1-17, reason: org.apache.jorphan.util.JMeterStopThreadException: End of file:/Users/gimhuiheon/Documents/study/java-multi-threading/resources/throughput/search_words.csv detected for CSV DataSet:CSV Data Set Config configured with stopThread:true, recycle:false
2026-03-10 00:53:46,919 INFO o.a.j.t.JMeterThread: Thread finished: Thread Group 1-40
2026-03-10 00:53:46,919 INFO o.a.j.t.JMeterThread: Thread finished: Thread Group 1-17
2026-03-10 00:53:46,919 INFO o.a.j.t.JMeterThread: Stop Thread seen for thread Thread Group 1-15, reason: org.apache.jorphan.util.JMeterStopThreadException: End of file:/Users/gimhuiheon/Documents/study/java-multi-threading/resources/throughput/search_words.csv detected for CSV DataSet:CSV Data Set Config configured with stopThread:true, recycle:false
2026-03-10 00:53:46,919 INFO o.a.j.t.JMeterThread: Thread finished: Thread Group 1-15
2026-03-10 00:53:46,919 INFO o.a.j.t.JMeterThread: Stop Thread seen for thread Thread Group 1-51, reason: org.apache.jorphan.util.JMeterStopThreadException: End of file:/Users/gimhuiheon/Documents/study/java-multi-threading/resources/throughput/search_words.csv detected for CSV DataSet:CSV Data Set Config configured with stopThread:true, recycle:false
2026-03-10 00:53:46,919 INFO o.a.j.t.JMeterThread: Thread finished: Thread Group 1-51
2026-03-10 00:53:46,919 INFO o.a.j.t.JMeterThread: Stop Thread seen for thread Thread Group 1-58, reason: org.apache.jorphan.util.JMeterStopThreadException: End of file:/Users/gimhuiheon/Documents/study/java-multi-threading/resources/throughput/search_words.csv detected for CSV DataSet:CSV Data Set Config configured with stopThread:true, recycle:false
2026-03-10 00:53:46,919 INFO o.a.j.t.JMeterThread: Thread finished: Thread Group 1-58
2026-03-10 00:53:46,919 INFO o.a.j.t.JMeterThread: Stop Thread seen for thread Thread Group 1-14, reason: org.apache.jorphan.util.JMeterStopThreadException: End of file:/Users/gimhuiheon/Documents/study/java-multi-threading/resources/throughput/search_words.csv detected for CSV DataSet:CSV Data Set Config configured with stopThread:true, recycle:false
2026-03-10 00:53:46,919 INFO o.a.j.t.JMeterThread: Thread finished: Thread Group 1-14
2026-03-10 00:53:46,919 INFO o.a.j.t.JMeterThread: Stop Thread seen for thread Thread Group 1-73, reason: org.apache.jorphan.util.JMeterStopThreadException: End of file:/Users/gimhuiheon/Documents/study/java-multi-threading/resources/throughput/search_words.csv detected for CSV DataSet:CSV Data Set Config configured with stopThread:true, recycle:false
2026-03-10 00:53:46,919 INFO o.a.j.t.JMeterThread: Thread finished: Thread Group 1-73
2026-03-10 00:53:46,919 INFO o.a.j.t.JMeterThread: Stop Thread seen for thread Thread Group 1-44, reason: org.apache.jorphan.util.JMeterStopThreadException: End of file:/Users/gimhuiheon/Documents/study/java-multi-threading/resources/throughput/search_words.csv detected for CSV DataSet:CSV Data Set Config configured with stopThread:true, recycle:false
2026-03-10 00:53:46,919 INFO o.a.j.t.JMeterThread: Thread finished: Thread Group 1-44
2026-03-10 00:53:46,919 INFO o.a.j.t.JMeterThread: Stop Thread seen for thread Thread Group 1-84, reason: org.apache.jorphan.util.JMeterStopThreadException: End of file:/Users/gimhuiheon/Documents/study/java-multi-threading/resources/throughput/search_words.csv detected for CSV DataSet:CSV Data Set Config configured with stopThread:true, recycle:false
2026-03-10 00:53:46,919 INFO o.a.j.t.JMeterThread: Thread finished: Thread Group 1-84
2026-03-10 00:53:46,919 INFO o.a.j.t.JMeterThread: Stop Thread seen for thread Thread Group 1-35, reason: org.apache.jorphan.util.JMeterStopThreadException: End of file:/Users/gimhuiheon/Documents/study/java-multi-threading/resources/throughput/search_words.csv detected for CSV DataSet:CSV Data Set Config configured with stopThread:true, recycle:false
2026-03-10 00:53:46,919 INFO o.a.j.t.JMeterThread: Stop Thread seen for thread Thread Group 1-27, reason: org.apache.jorphan.util.JMeterStopThreadException: End of file:/Users/gimhuiheon/Documents/study/java-multi-threading/resources/throughput/search_words.csv detected for CSV DataSet:CSV Data Set Config configured with stopThread:true, recycle:false
2026-03-10 00:53:46,919 INFO o.a.j.t.JMeterThread: Thread finished: Thread Group 1-27
2026-03-10 00:53:46,920 INFO o.a.j.t.JMeterThread: Stop Thread seen for thread Thread Group 1-86, reason: org.apache.jorphan.util.JMeterStopThreadException: End of file:/Users/gimhuiheon/Documents/study/java-multi-threading/resources/throughput/search_words.csv detected for CSV DataSet:CSV Data Set Config configured with stopThread:true, recycle:false
2026-03-10 00:53:46,920 INFO o.a.j.t.JMeterThread: Thread finished: Thread Group 1-86
2026-03-10 00:53:46,920 INFO o.a.j.t.JMeterThread: Stop Thread seen for thread Thread Group 1-54, reason: org.apache.jorphan.util.JMeterStopThreadException: End of file:/Users/gimhuiheon/Documents/study/java-multi-threading/resources/throughput/search_words.csv detected for CSV DataSet:CSV Data Set Config configured with stopThread:true, recycle:false
2026-03-10 00:53:46,920 INFO o.a.j.t.JMeterThread: Thread finished: Thread Group 1-54
2026-03-10 00:53:46,920 INFO o.a.j.t.JMeterThread: Stop Thread seen for thread Thread Group 1-4, reason: org.apache.jorphan.util.JMeterStopThreadException: End of file:/Users/gimhuiheon/Documents/study/java-multi-threading/resources/throughput/search_words.csv detected for CSV DataSet:CSV Data Set Config configured with stopThread:true, recycle:false
2026-03-10 00:53:46,920 INFO o.a.j.t.JMeterThread: Thread finished: Thread Group 1-4
2026-03-10 00:53:46,920 INFO o.a.j.t.JMeterThread: Stop Thread seen for thread Thread Group 1-6, reason: org.apache.jorphan.util.JMeterStopThreadException: End of file:/Users/gimhuiheon/Documents/study/java-multi-threading/resources/throughput/search_words.csv detected for CSV DataSet:CSV Data Set Config configured with stopThread:true, recycle:false
2026-03-10 00:53:46,920 INFO o.a.j.t.JMeterThread: Thread finished: Thread Group 1-6
2026-03-10 00:53:46,920 INFO o.a.j.t.JMeterThread: Stop Thread seen for thread Thread Group 1-46, reason: org.apache.jorphan.util.JMeterStopThreadException: End of file:/Users/gimhuiheon/Documents/study/java-multi-threading/resources/throughput/search_words.csv detected for CSV DataSet:CSV Data Set Config configured with stopThread:true, recycle:false
2026-03-10 00:53:46,920 INFO o.a.j.t.JMeterThread: Thread finished: Thread Group 1-46
2026-03-10 00:53:46,920 INFO o.a.j.t.JMeterThread: Stop Thread seen for thread Thread Group 1-61, reason: org.apache.jorphan.util.JMeterStopThreadException: End of file:/Users/gimhuiheon/Documents/study/java-multi-threading/resources/throughput/search_words.csv detected for CSV DataSet:CSV Data Set Config configured with stopThread:true, recycle:false
2026-03-10 00:53:46,920 INFO o.a.j.t.JMeterThread: Thread finished: Thread Group 1-61
2026-03-10 00:53:46,920 INFO o.a.j.t.JMeterThread: Stop Thread seen for thread Thread Group 1-67, reason: org.apache.jorphan.util.JMeterStopThreadException: End of file:/Users/gimhuiheon/Documents/study/java-multi-threading/resources/throughput/search_words.csv detected for CSV DataSet:CSV Data Set Config configured with stopThread:true, recycle:false
2026-03-10 00:53:46,920 INFO o.a.j.t.JMeterThread: Stop Thread seen for thread Thread Group 1-91, reason: org.apache.jorphan.util.JMeterStopThreadException: End of file:/Users/gimhuiheon/Documents/study/java-multi-threading/resources/throughput/search_words.csv detected for CSV DataSet:CSV Data Set Config configured with stopThread:true, recycle:false
2026-03-10 00:53:46,920 INFO o.a.j.t.JMeterThread: Thread finished: Thread Group 1-91
2026-03-10 00:53:46,920 INFO o.a.j.t.JMeterThread: Stop Thread seen for thread Thread Group 1-100, reason: org.apache.jorphan.util.JMeterStopThreadException: End of file:/Users/gimhuiheon/Documents/study/java-multi-threading/resources/throughput/search_words.csv detected for CSV DataSet:CSV Data Set Config configured with stopThread:true, recycle:false
2026-03-10 00:53:46,920 INFO o.a.j.t.JMeterThread: Thread finished: Thread Group 1-100
2026-03-10 00:53:46,920 INFO o.a.j.t.JMeterThread: Stop Thread seen for thread Thread Group 1-34, reason: org.apache.jorphan.util.JMeterStopThreadException: End of file:/Users/gimhuiheon/Documents/study/java-multi-threading/resources/throughput/search_words.csv detected for CSV DataSet:CSV Data Set Config configured with stopThread:true, recycle:false
2026-03-10 00:53:46,920 INFO o.a.j.t.JMeterThread: Thread finished: Thread Group 1-34
2026-03-10 00:53:46,920 INFO o.a.j.t.JMeterThread: Thread finished: Thread Group 1-67
2026-03-10 00:53:46,920 INFO o.a.j.t.JMeterThread: Stop Thread seen for thread Thread Group 1-78, reason: org.apache.jorphan.util.JMeterStopThreadException: End of file:/Users/gimhuiheon/Documents/study/java-multi-threading/resources/throughput/search_words.csv detected for CSV DataSet:CSV Data Set Config configured with stopThread:true, recycle:false
2026-03-10 00:53:46,921 INFO o.a.j.t.JMeterThread: Thread finished: Thread Group 1-78
2026-03-10 00:53:46,922 INFO o.a.j.t.JMeterThread: Thread finished: Thread Group 1-35
2026-03-10 00:53:46,919 INFO o.a.j.t.JMeterThread: Stop Thread seen for thread Thread Group 1-28, reason: org.apache.jorphan.util.JMeterStopThreadException: End of file:/Users/gimhuiheon/Documents/study/java-multi-threading/resources/throughput/search_words.csv detected for CSV DataSet:CSV Data Set Config configured with stopThread:true, recycle:false
2026-03-10 00:53:46,919 INFO o.a.j.t.JMeterThread: Stop Thread seen for thread Thread Group 1-16, reason: org.apache.jorphan.util.JMeterStopThreadException: End of file:/Users/gimhuiheon/Documents/study/java-multi-threading/resources/throughput/search_words.csv detected for CSV DataSet:CSV Data Set Config configured with stopThread:true, recycle:false
2026-03-10 00:53:46,922 INFO o.a.j.t.JMeterThread: Thread finished: Thread Group 1-16
2026-03-10 00:53:46,922 INFO o.a.j.t.JMeterThread: Thread finished: Thread Group 1-28
2026-03-10 00:53:46,922 INFO o.a.j.e.StandardJMeterEngine: Notifying test listeners of end of test
2026-03-10 00:53:46,922 INFO o.a.j.s.FileServer: Close: /Users/gimhuiheon/Documents/study/java-multi-threading/resources/throughput/search_words.csv
2026-03-10 00:53:46,922 INFO o.a.j.g.u.JMeterMenuBar: setRunning(false, *local*)
2026-03-10 00:53:59,964 INFO o.a.j.e.StandardJMeterEngine: Running the test!
2026-03-10 00:53:59,964 INFO o.a.j.s.SampleEvent: List of sample_variables: []
2026-03-10 00:53:59,964 INFO o.a.j.g.u.JMeterMenuBar: setRunning(true, *local*)
2026-03-10 00:54:00,018 INFO o.a.j.e.StandardJMeterEngine: Starting ThreadGroup: 1 : Thread Group
2026-03-10 00:54:00,019 INFO o.a.j.e.StandardJMeterEngine: Starting 100 threads for group Thread Group.
2026-03-10 00:54:00,019 INFO o.a.j.e.StandardJMeterEngine: Thread will continue on error
2026-03-10 00:54:00,019 INFO o.a.j.t.ThreadGroup: Starting thread group... number=1 threads=100 ramp-up=1 delayedStart=false
2026-03-10 00:54:00,020 INFO o.a.j.t.JMeterThread: Thread started: Thread Group 1-1
2026-03-10 00:54:00,020 INFO o.a.j.s.FileServer: Stored: /Users/gimhuiheon/Documents/study/java-multi-threading/resources/throughput/search_words.csv
2026-03-10 00:54:00,031 INFO o.a.j.t.JMeterThread: Thread started: Thread Group 1-2
2026-03-10 00:54:00,039 INFO o.a.j.t.JMeterThread: Thread started: Thread Group 1-3
2026-03-10 00:54:00,040 INFO o.a.j.t.ThreadGroup: Started thread group number 1
2026-03-10 00:54:00,040 INFO o.a.j.e.StandardJMeterEngine: All thread groups have been started
2026-03-10 00:54:00,051 INFO o.a.j.t.JMeterThread: Thread started: Thread Group 1-4
2026-03-10 00:54:00,063 INFO o.a.j.t.JMeterThread: Thread started: Thread Group 1-5
2026-03-10 00:54:00,074 INFO o.a.j.t.JMeterThread: Thread started: Thread Group 1-6
2026-03-10 00:54:00,084 INFO o.a.j.t.JMeterThread: Thread started: Thread Group 1-7
2026-03-10 00:54:00,095 INFO o.a.j.t.JMeterThread: Thread started: Thread Group 1-8
2026-03-10 00:54:00,106 INFO o.a.j.t.JMeterThread: Thread started: Thread Group 1-9
2026-03-10 00:54:00,112 INFO o.a.j.t.JMeterThread: Thread started: Thread Group 1-10
2026-03-10 00:54:00,123 INFO o.a.j.t.JMeterThread: Thread started: Thread Group 1-11
2026-03-10 00:54:00,135 INFO o.a.j.t.JMeterThread: Thread started: Thread Group 1-12
2026-03-10 00:54:00,145 INFO o.a.j.t.JMeterThread: Thread started: Thread Group 1-13
2026-03-10 00:54:00,155 INFO o.a.j.t.JMeterThread: Thread started: Thread Group 1-14
2026-03-10 00:54:00,166 INFO o.a.j.t.JMeterThread: Thread started: Thread Group 1-15
2026-03-10 00:54:00,179 INFO o.a.j.t.JMeterThread: Thread started: Thread Group 1-16
2026-03-10 00:54:00,182 INFO o.a.j.t.JMeterThread: Thread started: Thread Group 1-17
2026-03-10 00:54:00,195 INFO o.a.j.t.JMeterThread: Thread started: Thread Group 1-18
2026-03-10 00:54:00,204 INFO o.a.j.t.JMeterThread: Thread started: Thread Group 1-19
2026-03-10 00:54:00,212 INFO o.a.j.t.JMeterThread: Thread started: Thread Group 1-20
2026-03-10 00:54:00,224 INFO o.a.j.t.JMeterThread: Thread started: Thread Group 1-21
2026-03-10 00:54:00,234 INFO o.a.j.t.JMeterThread: Thread started: Thread Group 1-22
2026-03-10 00:54:00,240 INFO o.a.j.t.JMeterThread: Thread started: Thread Group 1-23
2026-03-10 00:54:00,254 INFO o.a.j.t.JMeterThread: Thread started: Thread Group 1-24
2026-03-10 00:54:00,260 INFO o.a.j.t.JMeterThread: Thread started: Thread Group 1-25
2026-03-10 00:54:00,275 INFO o.a.j.t.JMeterThread: Thread started: Thread Group 1-26
2026-03-10 00:54:00,285 INFO o.a.j.t.JMeterThread: Thread started: Thread Group 1-27
2026-03-10 00:54:00,295 INFO o.a.j.t.JMeterThread: Thread started: Thread Group 1-28
2026-03-10 00:54:00,305 INFO o.a.j.t.JMeterThread: Thread started: Thread Group 1-29
2026-03-10 00:54:00,314 INFO o.a.j.t.JMeterThread: Thread started: Thread Group 1-30
2026-03-10 00:54:00,324 INFO o.a.j.t.JMeterThread: Thread started: Thread Group 1-31
2026-03-10 00:54:00,335 INFO o.a.j.t.JMeterThread: Thread started: Thread Group 1-32
2026-03-10 00:54:00,342 INFO o.a.j.t.JMeterThread: Thread started: Thread Group 1-33
2026-03-10 00:54:00,355 INFO o.a.j.t.JMeterThread: Thread started: Thread Group 1-34
2026-03-10 00:54:00,365 INFO o.a.j.t.JMeterThread: Thread started: Thread Group 1-35
2026-03-10 00:54:00,375 INFO o.a.j.t.JMeterThread: Thread started: Thread Group 1-36
2026-03-10 00:54:00,385 INFO o.a.j.t.JMeterThread: Thread started: Thread Group 1-37
2026-03-10 00:54:00,391 INFO o.a.j.t.JMeterThread: Thread started: Thread Group 1-38
2026-03-10 00:54:00,400 INFO o.a.j.t.JMeterThread: Thread started: Thread Group 1-39
2026-03-10 00:54:00,414 INFO o.a.j.t.JMeterThread: Thread started: Thread Group 1-40
2026-03-10 00:54:00,425 INFO o.a.j.t.JMeterThread: Thread started: Thread Group 1-41
2026-03-10 00:54:00,435 INFO o.a.j.t.JMeterThread: Thread started: Thread Group 1-42
2026-03-10 00:54:00,442 INFO o.a.j.t.JMeterThread: Thread started: Thread Group 1-43
2026-03-10 00:54:00,454 INFO o.a.j.t.JMeterThread: Thread started: Thread Group 1-44
2026-03-10 00:54:00,461 INFO o.a.j.t.JMeterThread: Thread started: Thread Group 1-45
2026-03-10 00:54:00,474 INFO o.a.j.t.JMeterThread: Thread started: Thread Group 1-46
2026-03-10 00:54:00,484 INFO o.a.j.t.JMeterThread: Thread started: Thread Group 1-47
2026-03-10 00:54:00,494 INFO o.a.j.t.JMeterThread: Thread started: Thread Group 1-48
2026-03-10 00:54:00,504 INFO o.a.j.t.JMeterThread: Thread started: Thread Group 1-49
2026-03-10 00:54:00,510 INFO o.a.j.t.JMeterThread: Thread started: Thread Group 1-50
2026-03-10 00:54:00,521 INFO o.a.j.t.JMeterThread: Thread started: Thread Group 1-51
2026-03-10 00:54:00,530 INFO o.a.j.t.JMeterThread: Thread started: Thread Group 1-52
2026-03-10 00:54:00,545 INFO o.a.j.t.JMeterThread: Thread started: Thread Group 1-53
2026-03-10 00:54:00,550 INFO o.a.j.t.JMeterThread: Thread started: Thread Group 1-54
2026-03-10 00:54:00,564 INFO o.a.j.t.JMeterThread: Thread started: Thread Group 1-55
2026-03-10 00:54:00,574 INFO o.a.j.t.JMeterThread: Thread started: Thread Group 1-56
2026-03-10 00:54:00,584 INFO o.a.j.t.JMeterThread: Thread started: Thread Group 1-57
2026-03-10 00:54:00,595 INFO o.a.j.t.JMeterThread: Thread started: Thread Group 1-58
2026-03-10 00:54:00,605 INFO o.a.j.t.JMeterThread: Thread started: Thread Group 1-59
2026-03-10 00:54:00,614 INFO o.a.j.t.JMeterThread: Thread started: Thread Group 1-60
2026-03-10 00:54:00,624 INFO o.a.j.t.JMeterThread: Thread started: Thread Group 1-61
2026-03-10 00:54:00,634 INFO o.a.j.t.JMeterThread: Thread started: Thread Group 1-62
2026-03-10 00:54:00,642 INFO o.a.j.t.JMeterThread: Thread started: Thread Group 1-63
2026-03-10 00:54:00,655 INFO o.a.j.t.JMeterThread: Thread started: Thread Group 1-64
2026-03-10 00:54:00,664 INFO o.a.j.t.JMeterThread: Thread started: Thread Group 1-65
2026-03-10 00:54:00,674 INFO o.a.j.t.JMeterThread: Thread started: Thread Group 1-66
2026-03-10 00:54:00,683 INFO o.a.j.t.JMeterThread: Thread started: Thread Group 1-67
2026-03-10 00:54:00,692 INFO o.a.j.t.JMeterThread: Thread started: Thread Group 1-68
2026-03-10 00:54:00,704 INFO o.a.j.t.JMeterThread: Thread started: Thread Group 1-69
2026-03-10 00:54:00,714 INFO o.a.j.t.JMeterThread: Thread started: Thread Group 1-70
2026-03-10 00:54:00,722 INFO o.a.j.t.JMeterThread: Thread started: Thread Group 1-71
2026-03-10 00:54:00,732 INFO o.a.j.t.JMeterThread: Thread started: Thread Group 1-72
2026-03-10 00:54:00,744 INFO o.a.j.t.JMeterThread: Thread started: Thread Group 1-73
2026-03-10 00:54:00,754 INFO o.a.j.t.JMeterThread: Thread started: Thread Group 1-74
2026-03-10 00:54:00,764 INFO o.a.j.t.JMeterThread: Thread started: Thread Group 1-75
2026-03-10 00:54:00,772 INFO o.a.j.t.JMeterThread: Thread started: Thread Group 1-76
2026-03-10 00:54:00,783 INFO o.a.j.t.JMeterThread: Thread started: Thread Group 1-77
2026-03-10 00:54:00,792 INFO o.a.j.t.JMeterThread: Thread started: Thread Group 1-78
2026-03-10 00:54:00,803 INFO o.a.j.t.JMeterThread: Thread started: Thread Group 1-79
2026-03-10 00:54:00,812 INFO o.a.j.t.JMeterThread: Thread started: Thread Group 1-80
2026-03-10 00:54:00,825 INFO o.a.j.t.JMeterThread: Thread started: Thread Group 1-81
2026-03-10 00:54:00,833 INFO o.a.j.t.JMeterThread: Thread started: Thread Group 1-82
2026-03-10 00:54:00,844 INFO o.a.j.t.JMeterThread: Thread started: Thread Group 1-83
2026-03-10 00:54:00,855 INFO o.a.j.t.JMeterThread: Thread started: Thread Group 1-84
2026-03-10 00:54:00,865 INFO o.a.j.t.JMeterThread: Thread started: Thread Group 1-85
2026-03-10 00:54:00,874 INFO o.a.j.t.JMeterThread: Thread started: Thread Group 1-86
2026-03-10 00:54:00,884 INFO o.a.j.t.JMeterThread: Thread started: Thread Group 1-87
2026-03-10 00:54:00,892 INFO o.a.j.t.JMeterThread: Thread started: Thread Group 1-88
2026-03-10 00:54:00,904 INFO o.a.j.t.JMeterThread: Thread started: Thread Group 1-89
2026-03-10 00:54:00,914 INFO o.a.j.t.JMeterThread: Thread started: Thread Group 1-90
2026-03-10 00:54:00,924 INFO o.a.j.t.JMeterThread: Thread started: Thread Group 1-91
2026-03-10 00:54:00,931 INFO o.a.j.t.JMeterThread: Thread started: Thread Group 1-92
2026-03-10 00:54:00,945 INFO o.a.j.t.JMeterThread: Thread started: Thread Group 1-93
2026-03-10 00:54:00,955 INFO o.a.j.t.JMeterThread: Thread started: Thread Group 1-94
2026-03-10 00:54:00,964 INFO o.a.j.t.JMeterThread: Thread started: Thread Group 1-95
2026-03-10 00:54:00,974 INFO o.a.j.t.JMeterThread: Thread started: Thread Group 1-96
2026-03-10 00:54:00,984 INFO o.a.j.t.JMeterThread: Thread started: Thread Group 1-97
2026-03-10 00:54:00,994 INFO o.a.j.t.JMeterThread: Thread started: Thread Group 1-98
2026-03-10 00:54:01,004 INFO o.a.j.t.JMeterThread: Thread started: Thread Group 1-99
2026-03-10 00:54:01,015 INFO o.a.j.t.JMeterThread: Thread started: Thread Group 1-100
2026-03-10 00:54:01,281 INFO o.a.j.t.JMeterThread: Stop Thread seen for thread Thread Group 1-33, reason: org.apache.jorphan.util.JMeterStopThreadException: End of file:/Users/gimhuiheon/Documents/study/java-multi-threading/resources/throughput/search_words.csv detected for CSV DataSet:CSV Data Set Config configured with stopThread:true, recycle:false
2026-03-10 00:54:01,281 INFO o.a.j.t.JMeterThread: Thread finished: Thread Group 1-33
2026-03-10 00:54:01,281 INFO o.a.j.t.JMeterThread: Stop Thread seen for thread Thread Group 1-57, reason: org.apache.jorphan.util.JMeterStopThreadException: End of file:/Users/gimhuiheon/Documents/study/java-multi-threading/resources/throughput/search_words.csv detected for CSV DataSet:CSV Data Set Config configured with stopThread:true, recycle:false
2026-03-10 00:54:01,281 INFO o.a.j.t.JMeterThread: Thread finished: Thread Group 1-57
2026-03-10 00:54:01,281 INFO o.a.j.t.JMeterThread: Stop Thread seen for thread Thread Group 1-9, reason: org.apache.jorphan.util.JMeterStopThreadException: End of file:/Users/gimhuiheon/Documents/study/java-multi-threading/resources/throughput/search_words.csv detected for CSV DataSet:CSV Data Set Config configured with stopThread:true, recycle:false
2026-03-10 00:54:01,281 INFO o.a.j.t.JMeterThread: Thread finished: Thread Group 1-9
2026-03-10 00:54:01,282 INFO o.a.j.t.JMeterThread: Stop Thread seen for thread Thread Group 1-75, reason: org.apache.jorphan.util.JMeterStopThreadException: End of file:/Users/gimhuiheon/Documents/study/java-multi-threading/resources/throughput/search_words.csv detected for CSV DataSet:CSV Data Set Config configured with stopThread:true, recycle:false
2026-03-10 00:54:01,282 INFO o.a.j.t.JMeterThread: Thread finished: Thread Group 1-75
2026-03-10 00:54:01,282 INFO o.a.j.t.JMeterThread: Stop Thread seen for thread Thread Group 1-35, reason: org.apache.jorphan.util.JMeterStopThreadException: End of file:/Users/gimhuiheon/Documents/study/java-multi-threading/resources/throughput/search_words.csv detected for CSV DataSet:CSV Data Set Config configured with stopThread:true, recycle:false
2026-03-10 00:54:01,282 INFO o.a.j.t.JMeterThread: Thread finished: Thread Group 1-35
2026-03-10 00:54:01,283 INFO o.a.j.t.JMeterThread: Stop Thread seen for thread Thread Group 1-12, reason: org.apache.jorphan.util.JMeterStopThreadException: End of file:/Users/gimhuiheon/Documents/study/java-multi-threading/resources/throughput/search_words.csv detected for CSV DataSet:CSV Data Set Config configured with stopThread:true, recycle:false
2026-03-10 00:54:01,283 INFO o.a.j.t.JMeterThread: Thread finished: Thread Group 1-12
2026-03-10 00:54:01,284 INFO o.a.j.t.JMeterThread: Stop Thread seen for thread Thread Group 1-65, reason: org.apache.jorphan.util.JMeterStopThreadException: End of file:/Users/gimhuiheon/Documents/study/java-multi-threading/resources/throughput/search_words.csv detected for CSV DataSet:CSV Data Set Config configured with stopThread:true, recycle:false
2026-03-10 00:54:01,284 INFO o.a.j.t.JMeterThread: Thread finished: Thread Group 1-65
2026-03-10 00:54:01,284 INFO o.a.j.t.JMeterThread: Stop Thread seen for thread Thread Group 1-60, reason: org.apache.jorphan.util.JMeterStopThreadException: End of file:/Users/gimhuiheon/Documents/study/java-multi-threading/resources/throughput/search_words.csv detected for CSV DataSet:CSV Data Set Config configured with stopThread:true, recycle:false
2026-03-10 00:54:01,284 INFO o.a.j.t.JMeterThread: Thread finished: Thread Group 1-60
2026-03-10 00:54:01,284 INFO o.a.j.t.JMeterThread: Stop Thread seen for thread Thread Group 1-56, reason: org.apache.jorphan.util.JMeterStopThreadException: End of file:/Users/gimhuiheon/Documents/study/java-multi-threading/resources/throughput/search_words.csv detected for CSV DataSet:CSV Data Set Config configured with stopThread:true, recycle:false
2026-03-10 00:54:01,284 INFO o.a.j.t.JMeterThread: Thread finished: Thread Group 1-56
2026-03-10 00:54:01,285 INFO o.a.j.t.JMeterThread: Stop Thread seen for thread Thread Group 1-34, reason: org.apache.jorphan.util.JMeterStopThreadException: End of file:/Users/gimhuiheon/Documents/study/java-multi-threading/resources/throughput/search_words.csv detected for CSV DataSet:CSV Data Set Config configured with stopThread:true, recycle:false
2026-03-10 00:54:01,285 INFO o.a.j.t.JMeterThread: Thread finished: Thread Group 1-34
2026-03-10 00:54:01,285 INFO o.a.j.t.JMeterThread: Stop Thread seen for thread Thread Group 1-76, reason: org.apache.jorphan.util.JMeterStopThreadException: End of file:/Users/gimhuiheon/Documents/study/java-multi-threading/resources/throughput/search_words.csv detected for CSV DataSet:CSV Data Set Config configured with stopThread:true, recycle:false
2026-03-10 00:54:01,285 INFO o.a.j.t.JMeterThread: Thread finished: Thread Group 1-76
2026-03-10 00:54:01,286 INFO o.a.j.t.JMeterThread: Stop Thread seen for thread Thread Group 1-74, reason: org.apache.jorphan.util.JMeterStopThreadException: End of file:/Users/gimhuiheon/Documents/study/java-multi-threading/resources/throughput/search_words.csv detected for CSV DataSet:CSV Data Set Config configured with stopThread:true, recycle:false
2026-03-10 00:54:01,286 INFO o.a.j.t.JMeterThread: Thread finished: Thread Group 1-74
2026-03-10 00:54:01,288 INFO o.a.j.t.JMeterThread: Stop Thread seen for thread Thread Group 1-89, reason: org.apache.jorphan.util.JMeterStopThreadException: End of file:/Users/gimhuiheon/Documents/study/java-multi-threading/resources/throughput/search_words.csv detected for CSV DataSet:CSV Data Set Config configured with stopThread:true, recycle:false
2026-03-10 00:54:01,288 INFO o.a.j.t.JMeterThread: Stop Thread seen for thread Thread Group 1-4, reason: org.apache.jorphan.util.JMeterStopThreadException: End of file:/Users/gimhuiheon/Documents/study/java-multi-threading/resources/throughput/search_words.csv detected for CSV DataSet:CSV Data Set Config configured with stopThread:true, recycle:false
2026-03-10 00:54:01,288 INFO o.a.j.t.JMeterThread: Thread finished: Thread Group 1-4
2026-03-10 00:54:01,288 INFO o.a.j.t.JMeterThread: Thread finished: Thread Group 1-89
2026-03-10 00:54:01,288 INFO o.a.j.t.JMeterThread: Stop Thread seen for thread Thread Group 1-44, reason: org.apache.jorphan.util.JMeterStopThreadException: End of file:/Users/gimhuiheon/Documents/study/java-multi-threading/resources/throughput/search_words.csv detected for CSV DataSet:CSV Data Set Config configured with stopThread:true, recycle:false
2026-03-10 00:54:01,289 INFO o.a.j.t.JMeterThread: Thread finished: Thread Group 1-44
2026-03-10 00:54:01,289 INFO o.a.j.t.JMeterThread: Stop Thread seen for thread Thread Group 1-41, reason: org.apache.jorphan.util.JMeterStopThreadException: End of file:/Users/gimhuiheon/Documents/study/java-multi-threading/resources/throughput/search_words.csv detected for CSV DataSet:CSV Data Set Config configured with stopThread:true, recycle:false
2026-03-10 00:54:01,289 INFO o.a.j.t.JMeterThread: Thread finished: Thread Group 1-41
2026-03-10 00:54:01,289 INFO o.a.j.t.JMeterThread: Stop Thread seen for thread Thread Group 1-82, reason: org.apache.jorphan.util.JMeterStopThreadException: End of file:/Users/gimhuiheon/Documents/study/java-multi-threading/resources/throughput/search_words.csv detected for CSV DataSet:CSV Data Set Config configured with stopThread:true, recycle:false
2026-03-10 00:54:01,289 INFO o.a.j.t.JMeterThread: Thread finished: Thread Group 1-82
2026-03-10 00:54:01,291 INFO o.a.j.t.JMeterThread: Stop Thread seen for thread Thread Group 1-14, reason: org.apache.jorphan.util.JMeterStopThreadException: End of file:/Users/gimhuiheon/Documents/study/java-multi-threading/resources/throughput/search_words.csv detected for CSV DataSet:CSV Data Set Config configured with stopThread:true, recycle:false
2026-03-10 00:54:01,291 INFO o.a.j.t.JMeterThread: Stop Thread seen for thread Thread Group 1-70, reason: org.apache.jorphan.util.JMeterStopThreadException: End of file:/Users/gimhuiheon/Documents/study/java-multi-threading/resources/throughput/search_words.csv detected for CSV DataSet:CSV Data Set Config configured with stopThread:true, recycle:false
2026-03-10 00:54:01,291 INFO o.a.j.t.JMeterThread: Thread finished: Thread Group 1-14
2026-03-10 00:54:01,291 INFO o.a.j.t.JMeterThread: Stop Thread seen for thread Thread Group 1-53, reason: org.apache.jorphan.util.JMeterStopThreadException: End of file:/Users/gimhuiheon/Documents/study/java-multi-threading/resources/throughput/search_words.csv detected for CSV DataSet:CSV Data Set Config configured with stopThread:true, recycle:false
2026-03-10 00:54:01,291 INFO o.a.j.t.JMeterThread: Thread finished: Thread Group 1-70
2026-03-10 00:54:01,291 INFO o.a.j.t.JMeterThread: Thread finished: Thread Group 1-53
2026-03-10 00:54:01,291 INFO o.a.j.t.JMeterThread: Stop Thread seen for thread Thread Group 1-62, reason: org.apache.jorphan.util.JMeterStopThreadException: End of file:/Users/gimhuiheon/Documents/study/java-multi-threading/resources/throughput/search_words.csv detected for CSV DataSet:CSV Data Set Config configured with stopThread:true, recycle:false
2026-03-10 00:54:01,291 INFO o.a.j.t.JMeterThread: Thread finished: Thread Group 1-62
2026-03-10 00:54:01,292 INFO o.a.j.t.JMeterThread: Stop Thread seen for thread Thread Group 1-81, reason: org.apache.jorphan.util.JMeterStopThreadException: End of file:/Users/gimhuiheon/Documents/study/java-multi-threading/resources/throughput/search_words.csv detected for CSV DataSet:CSV Data Set Config configured with stopThread:true, recycle:false
2026-03-10 00:54:01,292 INFO o.a.j.t.JMeterThread: Thread finished: Thread Group 1-81
2026-03-10 00:54:01,292 INFO o.a.j.t.JMeterThread: Stop Thread seen for thread Thread Group 1-36, reason: org.apache.jorphan.util.JMeterStopThreadException: End of file:/Users/gimhuiheon/Documents/study/java-multi-threading/resources/throughput/search_words.csv detected for CSV DataSet:CSV Data Set Config configured with stopThread:true, recycle:false
2026-03-10 00:54:01,292 INFO o.a.j.t.JMeterThread: Thread finished: Thread Group 1-36
2026-03-10 00:54:01,294 INFO o.a.j.t.JMeterThread: Stop Thread seen for thread Thread Group 1-5, reason: org.apache.jorphan.util.JMeterStopThreadException: End of file:/Users/gimhuiheon/Documents/study/java-multi-threading/resources/throughput/search_words.csv detected for CSV DataSet:CSV Data Set Config configured with stopThread:true, recycle:false
2026-03-10 00:54:01,294 INFO o.a.j.t.JMeterThread: Thread finished: Thread Group 1-5
2026-03-10 00:54:01,294 INFO o.a.j.t.JMeterThread: Stop Thread seen for thread Thread Group 1-79, reason: org.apache.jorphan.util.JMeterStopThreadException: End of file:/Users/gimhuiheon/Documents/study/java-multi-threading/resources/throughput/search_words.csv detected for CSV DataSet:CSV Data Set Config configured with stopThread:true, recycle:false
2026-03-10 00:54:01,294 INFO o.a.j.t.JMeterThread: Thread finished: Thread Group 1-79
2026-03-10 00:54:01,294 INFO o.a.j.t.JMeterThread: Stop Thread seen for thread Thread Group 1-63, reason: org.apache.jorphan.util.JMeterStopThreadException: End of file:/Users/gimhuiheon/Documents/study/java-multi-threading/resources/throughput/search_words.csv detected for CSV DataSet:CSV Data Set Config configured with stopThread:true, recycle:false
2026-03-10 00:54:01,294 INFO o.a.j.t.JMeterThread: Stop Thread seen for thread Thread Group 1-64, reason: org.apache.jorphan.util.JMeterStopThreadException: End of file:/Users/gimhuiheon/Documents/study/java-multi-threading/resources/throughput/search_words.csv detected for CSV DataSet:CSV Data Set Config configured with stopThread:true, recycle:false
2026-03-10 00:54:01,294 INFO o.a.j.t.JMeterThread: Thread finished: Thread Group 1-63
2026-03-10 00:54:01,294 INFO o.a.j.t.JMeterThread: Thread finished: Thread Group 1-64
2026-03-10 00:54:01,295 INFO o.a.j.t.JMeterThread: Stop Thread seen for thread Thread Group 1-21, reason: org.apache.jorphan.util.JMeterStopThreadException: End of file:/Users/gimhuiheon/Documents/study/java-multi-threading/resources/throughput/search_words.csv detected for CSV DataSet:CSV Data Set Config configured with stopThread:true, recycle:false
2026-03-10 00:54:01,295 INFO o.a.j.t.JMeterThread: Stop Thread seen for thread Thread Group 1-2, reason: org.apache.jorphan.util.JMeterStopThreadException: End of file:/Users/gimhuiheon/Documents/study/java-multi-threading/resources/throughput/search_words.csv detected for CSV DataSet:CSV Data Set Config configured with stopThread:true, recycle:false
2026-03-10 00:54:01,295 INFO o.a.j.t.JMeterThread: Thread finished: Thread Group 1-21
2026-03-10 00:54:01,295 INFO o.a.j.t.JMeterThread: Thread finished: Thread Group 1-2
2026-03-10 00:54:01,296 INFO o.a.j.t.JMeterThread: Stop Thread seen for thread Thread Group 1-84, reason: org.apache.jorphan.util.JMeterStopThreadException: End of file:/Users/gimhuiheon/Documents/study/java-multi-threading/resources/throughput/search_words.csv detected for CSV DataSet:CSV Data Set Config configured with stopThread:true, recycle:false
2026-03-10 00:54:01,296 INFO o.a.j.t.JMeterThread: Thread finished: Thread Group 1-84
2026-03-10 00:54:01,297 INFO o.a.j.t.JMeterThread: Stop Thread seen for thread Thread Group 1-11, reason: org.apache.jorphan.util.JMeterStopThreadException: End of file:/Users/gimhuiheon/Documents/study/java-multi-threading/resources/throughput/search_words.csv detected for CSV DataSet:CSV Data Set Config configured with stopThread:true, recycle:false
2026-03-10 00:54:01,297 INFO o.a.j.t.JMeterThread: Thread finished: Thread Group 1-11
2026-03-10 00:54:01,298 INFO o.a.j.t.JMeterThread: Stop Thread seen for thread Thread Group 1-93, reason: org.apache.jorphan.util.JMeterStopThreadException: End of file:/Users/gimhuiheon/Documents/study/java-multi-threading/resources/throughput/search_words.csv detected for CSV DataSet:CSV Data Set Config configured with stopThread:true, recycle:false
2026-03-10 00:54:01,298 INFO o.a.j.t.JMeterThread: Thread finished: Thread Group 1-93
2026-03-10 00:54:01,298 INFO o.a.j.t.JMeterThread: Stop Thread seen for thread Thread Group 1-58, reason: org.apache.jorphan.util.JMeterStopThreadException: End of file:/Users/gimhuiheon/Documents/study/java-multi-threading/resources/throughput/search_words.csv detected for CSV DataSet:CSV Data Set Config configured with stopThread:true, recycle:false
2026-03-10 00:54:01,298 INFO o.a.j.t.JMeterThread: Thread finished: Thread Group 1-58
2026-03-10 00:54:01,298 INFO o.a.j.t.JMeterThread: Stop Thread seen for thread Thread Group 1-97, reason: org.apache.jorphan.util.JMeterStopThreadException: End of file:/Users/gimhuiheon/Documents/study/java-multi-threading/resources/throughput/search_words.csv detected for CSV DataSet:CSV Data Set Config configured with stopThread:true, recycle:false
2026-03-10 00:54:01,298 INFO o.a.j.t.JMeterThread: Thread finished: Thread Group 1-97
2026-03-10 00:54:01,298 INFO o.a.j.t.JMeterThread: Stop Thread seen for thread Thread Group 1-30, reason: org.apache.jorphan.util.JMeterStopThreadException: End of file:/Users/gimhuiheon/Documents/study/java-multi-threading/resources/throughput/search_words.csv detected for CSV DataSet:CSV Data Set Config configured with stopThread:true, recycle:false
2026-03-10 00:54:01,298 INFO o.a.j.t.JMeterThread: Thread finished: Thread Group 1-30
2026-03-10 00:54:01,298 INFO o.a.j.t.JMeterThread: Stop Thread seen for thread Thread Group 1-80, reason: org.apache.jorphan.util.JMeterStopThreadException: End of file:/Users/gimhuiheon/Documents/study/java-multi-threading/resources/throughput/search_words.csv detected for CSV DataSet:CSV Data Set Config configured with stopThread:true, recycle:false
2026-03-10 00:54:01,299 INFO o.a.j.t.JMeterThread: Thread finished: Thread Group 1-80
2026-03-10 00:54:01,299 INFO o.a.j.t.JMeterThread: Stop Thread seen for thread Thread Group 1-42, reason: org.apache.jorphan.util.JMeterStopThreadException: End of file:/Users/gimhuiheon/Documents/study/java-multi-threading/resources/throughput/search_words.csv detected for CSV DataSet:CSV Data Set Config configured with stopThread:true, recycle:false
2026-03-10 00:54:01,299 INFO o.a.j.t.JMeterThread: Thread finished: Thread Group 1-42
2026-03-10 00:54:01,299 INFO o.a.j.t.JMeterThread: Stop Thread seen for thread Thread Group 1-90, reason: org.apache.jorphan.util.JMeterStopThreadException: End of file:/Users/gimhuiheon/Documents/study/java-multi-threading/resources/throughput/search_words.csv detected for CSV DataSet:CSV Data Set Config configured with stopThread:true, recycle:false
2026-03-10 00:54:01,299 INFO o.a.j.t.JMeterThread: Thread finished: Thread Group 1-90
2026-03-10 00:54:01,300 INFO o.a.j.t.JMeterThread: Stop Thread seen for thread Thread Group 1-50, reason: org.apache.jorphan.util.JMeterStopThreadException: End of file:/Users/gimhuiheon/Documents/study/java-multi-threading/resources/throughput/search_words.csv detected for CSV DataSet:CSV Data Set Config configured with stopThread:true, recycle:false
2026-03-10 00:54:01,300 INFO o.a.j.t.JMeterThread: Thread finished: Thread Group 1-50
2026-03-10 00:54:01,301 INFO o.a.j.t.JMeterThread: Stop Thread seen for thread Thread Group 1-66, reason: org.apache.jorphan.util.JMeterStopThreadException: End of file:/Users/gimhuiheon/Documents/study/java-multi-threading/resources/throughput/search_words.csv detected for CSV DataSet:CSV Data Set Config configured with stopThread:true, recycle:false
2026-03-10 00:54:01,301 INFO o.a.j.t.JMeterThread: Thread finished: Thread Group 1-66
2026-03-10 00:54:01,301 INFO o.a.j.t.JMeterThread: Stop Thread seen for thread Thread Group 1-28, reason: org.apache.jorphan.util.JMeterStopThreadException: End of file:/Users/gimhuiheon/Documents/study/java-multi-threading/resources/throughput/search_words.csv detected for CSV DataSet:CSV Data Set Config configured with stopThread:true, recycle:false
2026-03-10 00:54:01,301 INFO o.a.j.t.JMeterThread: Thread finished: Thread Group 1-28
2026-03-10 00:54:01,301 INFO o.a.j.t.JMeterThread: Stop Thread seen for thread Thread Group 1-69, reason: org.apache.jorphan.util.JMeterStopThreadException: End of file:/Users/gimhuiheon/Documents/study/java-multi-threading/resources/throughput/search_words.csv detected for CSV DataSet:CSV Data Set Config configured with stopThread:true, recycle:false
2026-03-10 00:54:01,301 INFO o.a.j.t.JMeterThread: Thread finished: Thread Group 1-69
2026-03-10 00:54:01,304 INFO o.a.j.t.JMeterThread: Stop Thread seen for thread Thread Group 1-19, reason: org.apache.jorphan.util.JMeterStopThreadException: End of file:/Users/gimhuiheon/Documents/study/java-multi-threading/resources/throughput/search_words.csv detected for CSV DataSet:CSV Data Set Config configured with stopThread:true, recycle:false
2026-03-10 00:54:01,304 INFO o.a.j.t.JMeterThread: Thread finished: Thread Group 1-19
2026-03-10 00:54:01,304 INFO o.a.j.t.JMeterThread: Stop Thread seen for thread Thread Group 1-26, reason: org.apache.jorphan.util.JMeterStopThreadException: End of file:/Users/gimhuiheon/Documents/study/java-multi-threading/resources/throughput/search_words.csv detected for CSV DataSet:CSV Data Set Config configured with stopThread:true, recycle:false
2026-03-10 00:54:01,304 INFO o.a.j.t.JMeterThread: Thread finished: Thread Group 1-26
2026-03-10 00:54:01,305 INFO o.a.j.t.JMeterThread: Stop Thread seen for thread Thread Group 1-43, reason: org.apache.jorphan.util.JMeterStopThreadException: End of file:/Users/gimhuiheon/Documents/study/java-multi-threading/resources/throughput/search_words.csv detected for CSV DataSet:CSV Data Set Config configured with stopThread:true, recycle:false
2026-03-10 00:54:01,305 INFO o.a.j.t.JMeterThread: Thread finished: Thread Group 1-43
2026-03-10 00:54:01,305 INFO o.a.j.t.JMeterThread: Stop Thread seen for thread Thread Group 1-91, reason: org.apache.jorphan.util.JMeterStopThreadException: End of file:/Users/gimhuiheon/Documents/study/java-multi-threading/resources/throughput/search_words.csv detected for CSV DataSet:CSV Data Set Config configured with stopThread:true, recycle:false
2026-03-10 00:54:01,306 INFO o.a.j.t.JMeterThread: Thread finished: Thread Group 1-91
2026-03-10 00:54:01,307 INFO o.a.j.t.JMeterThread: Stop Thread seen for thread Thread Group 1-95, reason: org.apache.jorphan.util.JMeterStopThreadException: End of file:/Users/gimhuiheon/Documents/study/java-multi-threading/resources/throughput/search_words.csv detected for CSV DataSet:CSV Data Set Config configured with stopThread:true, recycle:false
2026-03-10 00:54:01,307 INFO o.a.j.t.JMeterThread: Thread finished: Thread Group 1-95
2026-03-10 00:54:01,307 INFO o.a.j.t.JMeterThread: Stop Thread seen for thread Thread Group 1-68, reason: org.apache.jorphan.util.JMeterStopThreadException: End of file:/Users/gimhuiheon/Documents/study/java-multi-threading/resources/throughput/search_words.csv detected for CSV DataSet:CSV Data Set Config configured with stopThread:true, recycle:false
2026-03-10 00:54:01,307 INFO o.a.j.t.JMeterThread: Thread finished: Thread Group 1-68
2026-03-10 00:54:01,308 INFO o.a.j.t.JMeterThread: Stop Thread seen for thread Thread Group 1-20, reason: org.apache.jorphan.util.JMeterStopThreadException: End of file:/Users/gimhuiheon/Documents/study/java-multi-threading/resources/throughput/search_words.csv detected for CSV DataSet:CSV Data Set Config configured with stopThread:true, recycle:false
2026-03-10 00:54:01,308 INFO o.a.j.t.JMeterThread: Thread finished: Thread Group 1-20
2026-03-10 00:54:01,308 INFO o.a.j.t.JMeterThread: Stop Thread seen for thread Thread Group 1-32, reason: org.apache.jorphan.util.JMeterStopThreadException: End of file:/Users/gimhuiheon/Documents/study/java-multi-threading/resources/throughput/search_words.csv detected for CSV DataSet:CSV Data Set Config configured with stopThread:true, recycle:false
2026-03-10 00:54:01,308 INFO o.a.j.t.JMeterThread: Thread finished: Thread Group 1-32
2026-03-10 00:54:01,309 INFO o.a.j.t.JMeterThread: Stop Thread seen for thread Thread Group 1-37, reason: org.apache.jorphan.util.JMeterStopThreadException: End of file:/Users/gimhuiheon/Documents/study/java-multi-threading/resources/throughput/search_words.csv detected for CSV DataSet:CSV Data Set Config configured with stopThread:true, recycle:false
2026-03-10 00:54:01,309 INFO o.a.j.t.JMeterThread: Thread finished: Thread Group 1-37
2026-03-10 00:54:01,309 INFO o.a.j.t.JMeterThread: Stop Thread seen for thread Thread Group 1-6, reason: org.apache.jorphan.util.JMeterStopThreadException: End of file:/Users/gimhuiheon/Documents/study/java-multi-threading/resources/throughput/search_words.csv detected for CSV DataSet:CSV Data Set Config configured with stopThread:true, recycle:false
2026-03-10 00:54:01,309 INFO o.a.j.t.JMeterThread: Thread finished: Thread Group 1-6
2026-03-10 00:54:01,310 INFO o.a.j.t.JMeterThread: Stop Thread seen for thread Thread Group 1-1, reason: org.apache.jorphan.util.JMeterStopThreadException: End of file:/Users/gimhuiheon/Documents/study/java-multi-threading/resources/throughput/search_words.csv detected for CSV DataSet:CSV Data Set Config configured with stopThread:true, recycle:false
2026-03-10 00:54:01,310 INFO o.a.j.t.JMeterThread: Thread finished: Thread Group 1-1
2026-03-10 00:54:01,311 INFO o.a.j.t.JMeterThread: Stop Thread seen for thread Thread Group 1-22, reason: org.apache.jorphan.util.JMeterStopThreadException: End of file:/Users/gimhuiheon/Documents/study/java-multi-threading/resources/throughput/search_words.csv detected for CSV DataSet:CSV Data Set Config configured with stopThread:true, recycle:false
2026-03-10 00:54:01,311 INFO o.a.j.t.JMeterThread: Thread finished: Thread Group 1-22
2026-03-10 00:54:01,312 INFO o.a.j.t.JMeterThread: Stop Thread seen for thread Thread Group 1-61, reason: org.apache.jorphan.util.JMeterStopThreadException: End of file:/Users/gimhuiheon/Documents/study/java-multi-threading/resources/throughput/search_words.csv detected for CSV DataSet:CSV Data Set Config configured with stopThread:true, recycle:false
2026-03-10 00:54:01,312 INFO o.a.j.t.JMeterThread: Stop Thread seen for thread Thread Group 1-25, reason: org.apache.jorphan.util.JMeterStopThreadException: End of file:/Users/gimhuiheon/Documents/study/java-multi-threading/resources/throughput/search_words.csv detected for CSV DataSet:CSV Data Set Config configured with stopThread:true, recycle:false
2026-03-10 00:54:01,312 INFO o.a.j.t.JMeterThread: Thread finished: Thread Group 1-61
2026-03-10 00:54:01,312 INFO o.a.j.t.JMeterThread: Thread finished: Thread Group 1-25
2026-03-10 00:54:01,313 INFO o.a.j.t.JMeterThread: Stop Thread seen for thread Thread Group 1-15, reason: org.apache.jorphan.util.JMeterStopThreadException: End of file:/Users/gimhuiheon/Documents/study/java-multi-threading/resources/throughput/search_words.csv detected for CSV DataSet:CSV Data Set Config configured with stopThread:true, recycle:false
2026-03-10 00:54:01,313 INFO o.a.j.t.JMeterThread: Thread finished: Thread Group 1-15
2026-03-10 00:54:01,313 INFO o.a.j.t.JMeterThread: Stop Thread seen for thread Thread Group 1-38, reason: org.apache.jorphan.util.JMeterStopThreadException: End of file:/Users/gimhuiheon/Documents/study/java-multi-threading/resources/throughput/search_words.csv detected for CSV DataSet:CSV Data Set Config configured with stopThread:true, recycle:false
2026-03-10 00:54:01,313 INFO o.a.j.t.JMeterThread: Thread finished: Thread Group 1-38
2026-03-10 00:54:01,314 INFO o.a.j.t.JMeterThread: Stop Thread seen for thread Thread Group 1-48, reason: org.apache.jorphan.util.JMeterStopThreadException: End of file:/Users/gimhuiheon/Documents/study/java-multi-threading/resources/throughput/search_words.csv detected for CSV DataSet:CSV Data Set Config configured with stopThread:true, recycle:false
2026-03-10 00:54:01,314 INFO o.a.j.t.JMeterThread: Thread finished: Thread Group 1-48
2026-03-10 00:54:01,315 INFO o.a.j.t.JMeterThread: Stop Thread seen for thread Thread Group 1-85, reason: org.apache.jorphan.util.JMeterStopThreadException: End of file:/Users/gimhuiheon/Documents/study/java-multi-threading/resources/throughput/search_words.csv detected for CSV DataSet:CSV Data Set Config configured with stopThread:true, recycle:false
2026-03-10 00:54:01,315 INFO o.a.j.t.JMeterThread: Thread finished: Thread Group 1-85
2026-03-10 00:54:01,315 INFO o.a.j.t.JMeterThread: Stop Thread seen for thread Thread Group 1-99, reason: org.apache.jorphan.util.JMeterStopThreadException: End of file:/Users/gimhuiheon/Documents/study/java-multi-threading/resources/throughput/search_words.csv detected for CSV DataSet:CSV Data Set Config configured with stopThread:true, recycle:false
2026-03-10 00:54:01,315 INFO o.a.j.t.JMeterThread: Thread finished: Thread Group 1-99
2026-03-10 00:54:01,316 INFO o.a.j.t.JMeterThread: Stop Thread seen for thread Thread Group 1-77, reason: org.apache.jorphan.util.JMeterStopThreadException: End of file:/Users/gimhuiheon/Documents/study/java-multi-threading/resources/throughput/search_words.csv detected for CSV DataSet:CSV Data Set Config configured with stopThread:true, recycle:false
2026-03-10 00:54:01,316 INFO o.a.j.t.JMeterThread: Thread finished: Thread Group 1-77
2026-03-10 00:54:01,316 INFO o.a.j.t.JMeterThread: Stop Thread seen for thread Thread Group 1-71, reason: org.apache.jorphan.util.JMeterStopThreadException: End of file:/Users/gimhuiheon/Documents/study/java-multi-threading/resources/throughput/search_words.csv detected for CSV DataSet:CSV Data Set Config configured with stopThread:true, recycle:false
2026-03-10 00:54:01,316 INFO o.a.j.t.JMeterThread: Thread finished: Thread Group 1-71
2026-03-10 00:54:01,316 INFO o.a.j.t.JMeterThread: Stop Thread seen for thread Thread Group 1-100, reason: org.apache.jorphan.util.JMeterStopThreadException: End of file:/Users/gimhuiheon/Documents/study/java-multi-threading/resources/throughput/search_words.csv detected for CSV DataSet:CSV Data Set Config configured with stopThread:true, recycle:false
2026-03-10 00:54:01,316 INFO o.a.j.t.JMeterThread: Thread finished: Thread Group 1-100
2026-03-10 00:54:01,317 INFO o.a.j.t.JMeterThread: Stop Thread seen for thread Thread Group 1-45, reason: org.apache.jorphan.util.JMeterStopThreadException: End of file:/Users/gimhuiheon/Documents/study/java-multi-threading/resources/throughput/search_words.csv detected for CSV DataSet:CSV Data Set Config configured with stopThread:true, recycle:false
2026-03-10 00:54:01,317 INFO o.a.j.t.JMeterThread: Thread finished: Thread Group 1-45
2026-03-10 00:54:01,317 INFO o.a.j.t.JMeterThread: Stop Thread seen for thread Thread Group 1-16, reason: org.apache.jorphan.util.JMeterStopThreadException: End of file:/Users/gimhuiheon/Documents/study/java-multi-threading/resources/throughput/search_words.csv detected for CSV DataSet:CSV Data Set Config configured with stopThread:true, recycle:false
2026-03-10 00:54:01,317 INFO o.a.j.t.JMeterThread: Thread finished: Thread Group 1-16
2026-03-10 00:54:01,318 INFO o.a.j.t.JMeterThread: Stop Thread seen for thread Thread Group 1-31, reason: org.apache.jorphan.util.JMeterStopThreadException: End of file:/Users/gimhuiheon/Documents/study/java-multi-threading/resources/throughput/search_words.csv detected for CSV DataSet:CSV Data Set Config configured with stopThread:true, recycle:false
2026-03-10 00:54:01,318 INFO o.a.j.t.JMeterThread: Thread finished: Thread Group 1-31
2026-03-10 00:54:01,319 INFO o.a.j.t.JMeterThread: Stop Thread seen for thread Thread Group 1-23, reason: org.apache.jorphan.util.JMeterStopThreadException: End of file:/Users/gimhuiheon/Documents/study/java-multi-threading/resources/throughput/search_words.csv detected for CSV DataSet:CSV Data Set Config configured with stopThread:true, recycle:false
2026-03-10 00:54:01,319 INFO o.a.j.t.JMeterThread: Stop Thread seen for thread Thread Group 1-78, reason: org.apache.jorphan.util.JMeterStopThreadException: End of file:/Users/gimhuiheon/Documents/study/java-multi-threading/resources/throughput/search_words.csv detected for CSV DataSet:CSV Data Set Config configured with stopThread:true, recycle:false
2026-03-10 00:54:01,319 INFO o.a.j.t.JMeterThread: Thread finished: Thread Group 1-78
2026-03-10 00:54:01,319 INFO o.a.j.t.JMeterThread: Thread finished: Thread Group 1-23
2026-03-10 00:54:01,320 INFO o.a.j.t.JMeterThread: Stop Thread seen for thread Thread Group 1-40, reason: org.apache.jorphan.util.JMeterStopThreadException: End of file:/Users/gimhuiheon/Documents/study/java-multi-threading/resources/throughput/search_words.csv detected for CSV DataSet:CSV Data Set Config configured with stopThread:true, recycle:false
2026-03-10 00:54:01,320 INFO o.a.j.t.JMeterThread: Thread finished: Thread Group 1-40
2026-03-10 00:54:01,320 INFO o.a.j.t.JMeterThread: Stop Thread seen for thread Thread Group 1-46, reason: org.apache.jorphan.util.JMeterStopThreadException: End of file:/Users/gimhuiheon/Documents/study/java-multi-threading/resources/throughput/search_words.csv detected for CSV DataSet:CSV Data Set Config configured with stopThread:true, recycle:false
2026-03-10 00:54:01,320 INFO o.a.j.t.JMeterThread: Thread finished: Thread Group 1-46
2026-03-10 00:54:01,320 INFO o.a.j.t.JMeterThread: Stop Thread seen for thread Thread Group 1-86, reason: org.apache.jorphan.util.JMeterStopThreadException: End of file:/Users/gimhuiheon/Documents/study/java-multi-threading/resources/throughput/search_words.csv detected for CSV DataSet:CSV Data Set Config configured with stopThread:true, recycle:false
2026-03-10 00:54:01,320 INFO o.a.j.t.JMeterThread: Thread finished: Thread Group 1-86
2026-03-10 00:54:01,322 INFO o.a.j.t.JMeterThread: Stop Thread seen for thread Thread Group 1-7, reason: org.apache.jorphan.util.JMeterStopThreadException: End of file:/Users/gimhuiheon/Documents/study/java-multi-threading/resources/throughput/search_words.csv detected for CSV DataSet:CSV Data Set Config configured with stopThread:true, recycle:false
2026-03-10 00:54:01,322 INFO o.a.j.t.JMeterThread: Thread finished: Thread Group 1-7
2026-03-10 00:54:01,322 INFO o.a.j.t.JMeterThread: Stop Thread seen for thread Thread Group 1-3, reason: org.apache.jorphan.util.JMeterStopThreadException: End of file:/Users/gimhuiheon/Documents/study/java-multi-threading/resources/throughput/search_words.csv detected for CSV DataSet:CSV Data Set Config configured with stopThread:true, recycle:false
2026-03-10 00:54:01,322 INFO o.a.j.t.JMeterThread: Thread finished: Thread Group 1-3
2026-03-10 00:54:01,323 INFO o.a.j.t.JMeterThread: Stop Thread seen for thread Thread Group 1-29, reason: org.apache.jorphan.util.JMeterStopThreadException: End of file:/Users/gimhuiheon/Documents/study/java-multi-threading/resources/throughput/search_words.csv detected for CSV DataSet:CSV Data Set Config configured with stopThread:true, recycle:false
2026-03-10 00:54:01,323 INFO o.a.j.t.JMeterThread: Thread finished: Thread Group 1-29
2026-03-10 00:54:01,323 INFO o.a.j.t.JMeterThread: Stop Thread seen for thread Thread Group 1-18, reason: org.apache.jorphan.util.JMeterStopThreadException: End of file:/Users/gimhuiheon/Documents/study/java-multi-threading/resources/throughput/search_words.csv detected for CSV DataSet:CSV Data Set Config configured with stopThread:true, recycle:false
2026-03-10 00:54:01,323 INFO o.a.j.t.JMeterThread: Thread finished: Thread Group 1-18
2026-03-10 00:54:01,324 INFO o.a.j.t.JMeterThread: Stop Thread seen for thread Thread Group 1-72, reason: org.apache.jorphan.util.JMeterStopThreadException: End of file:/Users/gimhuiheon/Documents/study/java-multi-threading/resources/throughput/search_words.csv detected for CSV DataSet:CSV Data Set Config configured with stopThread:true, recycle:false
2026-03-10 00:54:01,324 INFO o.a.j.t.JMeterThread: Thread finished: Thread Group 1-72
2026-03-10 00:54:01,325 INFO o.a.j.t.JMeterThread: Stop Thread seen for thread Thread Group 1-52, reason: org.apache.jorphan.util.JMeterStopThreadException: End of file:/Users/gimhuiheon/Documents/study/java-multi-threading/resources/throughput/search_words.csv detected for CSV DataSet:CSV Data Set Config configured with stopThread:true, recycle:false
2026-03-10 00:54:01,325 INFO o.a.j.t.JMeterThread: Thread finished: Thread Group 1-52
2026-03-10 00:54:01,325 INFO o.a.j.t.JMeterThread: Stop Thread seen for thread Thread Group 1-27, reason: org.apache.jorphan.util.JMeterStopThreadException: End of file:/Users/gimhuiheon/Documents/study/java-multi-threading/resources/throughput/search_words.csv detected for CSV DataSet:CSV Data Set Config configured with stopThread:true, recycle:false
2026-03-10 00:54:01,325 INFO o.a.j.t.JMeterThread: Thread finished: Thread Group 1-27
2026-03-10 00:54:01,325 INFO o.a.j.t.JMeterThread: Stop Thread seen for thread Thread Group 1-47, reason: org.apache.jorphan.util.JMeterStopThreadException: End of file:/Users/gimhuiheon/Documents/study/java-multi-threading/resources/throughput/search_words.csv detected for CSV DataSet:CSV Data Set Config configured with stopThread:true, recycle:false
2026-03-10 00:54:01,325 INFO o.a.j.t.JMeterThread: Thread finished: Thread Group 1-47
2026-03-10 00:54:01,326 INFO o.a.j.t.JMeterThread: Stop Thread seen for thread Thread Group 1-49, reason: org.apache.jorphan.util.JMeterStopThreadException: End of file:/Users/gimhuiheon/Documents/study/java-multi-threading/resources/throughput/search_words.csv detected for CSV DataSet:CSV Data Set Config configured with stopThread:true, recycle:false
2026-03-10 00:54:01,326 INFO o.a.j.t.JMeterThread: Thread finished: Thread Group 1-49
2026-03-10 00:54:01,327 INFO o.a.j.t.JMeterThread: Stop Thread seen for thread Thread Group 1-96, reason: org.apache.jorphan.util.JMeterStopThreadException: End of file:/Users/gimhuiheon/Documents/study/java-multi-threading/resources/throughput/search_words.csv detected for CSV DataSet:CSV Data Set Config configured with stopThread:true, recycle:false
2026-03-10 00:54:01,327 INFO o.a.j.t.JMeterThread: Thread finished: Thread Group 1-96
2026-03-10 00:54:01,327 INFO o.a.j.t.JMeterThread: Stop Thread seen for thread Thread Group 1-88, reason: org.apache.jorphan.util.JMeterStopThreadException: End of file:/Users/gimhuiheon/Documents/study/java-multi-threading/resources/throughput/search_words.csv detected for CSV DataSet:CSV Data Set Config configured with stopThread:true, recycle:false
2026-03-10 00:54:01,327 INFO o.a.j.t.JMeterThread: Thread finished: Thread Group 1-88
2026-03-10 00:54:01,328 INFO o.a.j.t.JMeterThread: Stop Thread seen for thread Thread Group 1-39, reason: org.apache.jorphan.util.JMeterStopThreadException: End of file:/Users/gimhuiheon/Documents/study/java-multi-threading/resources/throughput/search_words.csv detected for CSV DataSet:CSV Data Set Config configured with stopThread:true, recycle:false
2026-03-10 00:54:01,328 INFO o.a.j.t.JMeterThread: Thread finished: Thread Group 1-39
2026-03-10 00:54:01,328 INFO o.a.j.t.JMeterThread: Stop Thread seen for thread Thread Group 1-10, reason: org.apache.jorphan.util.JMeterStopThreadException: End of file:/Users/gimhuiheon/Documents/study/java-multi-threading/resources/throughput/search_words.csv detected for CSV DataSet:CSV Data Set Config configured with stopThread:true, recycle:false
2026-03-10 00:54:01,328 INFO o.a.j.t.JMeterThread: Thread finished: Thread Group 1-10
2026-03-10 00:54:01,328 INFO o.a.j.t.JMeterThread: Stop Thread seen for thread Thread Group 1-73, reason: org.apache.jorphan.util.JMeterStopThreadException: End of file:/Users/gimhuiheon/Documents/study/java-multi-threading/resources/throughput/search_words.csv detected for CSV DataSet:CSV Data Set Config configured with stopThread:true, recycle:false
2026-03-10 00:54:01,328 INFO o.a.j.t.JMeterThread: Thread finished: Thread Group 1-73
2026-03-10 00:54:01,329 INFO o.a.j.t.JMeterThread: Stop Thread seen for thread Thread Group 1-92, reason: org.apache.jorphan.util.JMeterStopThreadException: End of file:/Users/gimhuiheon/Documents/study/java-multi-threading/resources/throughput/search_words.csv detected for CSV DataSet:CSV Data Set Config configured with stopThread:true, recycle:false
2026-03-10 00:54:01,329 INFO o.a.j.t.JMeterThread: Thread finished: Thread Group 1-92
2026-03-10 00:54:01,329 INFO o.a.j.t.JMeterThread: Stop Thread seen for thread Thread Group 1-67, reason: org.apache.jorphan.util.JMeterStopThreadException: End of file:/Users/gimhuiheon/Documents/study/java-multi-threading/resources/throughput/search_words.csv detected for CSV DataSet:CSV Data Set Config configured with stopThread:true, recycle:false
2026-03-10 00:54:01,329 INFO o.a.j.t.JMeterThread: Thread finished: Thread Group 1-67
2026-03-10 00:54:01,330 INFO o.a.j.t.JMeterThread: Stop Thread seen for thread Thread Group 1-98, reason: org.apache.jorphan.util.JMeterStopThreadException: End of file:/Users/gimhuiheon/Documents/study/java-multi-threading/resources/throughput/search_words.csv detected for CSV DataSet:CSV Data Set Config configured with stopThread:true, recycle:false
2026-03-10 00:54:01,330 INFO o.a.j.t.JMeterThread: Thread finished: Thread Group 1-98
2026-03-10 00:54:01,330 INFO o.a.j.t.JMeterThread: Stop Thread seen for thread Thread Group 1-51, reason: org.apache.jorphan.util.JMeterStopThreadException: End of file:/Users/gimhuiheon/Documents/study/java-multi-threading/resources/throughput/search_words.csv detected for CSV DataSet:CSV Data Set Config configured with stopThread:true, recycle:false
2026-03-10 00:54:01,330 INFO o.a.j.t.JMeterThread: Thread finished: Thread Group 1-51
2026-03-10 00:54:01,330 INFO o.a.j.t.JMeterThread: Stop Thread seen for thread Thread Group 1-54, reason: org.apache.jorphan.util.JMeterStopThreadException: End of file:/Users/gimhuiheon/Documents/study/java-multi-threading/resources/throughput/search_words.csv detected for CSV DataSet:CSV Data Set Config configured with stopThread:true, recycle:false
2026-03-10 00:54:01,330 INFO o.a.j.t.JMeterThread: Thread finished: Thread Group 1-54
2026-03-10 00:54:01,330 INFO o.a.j.t.JMeterThread: Stop Thread seen for thread Thread Group 1-8, reason: org.apache.jorphan.util.JMeterStopThreadException: End of file:/Users/gimhuiheon/Documents/study/java-multi-threading/resources/throughput/search_words.csv detected for CSV DataSet:CSV Data Set Config configured with stopThread:true, recycle:false
2026-03-10 00:54:01,330 INFO o.a.j.t.JMeterThread: Thread finished: Thread Group 1-8
2026-03-10 00:54:01,330 INFO o.a.j.t.JMeterThread: Stop Thread seen for thread Thread Group 1-13, reason: org.apache.jorphan.util.JMeterStopThreadException: End of file:/Users/gimhuiheon/Documents/study/java-multi-threading/resources/throughput/search_words.csv detected for CSV DataSet:CSV Data Set Config configured with stopThread:true, recycle:false
2026-03-10 00:54:01,330 INFO o.a.j.t.JMeterThread: Thread finished: Thread Group 1-13
2026-03-10 00:54:01,331 INFO o.a.j.t.JMeterThread: Stop Thread seen for thread Thread Group 1-83, reason: org.apache.jorphan.util.JMeterStopThreadException: End of file:/Users/gimhuiheon/Documents/study/java-multi-threading/resources/throughput/search_words.csv detected for CSV DataSet:CSV Data Set Config configured with stopThread:true, recycle:false
2026-03-10 00:54:01,331 INFO o.a.j.t.JMeterThread: Thread finished: Thread Group 1-83
2026-03-10 00:54:01,332 INFO o.a.j.t.JMeterThread: Stop Thread seen for thread Thread Group 1-17, reason: org.apache.jorphan.util.JMeterStopThreadException: End of file:/Users/gimhuiheon/Documents/study/java-multi-threading/resources/throughput/search_words.csv detected for CSV DataSet:CSV Data Set Config configured with stopThread:true, recycle:false
2026-03-10 00:54:01,332 INFO o.a.j.t.JMeterThread: Thread finished: Thread Group 1-17
2026-03-10 00:54:01,332 INFO o.a.j.t.JMeterThread: Stop Thread seen for thread Thread Group 1-87, reason: org.apache.jorphan.util.JMeterStopThreadException: End of file:/Users/gimhuiheon/Documents/study/java-multi-threading/resources/throughput/search_words.csv detected for CSV DataSet:CSV Data Set Config configured with stopThread:true, recycle:false
2026-03-10 00:54:01,332 INFO o.a.j.t.JMeterThread: Thread finished: Thread Group 1-87
2026-03-10 00:54:01,332 INFO o.a.j.t.JMeterThread: Stop Thread seen for thread Thread Group 1-94, reason: org.apache.jorphan.util.JMeterStopThreadException: End of file:/Users/gimhuiheon/Documents/study/java-multi-threading/resources/throughput/search_words.csv detected for CSV DataSet:CSV Data Set Config configured with stopThread:true, recycle:false
2026-03-10 00:54:01,332 INFO o.a.j.t.JMeterThread: Thread finished: Thread Group 1-94
2026-03-10 00:54:01,332 INFO o.a.j.t.JMeterThread: Stop Thread seen for thread Thread Group 1-59, reason: org.apache.jorphan.util.JMeterStopThreadException: End of file:/Users/gimhuiheon/Documents/study/java-multi-threading/resources/throughput/search_words.csv detected for CSV DataSet:CSV Data Set Config configured with stopThread:true, recycle:false
2026-03-10 00:54:01,332 INFO o.a.j.t.JMeterThread: Thread finished: Thread Group 1-59
2026-03-10 00:54:01,333 INFO o.a.j.t.JMeterThread: Stop Thread seen for thread Thread Group 1-24, reason: org.apache.jorphan.util.JMeterStopThreadException: End of file:/Users/gimhuiheon/Documents/study/java-multi-threading/resources/throughput/search_words.csv detected for CSV DataSet:CSV Data Set Config configured with stopThread:true, recycle:false
2026-03-10 00:54:01,333 INFO o.a.j.t.JMeterThread: Thread finished: Thread Group 1-24
2026-03-10 00:54:01,333 INFO o.a.j.t.JMeterThread: Stop Thread seen for thread Thread Group 1-55, reason: org.apache.jorphan.util.JMeterStopThreadException: End of file:/Users/gimhuiheon/Documents/study/java-multi-threading/resources/throughput/search_words.csv detected for CSV DataSet:CSV Data Set Config configured with stopThread:true, recycle:false
2026-03-10 00:54:01,333 INFO o.a.j.t.JMeterThread: Thread finished: Thread Group 1-55
2026-03-10 00:54:01,333 INFO o.a.j.e.StandardJMeterEngine: Notifying test listeners of end of test
2026-03-10 00:54:01,333 INFO o.a.j.s.FileServer: Close: /Users/gimhuiheon/Documents/study/java-multi-threading/resources/throughput/search_words.csv
2026-03-10 00:54:01,333 INFO o.a.j.g.u.JMeterMenuBar: setRunning(false, *local*)
2026-03-10 00:54:11,312 INFO o.a.j.e.StandardJMeterEngine: Running the test!
2026-03-10 00:54:11,312 INFO o.a.j.s.SampleEvent: List of sample_variables: []
2026-03-10 00:54:11,313 INFO o.a.j.g.u.JMeterMenuBar: setRunning(true, *local*)
2026-03-10 00:54:11,344 INFO o.a.j.e.StandardJMeterEngine: Starting ThreadGroup: 1 : Thread Group
2026-03-10 00:54:11,345 INFO o.a.j.e.StandardJMeterEngine: Starting 100 threads for group Thread Group.
2026-03-10 00:54:11,345 INFO o.a.j.e.StandardJMeterEngine: Thread will continue on error
2026-03-10 00:54:11,345 INFO o.a.j.t.ThreadGroup: Starting thread group... number=1 threads=100 ramp-up=1 delayedStart=false
2026-03-10 00:54:11,346 INFO o.a.j.t.JMeterThread: Thread started: Thread Group 1-1
2026-03-10 00:54:11,346 INFO o.a.j.s.FileServer: Stored: /Users/gimhuiheon/Documents/study/java-multi-threading/resources/throughput/search_words.csv
2026-03-10 00:54:11,358 INFO o.a.j.t.JMeterThread: Thread started: Thread Group 1-2
2026-03-10 00:54:11,360 INFO o.a.j.t.ThreadGroup: Started thread group number 1
2026-03-10 00:54:11,360 INFO o.a.j.e.StandardJMeterEngine: All thread groups have been started
2026-03-10 00:54:11,368 INFO o.a.j.t.JMeterThread: Thread started: Thread Group 1-3
2026-03-10 00:54:11,381 INFO o.a.j.t.JMeterThread: Thread started: Thread Group 1-4
2026-03-10 00:54:11,387 INFO o.a.j.t.JMeterThread: Thread started: Thread Group 1-5
2026-03-10 00:54:11,400 INFO o.a.j.t.JMeterThread: Thread started: Thread Group 1-6
2026-03-10 00:54:11,409 INFO o.a.j.t.JMeterThread: Thread started: Thread Group 1-7
2026-03-10 00:54:11,417 INFO o.a.j.t.JMeterThread: Thread started: Thread Group 1-8
2026-03-10 00:54:11,432 INFO o.a.j.t.JMeterThread: Thread started: Thread Group 1-9
2026-03-10 00:54:11,442 INFO o.a.j.t.JMeterThread: Thread started: Thread Group 1-10
2026-03-10 00:54:11,450 INFO o.a.j.t.JMeterThread: Thread started: Thread Group 1-11
2026-03-10 00:54:11,460 INFO o.a.j.t.JMeterThread: Thread started: Thread Group 1-12
2026-03-10 00:54:11,467 INFO o.a.j.t.JMeterThread: Thread started: Thread Group 1-13
2026-03-10 00:54:11,478 INFO o.a.j.t.JMeterThread: Thread started: Thread Group 1-14
2026-03-10 00:54:11,491 INFO o.a.j.t.JMeterThread: Thread started: Thread Group 1-15
2026-03-10 00:54:11,497 INFO o.a.j.t.JMeterThread: Thread started: Thread Group 1-16
2026-03-10 00:54:11,509 INFO o.a.j.t.JMeterThread: Thread started: Thread Group 1-17
2026-03-10 00:54:11,518 INFO o.a.j.t.JMeterThread: Thread started: Thread Group 1-18
2026-03-10 00:54:11,530 INFO o.a.j.t.JMeterThread: Thread started: Thread Group 1-19
2026-03-10 00:54:11,536 INFO o.a.j.t.JMeterThread: Thread started: Thread Group 1-20
2026-03-10 00:54:11,550 INFO o.a.j.t.JMeterThread: Thread started: Thread Group 1-21
2026-03-10 00:54:11,560 INFO o.a.j.t.JMeterThread: Thread started: Thread Group 1-22
2026-03-10 00:54:11,567 INFO o.a.j.t.JMeterThread: Thread started: Thread Group 1-23
2026-03-10 00:54:11,581 INFO o.a.j.t.JMeterThread: Thread started: Thread Group 1-24
2026-03-10 00:54:11,587 INFO o.a.j.t.JMeterThread: Thread started: Thread Group 1-25
2026-03-10 00:54:11,600 INFO o.a.j.t.JMeterThread: Thread started: Thread Group 1-26
2026-03-10 00:54:11,610 INFO o.a.j.t.JMeterThread: Thread started: Thread Group 1-27
2026-03-10 00:54:11,620 INFO o.a.j.t.JMeterThread: Thread started: Thread Group 1-28
2026-03-10 00:54:11,630 INFO o.a.j.t.JMeterThread: Thread started: Thread Group 1-29
2026-03-10 00:54:11,640 INFO o.a.j.t.JMeterThread: Thread started: Thread Group 1-30
2026-03-10 00:54:11,650 INFO o.a.j.t.JMeterThread: Thread started: Thread Group 1-31
2026-03-10 00:54:11,660 INFO o.a.j.t.JMeterThread: Thread started: Thread Group 1-32
2026-03-10 00:54:11,670 INFO o.a.j.t.JMeterThread: Thread started: Thread Group 1-33
2026-03-10 00:54:11,681 INFO o.a.j.t.JMeterThread: Thread started: Thread Group 1-34
2026-03-10 00:54:11,690 INFO o.a.j.t.JMeterThread: Thread started: Thread Group 1-35
2026-03-10 00:54:11,700 INFO o.a.j.t.JMeterThread: Thread started: Thread Group 1-36
2026-03-10 00:54:11,710 INFO o.a.j.t.JMeterThread: Thread started: Thread Group 1-37
2026-03-10 00:54:11,720 INFO o.a.j.t.JMeterThread: Thread started: Thread Group 1-38
2026-03-10 00:54:11,730 INFO o.a.j.t.JMeterThread: Thread started: Thread Group 1-39
2026-03-10 00:54:11,740 INFO o.a.j.t.JMeterThread: Thread started: Thread Group 1-40
2026-03-10 00:54:11,750 INFO o.a.j.t.JMeterThread: Thread started: Thread Group 1-41
2026-03-10 00:54:11,758 INFO o.a.j.t.JMeterThread: Thread started: Thread Group 1-42
2026-03-10 00:54:11,768 INFO o.a.j.t.JMeterThread: Thread started: Thread Group 1-43
2026-03-10 00:54:11,781 INFO o.a.j.t.JMeterThread: Thread started: Thread Group 1-44
2026-03-10 00:54:11,787 INFO o.a.j.t.JMeterThread: Thread started: Thread Group 1-45
2026-03-10 00:54:11,800 INFO o.a.j.t.JMeterThread: Thread started: Thread Group 1-46
2026-03-10 00:54:11,810 INFO o.a.j.t.JMeterThread: Thread started: Thread Group 1-47
2026-03-10 00:54:11,817 INFO o.a.j.t.JMeterThread: Thread started: Thread Group 1-48
2026-03-10 00:54:11,830 INFO o.a.j.t.JMeterThread: Thread started: Thread Group 1-49
2026-03-10 00:54:11,837 INFO o.a.j.t.JMeterThread: Thread started: Thread Group 1-50
2026-03-10 00:54:11,851 INFO o.a.j.t.JMeterThread: Thread started: Thread Group 1-51
2026-03-10 00:54:11,858 INFO o.a.j.t.JMeterThread: Thread started: Thread Group 1-52
2026-03-10 00:54:11,867 INFO o.a.j.t.JMeterThread: Thread started: Thread Group 1-53
2026-03-10 00:54:11,880 INFO o.a.j.t.JMeterThread: Thread started: Thread Group 1-54
2026-03-10 00:54:11,888 INFO o.a.j.t.JMeterThread: Thread started: Thread Group 1-55
2026-03-10 00:54:11,895 INFO o.a.j.t.JMeterThread: Thread started: Thread Group 1-56
2026-03-10 00:54:11,907 INFO o.a.j.t.JMeterThread: Thread started: Thread Group 1-57
2026-03-10 00:54:11,916 INFO o.a.j.t.JMeterThread: Thread started: Thread Group 1-58
2026-03-10 00:54:11,927 INFO o.a.j.t.JMeterThread: Thread started: Thread Group 1-59
2026-03-10 00:54:11,941 INFO o.a.j.t.JMeterThread: Thread started: Thread Group 1-60
2026-03-10 00:54:11,946 INFO o.a.j.t.JMeterThread: Thread started: Thread Group 1-61
2026-03-10 00:54:11,955 INFO o.a.j.t.JMeterThread: Thread started: Thread Group 1-62
2026-03-10 00:54:11,970 INFO o.a.j.t.JMeterThread: Thread started: Thread Group 1-63
2026-03-10 00:54:11,976 INFO o.a.j.t.JMeterThread: Thread started: Thread Group 1-64
2026-03-10 00:54:11,990 INFO o.a.j.t.JMeterThread: Thread started: Thread Group 1-65
2026-03-10 00:54:12,000 INFO o.a.j.t.JMeterThread: Thread started: Thread Group 1-66
2026-03-10 00:54:12,010 INFO o.a.j.t.JMeterThread: Thread started: Thread Group 1-67
2026-03-10 00:54:12,016 INFO o.a.j.t.JMeterThread: Thread started: Thread Group 1-68
2026-03-10 00:54:12,031 INFO o.a.j.t.JMeterThread: Thread started: Thread Group 1-69
2026-03-10 00:54:12,037 INFO o.a.j.t.JMeterThread: Thread started: Thread Group 1-70
2026-03-10 00:54:12,050 INFO o.a.j.t.JMeterThread: Thread started: Thread Group 1-71
2026-03-10 00:54:12,057 INFO o.a.j.t.JMeterThread: Thread started: Thread Group 1-72
2026-03-10 00:54:12,067 INFO o.a.j.t.JMeterThread: Thread started: Thread Group 1-73
2026-03-10 00:54:12,081 INFO o.a.j.t.JMeterThread: Thread started: Thread Group 1-74
2026-03-10 00:54:12,090 INFO o.a.j.t.JMeterThread: Thread started: Thread Group 1-75
2026-03-10 00:54:12,100 INFO o.a.j.t.JMeterThread: Thread started: Thread Group 1-76
2026-03-10 00:54:12,110 INFO o.a.j.t.JMeterThread: Thread started: Thread Group 1-77
2026-03-10 00:54:12,121 INFO o.a.j.t.JMeterThread: Thread started: Thread Group 1-78
2026-03-10 00:54:12,126 INFO o.a.j.t.JMeterThread: Thread started: Thread Group 1-79
2026-03-10 00:54:12,141 INFO o.a.j.t.JMeterThread: Thread started: Thread Group 1-80
2026-03-10 00:54:12,149 INFO o.a.j.t.JMeterThread: Thread started: Thread Group 1-81
2026-03-10 00:54:12,157 INFO o.a.j.t.JMeterThread: Thread started: Thread Group 1-82
2026-03-10 00:54:12,170 INFO o.a.j.t.JMeterThread: Thread started: Thread Group 1-83
2026-03-10 00:54:12,176 INFO o.a.j.t.JMeterThread: Thread started: Thread Group 1-84
2026-03-10 00:54:12,189 INFO o.a.j.t.JMeterThread: Thread started: Thread Group 1-85
2026-03-10 00:54:12,196 INFO o.a.j.t.JMeterThread: Thread started: Thread Group 1-86
2026-03-10 00:54:12,211 INFO o.a.j.t.JMeterThread: Thread started: Thread Group 1-87
2026-03-10 00:54:12,219 INFO o.a.j.t.JMeterThread: Thread started: Thread Group 1-88
2026-03-10 00:54:12,230 INFO o.a.j.t.JMeterThread: Thread started: Thread Group 1-89
2026-03-10 00:54:12,240 INFO o.a.j.t.JMeterThread: Thread started: Thread Group 1-90
2026-03-10 00:54:12,250 INFO o.a.j.t.JMeterThread: Thread started: Thread Group 1-91
2026-03-10 00:54:12,260 INFO o.a.j.t.JMeterThread: Thread started: Thread Group 1-92
2026-03-10 00:54:12,266 INFO o.a.j.t.JMeterThread: Thread started: Thread Group 1-93
2026-03-10 00:54:12,276 INFO o.a.j.t.JMeterThread: Thread started: Thread Group 1-94
2026-03-10 00:54:12,286 INFO o.a.j.t.JMeterThread: Thread started: Thread Group 1-95
2026-03-10 00:54:12,300 INFO o.a.j.t.JMeterThread: Thread started: Thread Group 1-96
2026-03-10 00:54:12,309 INFO o.a.j.t.JMeterThread: Thread started: Thread Group 1-97
2026-03-10 00:54:12,322 INFO o.a.j.t.JMeterThread: Thread started: Thread Group 1-98
2026-03-10 00:54:12,327 INFO o.a.j.t.JMeterThread: Thread started: Thread Group 1-99
2026-03-10 00:54:12,338 INFO o.a.j.t.JMeterThread: Thread started: Thread Group 1-100
2026-03-10 00:54:12,566 INFO o.a.j.t.JMeterThread: Stop Thread seen for thread Thread Group 1-41, reason: org.apache.jorphan.util.JMeterStopThreadException: End of file:/Users/gimhuiheon/Documents/study/java-multi-threading/resources/throughput/search_words.csv detected for CSV DataSet:CSV Data Set Config configured with stopThread:true, recycle:false
2026-03-10 00:54:12,566 INFO o.a.j.t.JMeterThread: Stop Thread seen for thread Thread Group 1-68, reason: org.apache.jorphan.util.JMeterStopThreadException: End of file:/Users/gimhuiheon/Documents/study/java-multi-threading/resources/throughput/search_words.csv detected for CSV DataSet:CSV Data Set Config configured with stopThread:true, recycle:false
2026-03-10 00:54:12,566 INFO o.a.j.t.JMeterThread: Stop Thread seen for thread Thread Group 1-82, reason: org.apache.jorphan.util.JMeterStopThreadException: End of file:/Users/gimhuiheon/Documents/study/java-multi-threading/resources/throughput/search_words.csv detected for CSV DataSet:CSV Data Set Config configured with stopThread:true, recycle:false
2026-03-10 00:54:12,566 INFO o.a.j.t.JMeterThread: Thread finished: Thread Group 1-41
2026-03-10 00:54:12,566 INFO o.a.j.t.JMeterThread: Thread finished: Thread Group 1-68
2026-03-10 00:54:12,566 INFO o.a.j.t.JMeterThread: Thread finished: Thread Group 1-82
2026-03-10 00:54:12,567 INFO o.a.j.t.JMeterThread: Stop Thread seen for thread Thread Group 1-31, reason: org.apache.jorphan.util.JMeterStopThreadException: End of file:/Users/gimhuiheon/Documents/study/java-multi-threading/resources/throughput/search_words.csv detected for CSV DataSet:CSV Data Set Config configured with stopThread:true, recycle:false
2026-03-10 00:54:12,567 INFO o.a.j.t.JMeterThread: Thread finished: Thread Group 1-31
2026-03-10 00:54:12,568 INFO o.a.j.t.JMeterThread: Stop Thread seen for thread Thread Group 1-15, reason: org.apache.jorphan.util.JMeterStopThreadException: End of file:/Users/gimhuiheon/Documents/study/java-multi-threading/resources/throughput/search_words.csv detected for CSV DataSet:CSV Data Set Config configured with stopThread:true, recycle:false
2026-03-10 00:54:12,568 INFO o.a.j.t.JMeterThread: Thread finished: Thread Group 1-15
2026-03-10 00:54:12,568 INFO o.a.j.t.JMeterThread: Stop Thread seen for thread Thread Group 1-69, reason: org.apache.jorphan.util.JMeterStopThreadException: End of file:/Users/gimhuiheon/Documents/study/java-multi-threading/resources/throughput/search_words.csv detected for CSV DataSet:CSV Data Set Config configured with stopThread:true, recycle:false
2026-03-10 00:54:12,568 INFO o.a.j.t.JMeterThread: Thread finished: Thread Group 1-69
2026-03-10 00:54:12,568 INFO o.a.j.t.JMeterThread: Stop Thread seen for thread Thread Group 1-34, reason: org.apache.jorphan.util.JMeterStopThreadException: End of file:/Users/gimhuiheon/Documents/study/java-multi-threading/resources/throughput/search_words.csv detected for CSV DataSet:CSV Data Set Config configured with stopThread:true, recycle:false
2026-03-10 00:54:12,568 INFO o.a.j.t.JMeterThread: Thread finished: Thread Group 1-34
2026-03-10 00:54:12,569 INFO o.a.j.t.JMeterThread: Stop Thread seen for thread Thread Group 1-74, reason: org.apache.jorphan.util.JMeterStopThreadException: End of file:/Users/gimhuiheon/Documents/study/java-multi-threading/resources/throughput/search_words.csv detected for CSV DataSet:CSV Data Set Config configured with stopThread:true, recycle:false
2026-03-10 00:54:12,569 INFO o.a.j.t.JMeterThread: Stop Thread seen for thread Thread Group 1-92, reason: org.apache.jorphan.util.JMeterStopThreadException: End of file:/Users/gimhuiheon/Documents/study/java-multi-threading/resources/throughput/search_words.csv detected for CSV DataSet:CSV Data Set Config configured with stopThread:true, recycle:false
2026-03-10 00:54:12,569 INFO o.a.j.t.JMeterThread: Thread finished: Thread Group 1-74
2026-03-10 00:54:12,569 INFO o.a.j.t.JMeterThread: Thread finished: Thread Group 1-92
2026-03-10 00:54:12,570 INFO o.a.j.t.JMeterThread: Stop Thread seen for thread Thread Group 1-73, reason: org.apache.jorphan.util.JMeterStopThreadException: End of file:/Users/gimhuiheon/Documents/study/java-multi-threading/resources/throughput/search_words.csv detected for CSV DataSet:CSV Data Set Config configured with stopThread:true, recycle:false
2026-03-10 00:54:12,570 INFO o.a.j.t.JMeterThread: Thread finished: Thread Group 1-73
2026-03-10 00:54:12,570 INFO o.a.j.t.JMeterThread: Stop Thread seen for thread Thread Group 1-6, reason: org.apache.jorphan.util.JMeterStopThreadException: End of file:/Users/gimhuiheon/Documents/study/java-multi-threading/resources/throughput/search_words.csv detected for CSV DataSet:CSV Data Set Config configured with stopThread:true, recycle:false
2026-03-10 00:54:12,570 INFO o.a.j.t.JMeterThread: Thread finished: Thread Group 1-6
2026-03-10 00:54:12,570 INFO o.a.j.t.JMeterThread: Stop Thread seen for thread Thread Group 1-89, reason: org.apache.jorphan.util.JMeterStopThreadException: End of file:/Users/gimhuiheon/Documents/study/java-multi-threading/resources/throughput/search_words.csv detected for CSV DataSet:CSV Data Set Config configured with stopThread:true, recycle:false
2026-03-10 00:54:12,570 INFO o.a.j.t.JMeterThread: Thread finished: Thread Group 1-89
2026-03-10 00:54:12,571 INFO o.a.j.t.JMeterThread: Stop Thread seen for thread Thread Group 1-16, reason: org.apache.jorphan.util.JMeterStopThreadException: End of file:/Users/gimhuiheon/Documents/study/java-multi-threading/resources/throughput/search_words.csv detected for CSV DataSet:CSV Data Set Config configured with stopThread:true, recycle:false
2026-03-10 00:54:12,571 INFO o.a.j.t.JMeterThread: Thread finished: Thread Group 1-16
2026-03-10 00:54:12,572 INFO o.a.j.t.JMeterThread: Stop Thread seen for thread Thread Group 1-3, reason: org.apache.jorphan.util.JMeterStopThreadException: End of file:/Users/gimhuiheon/Documents/study/java-multi-threading/resources/throughput/search_words.csv detected for CSV DataSet:CSV Data Set Config configured with stopThread:true, recycle:false
2026-03-10 00:54:12,572 INFO o.a.j.t.JMeterThread: Thread finished: Thread Group 1-3
2026-03-10 00:54:12,572 INFO o.a.j.t.JMeterThread: Stop Thread seen for thread Thread Group 1-4, reason: org.apache.jorphan.util.JMeterStopThreadException: End of file:/Users/gimhuiheon/Documents/study/java-multi-threading/resources/throughput/search_words.csv detected for CSV DataSet:CSV Data Set Config configured with stopThread:true, recycle:false
2026-03-10 00:54:12,572 INFO o.a.j.t.JMeterThread: Thread finished: Thread Group 1-4
2026-03-10 00:54:12,572 INFO o.a.j.t.JMeterThread: Stop Thread seen for thread Thread Group 1-66, reason: org.apache.jorphan.util.JMeterStopThreadException: End of file:/Users/gimhuiheon/Documents/study/java-multi-threading/resources/throughput/search_words.csv detected for CSV DataSet:CSV Data Set Config configured with stopThread:true, recycle:false
2026-03-10 00:54:12,572 INFO o.a.j.t.JMeterThread: Thread finished: Thread Group 1-66
2026-03-10 00:54:12,572 INFO o.a.j.t.JMeterThread: Stop Thread seen for thread Thread Group 1-51, reason: org.apache.jorphan.util.JMeterStopThreadException: End of file:/Users/gimhuiheon/Documents/study/java-multi-threading/resources/throughput/search_words.csv detected for CSV DataSet:CSV Data Set Config configured with stopThread:true, recycle:false
2026-03-10 00:54:12,572 INFO o.a.j.t.JMeterThread: Thread finished: Thread Group 1-51
2026-03-10 00:54:12,573 INFO o.a.j.t.JMeterThread: Stop Thread seen for thread Thread Group 1-32, reason: org.apache.jorphan.util.JMeterStopThreadException: End of file:/Users/gimhuiheon/Documents/study/java-multi-threading/resources/throughput/search_words.csv detected for CSV DataSet:CSV Data Set Config configured with stopThread:true, recycle:false
2026-03-10 00:54:12,573 INFO o.a.j.t.JMeterThread: Thread finished: Thread Group 1-32
2026-03-10 00:54:12,578 INFO o.a.j.t.JMeterThread: Stop Thread seen for thread Thread Group 1-22, reason: org.apache.jorphan.util.JMeterStopThreadException: End of file:/Users/gimhuiheon/Documents/study/java-multi-threading/resources/throughput/search_words.csv detected for CSV DataSet:CSV Data Set Config configured with stopThread:true, recycle:false
2026-03-10 00:54:12,578 INFO o.a.j.t.JMeterThread: Stop Thread seen for thread Thread Group 1-80, reason: org.apache.jorphan.util.JMeterStopThreadException: End of file:/Users/gimhuiheon/Documents/study/java-multi-threading/resources/throughput/search_words.csv detected for CSV DataSet:CSV Data Set Config configured with stopThread:true, recycle:false
2026-03-10 00:54:12,578 INFO o.a.j.t.JMeterThread: Thread finished: Thread Group 1-22
2026-03-10 00:54:12,578 INFO o.a.j.t.JMeterThread: Thread finished: Thread Group 1-80
2026-03-10 00:54:12,578 INFO o.a.j.t.JMeterThread: Stop Thread seen for thread Thread Group 1-72, reason: org.apache.jorphan.util.JMeterStopThreadException: End of file:/Users/gimhuiheon/Documents/study/java-multi-threading/resources/throughput/search_words.csv detected for CSV DataSet:CSV Data Set Config configured with stopThread:true, recycle:false
2026-03-10 00:54:12,578 INFO o.a.j.t.JMeterThread: Stop Thread seen for thread Thread Group 1-90, reason: org.apache.jorphan.util.JMeterStopThreadException: End of file:/Users/gimhuiheon/Documents/study/java-multi-threading/resources/throughput/search_words.csv detected for CSV DataSet:CSV Data Set Config configured with stopThread:true, recycle:false
2026-03-10 00:54:12,578 INFO o.a.j.t.JMeterThread: Thread finished: Thread Group 1-90
2026-03-10 00:54:12,578 INFO o.a.j.t.JMeterThread: Thread finished: Thread Group 1-72
2026-03-10 00:54:12,579 INFO o.a.j.t.JMeterThread: Stop Thread seen for thread Thread Group 1-77, reason: org.apache.jorphan.util.JMeterStopThreadException: End of file:/Users/gimhuiheon/Documents/study/java-multi-threading/resources/throughput/search_words.csv detected for CSV DataSet:CSV Data Set Config configured with stopThread:true, recycle:false
2026-03-10 00:54:12,579 INFO o.a.j.t.JMeterThread: Thread finished: Thread Group 1-77
2026-03-10 00:54:12,580 INFO o.a.j.t.JMeterThread: Stop Thread seen for thread Thread Group 1-62, reason: org.apache.jorphan.util.JMeterStopThreadException: End of file:/Users/gimhuiheon/Documents/study/java-multi-threading/resources/throughput/search_words.csv detected for CSV DataSet:CSV Data Set Config configured with stopThread:true, recycle:false
2026-03-10 00:54:12,580 INFO o.a.j.t.JMeterThread: Thread finished: Thread Group 1-62
2026-03-10 00:54:12,580 INFO o.a.j.t.JMeterThread: Stop Thread seen for thread Thread Group 1-93, reason: org.apache.jorphan.util.JMeterStopThreadException: End of file:/Users/gimhuiheon/Documents/study/java-multi-threading/resources/throughput/search_words.csv detected for CSV DataSet:CSV Data Set Config configured with stopThread:true, recycle:false
2026-03-10 00:54:12,580 INFO o.a.j.t.JMeterThread: Thread finished: Thread Group 1-93
2026-03-10 00:54:12,580 INFO o.a.j.t.JMeterThread: Stop Thread seen for thread Thread Group 1-96, reason: org.apache.jorphan.util.JMeterStopThreadException: End of file:/Users/gimhuiheon/Documents/study/java-multi-threading/resources/throughput/search_words.csv detected for CSV DataSet:CSV Data Set Config configured with stopThread:true, recycle:false
2026-03-10 00:54:12,580 INFO o.a.j.t.JMeterThread: Thread finished: Thread Group 1-96
2026-03-10 00:54:12,581 INFO o.a.j.t.JMeterThread: Stop Thread seen for thread Thread Group 1-14, reason: org.apache.jorphan.util.JMeterStopThreadException: End of file:/Users/gimhuiheon/Documents/study/java-multi-threading/resources/throughput/search_words.csv detected for CSV DataSet:CSV Data Set Config configured with stopThread:true, recycle:false
2026-03-10 00:54:12,581 INFO o.a.j.t.JMeterThread: Thread finished: Thread Group 1-14
2026-03-10 00:54:12,581 INFO o.a.j.t.JMeterThread: Stop Thread seen for thread Thread Group 1-63, reason: org.apache.jorphan.util.JMeterStopThreadException: End of file:/Users/gimhuiheon/Documents/study/java-multi-threading/resources/throughput/search_words.csv detected for CSV DataSet:CSV Data Set Config configured with stopThread:true, recycle:false
2026-03-10 00:54:12,581 INFO o.a.j.t.JMeterThread: Thread finished: Thread Group 1-63
2026-03-10 00:54:12,581 INFO o.a.j.t.JMeterThread: Stop Thread seen for thread Thread Group 1-70, reason: org.apache.jorphan.util.JMeterStopThreadException: End of file:/Users/gimhuiheon/Documents/study/java-multi-threading/resources/throughput/search_words.csv detected for CSV DataSet:CSV Data Set Config configured with stopThread:true, recycle:false
2026-03-10 00:54:12,581 INFO o.a.j.t.JMeterThread: Thread finished: Thread Group 1-70
2026-03-10 00:54:12,582 INFO o.a.j.t.JMeterThread: Stop Thread seen for thread Thread Group 1-57, reason: org.apache.jorphan.util.JMeterStopThreadException: End of file:/Users/gimhuiheon/Documents/study/java-multi-threading/resources/throughput/search_words.csv detected for CSV DataSet:CSV Data Set Config configured with stopThread:true, recycle:false
2026-03-10 00:54:12,582 INFO o.a.j.t.JMeterThread: Thread finished: Thread Group 1-57
2026-03-10 00:54:12,582 INFO o.a.j.t.JMeterThread: Stop Thread seen for thread Thread Group 1-37, reason: org.apache.jorphan.util.JMeterStopThreadException: End of file:/Users/gimhuiheon/Documents/study/java-multi-threading/resources/throughput/search_words.csv detected for CSV DataSet:CSV Data Set Config configured with stopThread:true, recycle:false
2026-03-10 00:54:12,582 INFO o.a.j.t.JMeterThread: Thread finished: Thread Group 1-37
2026-03-10 00:54:12,583 INFO o.a.j.t.JMeterThread: Stop Thread seen for thread Thread Group 1-55, reason: org.apache.jorphan.util.JMeterStopThreadException: End of file:/Users/gimhuiheon/Documents/study/java-multi-threading/resources/throughput/search_words.csv detected for CSV DataSet:CSV Data Set Config configured with stopThread:true, recycle:false
2026-03-10 00:54:12,583 INFO o.a.j.t.JMeterThread: Thread finished: Thread Group 1-55
2026-03-10 00:54:12,583 INFO o.a.j.t.JMeterThread: Stop Thread seen for thread Thread Group 1-87, reason: org.apache.jorphan.util.JMeterStopThreadException: End of file:/Users/gimhuiheon/Documents/study/java-multi-threading/resources/throughput/search_words.csv detected for CSV DataSet:CSV Data Set Config configured with stopThread:true, recycle:false
2026-03-10 00:54:12,583 INFO o.a.j.t.JMeterThread: Thread finished: Thread Group 1-87
2026-03-10 00:54:12,584 INFO o.a.j.t.JMeterThread: Stop Thread seen for thread Thread Group 1-18, reason: org.apache.jorphan.util.JMeterStopThreadException: End of file:/Users/gimhuiheon/Documents/study/java-multi-threading/resources/throughput/search_words.csv detected for CSV DataSet:CSV Data Set Config configured with stopThread:true, recycle:false
2026-03-10 00:54:12,584 INFO o.a.j.t.JMeterThread: Thread finished: Thread Group 1-18
2026-03-10 00:54:12,585 INFO o.a.j.t.JMeterThread: Stop Thread seen for thread Thread Group 1-97, reason: org.apache.jorphan.util.JMeterStopThreadException: End of file:/Users/gimhuiheon/Documents/study/java-multi-threading/resources/throughput/search_words.csv detected for CSV DataSet:CSV Data Set Config configured with stopThread:true, recycle:false
2026-03-10 00:54:12,585 INFO o.a.j.t.JMeterThread: Thread finished: Thread Group 1-97
2026-03-10 00:54:12,587 INFO o.a.j.t.JMeterThread: Stop Thread seen for thread Thread Group 1-71, reason: org.apache.jorphan.util.JMeterStopThreadException: End of file:/Users/gimhuiheon/Documents/study/java-multi-threading/resources/throughput/search_words.csv detected for CSV DataSet:CSV Data Set Config configured with stopThread:true, recycle:false
2026-03-10 00:54:12,587 INFO o.a.j.t.JMeterThread: Thread finished: Thread Group 1-71
2026-03-10 00:54:12,587 INFO o.a.j.t.JMeterThread: Stop Thread seen for thread Thread Group 1-23, reason: org.apache.jorphan.util.JMeterStopThreadException: End of file:/Users/gimhuiheon/Documents/study/java-multi-threading/resources/throughput/search_words.csv detected for CSV DataSet:CSV Data Set Config configured with stopThread:true, recycle:false
2026-03-10 00:54:12,587 INFO o.a.j.t.JMeterThread: Thread finished: Thread Group 1-23
2026-03-10 00:54:12,587 INFO o.a.j.t.JMeterThread: Stop Thread seen for thread Thread Group 1-52, reason: org.apache.jorphan.util.JMeterStopThreadException: End of file:/Users/gimhuiheon/Documents/study/java-multi-threading/resources/throughput/search_words.csv detected for CSV DataSet:CSV Data Set Config configured with stopThread:true, recycle:false
2026-03-10 00:54:12,587 INFO o.a.j.t.JMeterThread: Thread finished: Thread Group 1-52
2026-03-10 00:54:12,588 INFO o.a.j.t.JMeterThread: Stop Thread seen for thread Thread Group 1-8, reason: org.apache.jorphan.util.JMeterStopThreadException: End of file:/Users/gimhuiheon/Documents/study/java-multi-threading/resources/throughput/search_words.csv detected for CSV DataSet:CSV Data Set Config configured with stopThread:true, recycle:false
2026-03-10 00:54:12,589 INFO o.a.j.t.JMeterThread: Thread finished: Thread Group 1-8
2026-03-10 00:54:12,589 INFO o.a.j.t.JMeterThread: Stop Thread seen for thread Thread Group 1-30, reason: org.apache.jorphan.util.JMeterStopThreadException: End of file:/Users/gimhuiheon/Documents/study/java-multi-threading/resources/throughput/search_words.csv detected for CSV DataSet:CSV Data Set Config configured with stopThread:true, recycle:false
2026-03-10 00:54:12,589 INFO o.a.j.t.JMeterThread: Thread finished: Thread Group 1-30
2026-03-10 00:54:12,589 INFO o.a.j.t.JMeterThread: Stop Thread seen for thread Thread Group 1-85, reason: org.apache.jorphan.util.JMeterStopThreadException: End of file:/Users/gimhuiheon/Documents/study/java-multi-threading/resources/throughput/search_words.csv detected for CSV DataSet:CSV Data Set Config configured with stopThread:true, recycle:false
2026-03-10 00:54:12,589 INFO o.a.j.t.JMeterThread: Thread finished: Thread Group 1-85
2026-03-10 00:54:12,589 INFO o.a.j.t.JMeterThread: Stop Thread seen for thread Thread Group 1-27, reason: org.apache.jorphan.util.JMeterStopThreadException: End of file:/Users/gimhuiheon/Documents/study/java-multi-threading/resources/throughput/search_words.csv detected for CSV DataSet:CSV Data Set Config configured with stopThread:true, recycle:false
2026-03-10 00:54:12,589 INFO o.a.j.t.JMeterThread: Thread finished: Thread Group 1-27
2026-03-10 00:54:12,591 INFO o.a.j.t.JMeterThread: Stop Thread seen for thread Thread Group 1-11, reason: org.apache.jorphan.util.JMeterStopThreadException: End of file:/Users/gimhuiheon/Documents/study/java-multi-threading/resources/throughput/search_words.csv detected for CSV DataSet:CSV Data Set Config configured with stopThread:true, recycle:false
2026-03-10 00:54:12,591 INFO o.a.j.t.JMeterThread: Thread finished: Thread Group 1-11
2026-03-10 00:54:12,591 INFO o.a.j.t.JMeterThread: Stop Thread seen for thread Thread Group 1-65, reason: org.apache.jorphan.util.JMeterStopThreadException: End of file:/Users/gimhuiheon/Documents/study/java-multi-threading/resources/throughput/search_words.csv detected for CSV DataSet:CSV Data Set Config configured with stopThread:true, recycle:false
2026-03-10 00:54:12,592 INFO o.a.j.t.JMeterThread: Thread finished: Thread Group 1-65
2026-03-10 00:54:12,592 INFO o.a.j.t.JMeterThread: Stop Thread seen for thread Thread Group 1-88, reason: org.apache.jorphan.util.JMeterStopThreadException: End of file:/Users/gimhuiheon/Documents/study/java-multi-threading/resources/throughput/search_words.csv detected for CSV DataSet:CSV Data Set Config configured with stopThread:true, recycle:false
2026-03-10 00:54:12,592 INFO o.a.j.t.JMeterThread: Thread finished: Thread Group 1-88
2026-03-10 00:54:12,592 INFO o.a.j.t.JMeterThread: Stop Thread seen for thread Thread Group 1-49, reason: org.apache.jorphan.util.JMeterStopThreadException: End of file:/Users/gimhuiheon/Documents/study/java-multi-threading/resources/throughput/search_words.csv detected for CSV DataSet:CSV Data Set Config configured with stopThread:true, recycle:false
2026-03-10 00:54:12,592 INFO o.a.j.t.JMeterThread: Thread finished: Thread Group 1-49
2026-03-10 00:54:12,593 INFO o.a.j.t.JMeterThread: Stop Thread seen for thread Thread Group 1-7, reason: org.apache.jorphan.util.JMeterStopThreadException: End of file:/Users/gimhuiheon/Documents/study/java-multi-threading/resources/throughput/search_words.csv detected for CSV DataSet:CSV Data Set Config configured with stopThread:true, recycle:false
2026-03-10 00:54:12,593 INFO o.a.j.t.JMeterThread: Thread finished: Thread Group 1-7
2026-03-10 00:54:12,594 INFO o.a.j.t.JMeterThread: Stop Thread seen for thread Thread Group 1-20, reason: org.apache.jorphan.util.JMeterStopThreadException: End of file:/Users/gimhuiheon/Documents/study/java-multi-threading/resources/throughput/search_words.csv detected for CSV DataSet:CSV Data Set Config configured with stopThread:true, recycle:false
2026-03-10 00:54:12,594 INFO o.a.j.t.JMeterThread: Thread finished: Thread Group 1-20
2026-03-10 00:54:12,594 INFO o.a.j.t.JMeterThread: Stop Thread seen for thread Thread Group 1-9, reason: org.apache.jorphan.util.JMeterStopThreadException: End of file:/Users/gimhuiheon/Documents/study/java-multi-threading/resources/throughput/search_words.csv detected for CSV DataSet:CSV Data Set Config configured with stopThread:true, recycle:false
2026-03-10 00:54:12,594 INFO o.a.j.t.JMeterThread: Thread finished: Thread Group 1-9
2026-03-10 00:54:12,594 INFO o.a.j.t.JMeterThread: Stop Thread seen for thread Thread Group 1-95, reason: org.apache.jorphan.util.JMeterStopThreadException: End of file:/Users/gimhuiheon/Documents/study/java-multi-threading/resources/throughput/search_words.csv detected for CSV DataSet:CSV Data Set Config configured with stopThread:true, recycle:false
2026-03-10 00:54:12,594 INFO o.a.j.t.JMeterThread: Thread finished: Thread Group 1-95
2026-03-10 00:54:12,594 INFO o.a.j.t.JMeterThread: Stop Thread seen for thread Thread Group 1-83, reason: org.apache.jorphan.util.JMeterStopThreadException: End of file:/Users/gimhuiheon/Documents/study/java-multi-threading/resources/throughput/search_words.csv detected for CSV DataSet:CSV Data Set Config configured with stopThread:true, recycle:false
2026-03-10 00:54:12,594 INFO o.a.j.t.JMeterThread: Thread finished: Thread Group 1-83
2026-03-10 00:54:12,595 INFO o.a.j.t.JMeterThread: Stop Thread seen for thread Thread Group 1-45, reason: org.apache.jorphan.util.JMeterStopThreadException: End of file:/Users/gimhuiheon/Documents/study/java-multi-threading/resources/throughput/search_words.csv detected for CSV DataSet:CSV Data Set Config configured with stopThread:true, recycle:false
2026-03-10 00:54:12,595 INFO o.a.j.t.JMeterThread: Thread finished: Thread Group 1-45
2026-03-10 00:54:12,595 INFO o.a.j.t.JMeterThread: Stop Thread seen for thread Thread Group 1-53, reason: org.apache.jorphan.util.JMeterStopThreadException: End of file:/Users/gimhuiheon/Documents/study/java-multi-threading/resources/throughput/search_words.csv detected for CSV DataSet:CSV Data Set Config configured with stopThread:true, recycle:false
2026-03-10 00:54:12,595 INFO o.a.j.t.JMeterThread: Thread finished: Thread Group 1-53
2026-03-10 00:54:12,595 INFO o.a.j.t.JMeterThread: Stop Thread seen for thread Thread Group 1-10, reason: org.apache.jorphan.util.JMeterStopThreadException: End of file:/Users/gimhuiheon/Documents/study/java-multi-threading/resources/throughput/search_words.csv detected for CSV DataSet:CSV Data Set Config configured with stopThread:true, recycle:false
2026-03-10 00:54:12,595 INFO o.a.j.t.JMeterThread: Thread finished: Thread Group 1-10
2026-03-10 00:54:12,596 INFO o.a.j.t.JMeterThread: Stop Thread seen for thread Thread Group 1-94, reason: org.apache.jorphan.util.JMeterStopThreadException: End of file:/Users/gimhuiheon/Documents/study/java-multi-threading/resources/throughput/search_words.csv detected for CSV DataSet:CSV Data Set Config configured with stopThread:true, recycle:false
2026-03-10 00:54:12,596 INFO o.a.j.t.JMeterThread: Thread finished: Thread Group 1-94
2026-03-10 00:54:12,596 INFO o.a.j.t.JMeterThread: Stop Thread seen for thread Thread Group 1-26, reason: org.apache.jorphan.util.JMeterStopThreadException: End of file:/Users/gimhuiheon/Documents/study/java-multi-threading/resources/throughput/search_words.csv detected for CSV DataSet:CSV Data Set Config configured with stopThread:true, recycle:false
2026-03-10 00:54:12,596 INFO o.a.j.t.JMeterThread: Thread finished: Thread Group 1-26
2026-03-10 00:54:12,596 INFO o.a.j.t.JMeterThread: Stop Thread seen for thread Thread Group 1-50, reason: org.apache.jorphan.util.JMeterStopThreadException: End of file:/Users/gimhuiheon/Documents/study/java-multi-threading/resources/throughput/search_words.csv detected for CSV DataSet:CSV Data Set Config configured with stopThread:true, recycle:false
2026-03-10 00:54:12,596 INFO o.a.j.t.JMeterThread: Thread finished: Thread Group 1-50
2026-03-10 00:54:12,597 INFO o.a.j.t.JMeterThread: Stop Thread seen for thread Thread Group 1-19, reason: org.apache.jorphan.util.JMeterStopThreadException: End of file:/Users/gimhuiheon/Documents/study/java-multi-threading/resources/throughput/search_words.csv detected for CSV DataSet:CSV Data Set Config configured with stopThread:true, recycle:false
2026-03-10 00:54:12,597 INFO o.a.j.t.JMeterThread: Thread finished: Thread Group 1-19
2026-03-10 00:54:12,598 INFO o.a.j.t.JMeterThread: Stop Thread seen for thread Thread Group 1-36, reason: org.apache.jorphan.util.JMeterStopThreadException: End of file:/Users/gimhuiheon/Documents/study/java-multi-threading/resources/throughput/search_words.csv detected for CSV DataSet:CSV Data Set Config configured with stopThread:true, recycle:false
2026-03-10 00:54:12,598 INFO o.a.j.t.JMeterThread: Thread finished: Thread Group 1-36
2026-03-10 00:54:12,599 INFO o.a.j.t.JMeterThread: Stop Thread seen for thread Thread Group 1-24, reason: org.apache.jorphan.util.JMeterStopThreadException: End of file:/Users/gimhuiheon/Documents/study/java-multi-threading/resources/throughput/search_words.csv detected for CSV DataSet:CSV Data Set Config configured with stopThread:true, recycle:false
2026-03-10 00:54:12,599 INFO o.a.j.t.JMeterThread: Thread finished: Thread Group 1-24
2026-03-10 00:54:12,600 INFO o.a.j.t.JMeterThread: Stop Thread seen for thread Thread Group 1-64, reason: org.apache.jorphan.util.JMeterStopThreadException: End of file:/Users/gimhuiheon/Documents/study/java-multi-threading/resources/throughput/search_words.csv detected for CSV DataSet:CSV Data Set Config configured with stopThread:true, recycle:false
2026-03-10 00:54:12,600 INFO o.a.j.t.JMeterThread: Thread finished: Thread Group 1-64
2026-03-10 00:54:12,600 INFO o.a.j.t.JMeterThread: Stop Thread seen for thread Thread Group 1-35, reason: org.apache.jorphan.util.JMeterStopThreadException: End of file:/Users/gimhuiheon/Documents/study/java-multi-threading/resources/throughput/search_words.csv detected for CSV DataSet:CSV Data Set Config configured with stopThread:true, recycle:false
2026-03-10 00:54:12,600 INFO o.a.j.t.JMeterThread: Stop Thread seen for thread Thread Group 1-1, reason: org.apache.jorphan.util.JMeterStopThreadException: End of file:/Users/gimhuiheon/Documents/study/java-multi-threading/resources/throughput/search_words.csv detected for CSV DataSet:CSV Data Set Config configured with stopThread:true, recycle:false
2026-03-10 00:54:12,600 INFO o.a.j.t.JMeterThread: Thread finished: Thread Group 1-35
2026-03-10 00:54:12,600 INFO o.a.j.t.JMeterThread: Stop Thread seen for thread Thread Group 1-99, reason: org.apache.jorphan.util.JMeterStopThreadException: End of file:/Users/gimhuiheon/Documents/study/java-multi-threading/resources/throughput/search_words.csv detected for CSV DataSet:CSV Data Set Config configured with stopThread:true, recycle:false
2026-03-10 00:54:12,600 INFO o.a.j.t.JMeterThread: Thread finished: Thread Group 1-99
2026-03-10 00:54:12,600 INFO o.a.j.t.JMeterThread: Thread finished: Thread Group 1-1
2026-03-10 00:54:12,601 INFO o.a.j.t.JMeterThread: Stop Thread seen for thread Thread Group 1-86, reason: org.apache.jorphan.util.JMeterStopThreadException: End of file:/Users/gimhuiheon/Documents/study/java-multi-threading/resources/throughput/search_words.csv detected for CSV DataSet:CSV Data Set Config configured with stopThread:true, recycle:false
2026-03-10 00:54:12,601 INFO o.a.j.t.JMeterThread: Thread finished: Thread Group 1-86
2026-03-10 00:54:12,603 INFO o.a.j.t.JMeterThread: Stop Thread seen for thread Thread Group 1-17, reason: org.apache.jorphan.util.JMeterStopThreadException: End of file:/Users/gimhuiheon/Documents/study/java-multi-threading/resources/throughput/search_words.csv detected for CSV DataSet:CSV Data Set Config configured with stopThread:true, recycle:false
2026-03-10 00:54:12,603 INFO o.a.j.t.JMeterThread: Thread finished: Thread Group 1-17
2026-03-10 00:54:12,603 INFO o.a.j.t.JMeterThread: Stop Thread seen for thread Thread Group 1-79, reason: org.apache.jorphan.util.JMeterStopThreadException: End of file:/Users/gimhuiheon/Documents/study/java-multi-threading/resources/throughput/search_words.csv detected for CSV DataSet:CSV Data Set Config configured with stopThread:true, recycle:false
2026-03-10 00:54:12,603 INFO o.a.j.t.JMeterThread: Thread finished: Thread Group 1-79
2026-03-10 00:54:12,603 INFO o.a.j.t.JMeterThread: Stop Thread seen for thread Thread Group 1-33, reason: org.apache.jorphan.util.JMeterStopThreadException: End of file:/Users/gimhuiheon/Documents/study/java-multi-threading/resources/throughput/search_words.csv detected for CSV DataSet:CSV Data Set Config configured with stopThread:true, recycle:false
2026-03-10 00:54:12,603 INFO o.a.j.t.JMeterThread: Thread finished: Thread Group 1-33
2026-03-10 00:54:12,606 INFO o.a.j.t.JMeterThread: Stop Thread seen for thread Thread Group 1-46, reason: org.apache.jorphan.util.JMeterStopThreadException: End of file:/Users/gimhuiheon/Documents/study/java-multi-threading/resources/throughput/search_words.csv detected for CSV DataSet:CSV Data Set Config configured with stopThread:true, recycle:false
2026-03-10 00:54:12,606 INFO o.a.j.t.JMeterThread: Stop Thread seen for thread Thread Group 1-13, reason: org.apache.jorphan.util.JMeterStopThreadException: End of file:/Users/gimhuiheon/Documents/study/java-multi-threading/resources/throughput/search_words.csv detected for CSV DataSet:CSV Data Set Config configured with stopThread:true, recycle:false
2026-03-10 00:54:12,606 INFO o.a.j.t.JMeterThread: Stop Thread seen for thread Thread Group 1-59, reason: org.apache.jorphan.util.JMeterStopThreadException: End of file:/Users/gimhuiheon/Documents/study/java-multi-threading/resources/throughput/search_words.csv detected for CSV DataSet:CSV Data Set Config configured with stopThread:true, recycle:false
2026-03-10 00:54:12,606 INFO o.a.j.t.JMeterThread: Thread finished: Thread Group 1-46
2026-03-10 00:54:12,606 INFO o.a.j.t.JMeterThread: Thread finished: Thread Group 1-59
2026-03-10 00:54:12,606 INFO o.a.j.t.JMeterThread: Thread finished: Thread Group 1-13
2026-03-10 00:54:12,606 INFO o.a.j.t.JMeterThread: Stop Thread seen for thread Thread Group 1-98, reason: org.apache.jorphan.util.JMeterStopThreadException: End of file:/Users/gimhuiheon/Documents/study/java-multi-threading/resources/throughput/search_words.csv detected for CSV DataSet:CSV Data Set Config configured with stopThread:true, recycle:false
2026-03-10 00:54:12,606 INFO o.a.j.t.JMeterThread: Thread finished: Thread Group 1-98
2026-03-10 00:54:12,608 INFO o.a.j.t.JMeterThread: Stop Thread seen for thread Thread Group 1-44, reason: org.apache.jorphan.util.JMeterStopThreadException: End of file:/Users/gimhuiheon/Documents/study/java-multi-threading/resources/throughput/search_words.csv detected for CSV DataSet:CSV Data Set Config configured with stopThread:true, recycle:false
2026-03-10 00:54:12,608 INFO o.a.j.t.JMeterThread: Thread finished: Thread Group 1-44
2026-03-10 00:54:12,609 INFO o.a.j.t.JMeterThread: Stop Thread seen for thread Thread Group 1-21, reason: org.apache.jorphan.util.JMeterStopThreadException: End of file:/Users/gimhuiheon/Documents/study/java-multi-threading/resources/throughput/search_words.csv detected for CSV DataSet:CSV Data Set Config configured with stopThread:true, recycle:false
2026-03-10 00:54:12,609 INFO o.a.j.t.JMeterThread: Thread finished: Thread Group 1-21
2026-03-10 00:54:12,609 INFO o.a.j.t.JMeterThread: Stop Thread seen for thread Thread Group 1-39, reason: org.apache.jorphan.util.JMeterStopThreadException: End of file:/Users/gimhuiheon/Documents/study/java-multi-threading/resources/throughput/search_words.csv detected for CSV DataSet:CSV Data Set Config configured with stopThread:true, recycle:false
2026-03-10 00:54:12,609 INFO o.a.j.t.JMeterThread: Thread finished: Thread Group 1-39
2026-03-10 00:54:12,610 INFO o.a.j.t.JMeterThread: Stop Thread seen for thread Thread Group 1-100, reason: org.apache.jorphan.util.JMeterStopThreadException: End of file:/Users/gimhuiheon/Documents/study/java-multi-threading/resources/throughput/search_words.csv detected for CSV DataSet:CSV Data Set Config configured with stopThread:true, recycle:false
2026-03-10 00:54:12,610 INFO o.a.j.t.JMeterThread: Thread finished: Thread Group 1-100
2026-03-10 00:54:12,610 INFO o.a.j.t.JMeterThread: Stop Thread seen for thread Thread Group 1-54, reason: org.apache.jorphan.util.JMeterStopThreadException: End of file:/Users/gimhuiheon/Documents/study/java-multi-threading/resources/throughput/search_words.csv detected for CSV DataSet:CSV Data Set Config configured with stopThread:true, recycle:false
2026-03-10 00:54:12,610 INFO o.a.j.t.JMeterThread: Thread finished: Thread Group 1-54
2026-03-10 00:54:12,611 INFO o.a.j.t.JMeterThread: Stop Thread seen for thread Thread Group 1-91, reason: org.apache.jorphan.util.JMeterStopThreadException: End of file:/Users/gimhuiheon/Documents/study/java-multi-threading/resources/throughput/search_words.csv detected for CSV DataSet:CSV Data Set Config configured with stopThread:true, recycle:false
2026-03-10 00:54:12,611 INFO o.a.j.t.JMeterThread: Stop Thread seen for thread Thread Group 1-2, reason: org.apache.jorphan.util.JMeterStopThreadException: End of file:/Users/gimhuiheon/Documents/study/java-multi-threading/resources/throughput/search_words.csv detected for CSV DataSet:CSV Data Set Config configured with stopThread:true, recycle:false
2026-03-10 00:54:12,611 INFO o.a.j.t.JMeterThread: Thread finished: Thread Group 1-91
2026-03-10 00:54:12,611 INFO o.a.j.t.JMeterThread: Thread finished: Thread Group 1-2
2026-03-10 00:54:12,611 INFO o.a.j.t.JMeterThread: Stop Thread seen for thread Thread Group 1-75, reason: org.apache.jorphan.util.JMeterStopThreadException: End of file:/Users/gimhuiheon/Documents/study/java-multi-threading/resources/throughput/search_words.csv detected for CSV DataSet:CSV Data Set Config configured with stopThread:true, recycle:false
2026-03-10 00:54:12,611 INFO o.a.j.t.JMeterThread: Thread finished: Thread Group 1-75
2026-03-10 00:54:12,611 INFO o.a.j.t.JMeterThread: Stop Thread seen for thread Thread Group 1-5, reason: org.apache.jorphan.util.JMeterStopThreadException: End of file:/Users/gimhuiheon/Documents/study/java-multi-threading/resources/throughput/search_words.csv detected for CSV DataSet:CSV Data Set Config configured with stopThread:true, recycle:false
2026-03-10 00:54:12,611 INFO o.a.j.t.JMeterThread: Thread finished: Thread Group 1-5
2026-03-10 00:54:12,612 INFO o.a.j.t.JMeterThread: Stop Thread seen for thread Thread Group 1-43, reason: org.apache.jorphan.util.JMeterStopThreadException: End of file:/Users/gimhuiheon/Documents/study/java-multi-threading/resources/throughput/search_words.csv detected for CSV DataSet:CSV Data Set Config configured with stopThread:true, recycle:false
2026-03-10 00:54:12,612 INFO o.a.j.t.JMeterThread: Thread finished: Thread Group 1-43
2026-03-10 00:54:12,612 INFO o.a.j.t.JMeterThread: Stop Thread seen for thread Thread Group 1-61, reason: org.apache.jorphan.util.JMeterStopThreadException: End of file:/Users/gimhuiheon/Documents/study/java-multi-threading/resources/throughput/search_words.csv detected for CSV DataSet:CSV Data Set Config configured with stopThread:true, recycle:false
2026-03-10 00:54:12,612 INFO o.a.j.t.JMeterThread: Thread finished: Thread Group 1-61
2026-03-10 00:54:12,612 INFO o.a.j.t.JMeterThread: Stop Thread seen for thread Thread Group 1-56, reason: org.apache.jorphan.util.JMeterStopThreadException: End of file:/Users/gimhuiheon/Documents/study/java-multi-threading/resources/throughput/search_words.csv detected for CSV DataSet:CSV Data Set Config configured with stopThread:true, recycle:false
2026-03-10 00:54:12,612 INFO o.a.j.t.JMeterThread: Thread finished: Thread Group 1-56
2026-03-10 00:54:12,613 INFO o.a.j.t.JMeterThread: Stop Thread seen for thread Thread Group 1-25, reason: org.apache.jorphan.util.JMeterStopThreadException: End of file:/Users/gimhuiheon/Documents/study/java-multi-threading/resources/throughput/search_words.csv detected for CSV DataSet:CSV Data Set Config configured with stopThread:true, recycle:false
2026-03-10 00:54:12,613 INFO o.a.j.t.JMeterThread: Thread finished: Thread Group 1-25
2026-03-10 00:54:12,613 INFO o.a.j.t.JMeterThread: Stop Thread seen for thread Thread Group 1-78, reason: org.apache.jorphan.util.JMeterStopThreadException: End of file:/Users/gimhuiheon/Documents/study/java-multi-threading/resources/throughput/search_words.csv detected for CSV DataSet:CSV Data Set Config configured with stopThread:true, recycle:false
2026-03-10 00:54:12,613 INFO o.a.j.t.JMeterThread: Stop Thread seen for thread Thread Group 1-58, reason: org.apache.jorphan.util.JMeterStopThreadException: End of file:/Users/gimhuiheon/Documents/study/java-multi-threading/resources/throughput/search_words.csv detected for CSV DataSet:CSV Data Set Config configured with stopThread:true, recycle:false
2026-03-10 00:54:12,613 INFO o.a.j.t.JMeterThread: Stop Thread seen for thread Thread Group 1-81, reason: org.apache.jorphan.util.JMeterStopThreadException: End of file:/Users/gimhuiheon/Documents/study/java-multi-threading/resources/throughput/search_words.csv detected for CSV DataSet:CSV Data Set Config configured with stopThread:true, recycle:false
2026-03-10 00:54:12,613 INFO o.a.j.t.JMeterThread: Thread finished: Thread Group 1-78
2026-03-10 00:54:12,613 INFO o.a.j.t.JMeterThread: Thread finished: Thread Group 1-58
2026-03-10 00:54:12,613 INFO o.a.j.t.JMeterThread: Thread finished: Thread Group 1-81
2026-03-10 00:54:12,613 INFO o.a.j.t.JMeterThread: Stop Thread seen for thread Thread Group 1-38, reason: org.apache.jorphan.util.JMeterStopThreadException: End of file:/Users/gimhuiheon/Documents/study/java-multi-threading/resources/throughput/search_words.csv detected for CSV DataSet:CSV Data Set Config configured with stopThread:true, recycle:false
2026-03-10 00:54:12,613 INFO o.a.j.t.JMeterThread: Thread finished: Thread Group 1-38
2026-03-10 00:54:12,613 INFO o.a.j.t.JMeterThread: Stop Thread seen for thread Thread Group 1-76, reason: org.apache.jorphan.util.JMeterStopThreadException: End of file:/Users/gimhuiheon/Documents/study/java-multi-threading/resources/throughput/search_words.csv detected for CSV DataSet:CSV Data Set Config configured with stopThread:true, recycle:false
2026-03-10 00:54:12,613 INFO o.a.j.t.JMeterThread: Thread finished: Thread Group 1-76
2026-03-10 00:54:12,614 INFO o.a.j.t.JMeterThread: Stop Thread seen for thread Thread Group 1-28, reason: org.apache.jorphan.util.JMeterStopThreadException: End of file:/Users/gimhuiheon/Documents/study/java-multi-threading/resources/throughput/search_words.csv detected for CSV DataSet:CSV Data Set Config configured with stopThread:true, recycle:false
2026-03-10 00:54:12,614 INFO o.a.j.t.JMeterThread: Thread finished: Thread Group 1-28
2026-03-10 00:54:12,615 INFO o.a.j.t.JMeterThread: Stop Thread seen for thread Thread Group 1-60, reason: org.apache.jorphan.util.JMeterStopThreadException: End of file:/Users/gimhuiheon/Documents/study/java-multi-threading/resources/throughput/search_words.csv detected for CSV DataSet:CSV Data Set Config configured with stopThread:true, recycle:false
2026-03-10 00:54:12,615 INFO o.a.j.t.JMeterThread: Thread finished: Thread Group 1-60
2026-03-10 00:54:12,616 INFO o.a.j.t.JMeterThread: Stop Thread seen for thread Thread Group 1-84, reason: org.apache.jorphan.util.JMeterStopThreadException: End of file:/Users/gimhuiheon/Documents/study/java-multi-threading/resources/throughput/search_words.csv detected for CSV DataSet:CSV Data Set Config configured with stopThread:true, recycle:false
2026-03-10 00:54:12,616 INFO o.a.j.t.JMeterThread: Thread finished: Thread Group 1-84
2026-03-10 00:54:12,616 INFO o.a.j.t.JMeterThread: Stop Thread seen for thread Thread Group 1-48, reason: org.apache.jorphan.util.JMeterStopThreadException: End of file:/Users/gimhuiheon/Documents/study/java-multi-threading/resources/throughput/search_words.csv detected for CSV DataSet:CSV Data Set Config configured with stopThread:true, recycle:false
2026-03-10 00:54:12,616 INFO o.a.j.t.JMeterThread: Stop Thread seen for thread Thread Group 1-12, reason: org.apache.jorphan.util.JMeterStopThreadException: End of file:/Users/gimhuiheon/Documents/study/java-multi-threading/resources/throughput/search_words.csv detected for CSV DataSet:CSV Data Set Config configured with stopThread:true, recycle:false
2026-03-10 00:54:12,616 INFO o.a.j.t.JMeterThread: Thread finished: Thread Group 1-48
2026-03-10 00:54:12,616 INFO o.a.j.t.JMeterThread: Thread finished: Thread Group 1-12
2026-03-10 00:54:12,616 INFO o.a.j.t.JMeterThread: Stop Thread seen for thread Thread Group 1-42, reason: org.apache.jorphan.util.JMeterStopThreadException: End of file:/Users/gimhuiheon/Documents/study/java-multi-threading/resources/throughput/search_words.csv detected for CSV DataSet:CSV Data Set Config configured with stopThread:true, recycle:false
2026-03-10 00:54:12,616 INFO o.a.j.t.JMeterThread: Thread finished: Thread Group 1-42
2026-03-10 00:54:12,616 INFO o.a.j.t.JMeterThread: Stop Thread seen for thread Thread Group 1-40, reason: org.apache.jorphan.util.JMeterStopThreadException: End of file:/Users/gimhuiheon/Documents/study/java-multi-threading/resources/throughput/search_words.csv detected for CSV DataSet:CSV Data Set Config configured with stopThread:true, recycle:false
2026-03-10 00:54:12,617 INFO o.a.j.t.JMeterThread: Thread finished: Thread Group 1-40
2026-03-10 00:54:12,617 INFO o.a.j.t.JMeterThread: Stop Thread seen for thread Thread Group 1-29, reason: org.apache.jorphan.util.JMeterStopThreadException: End of file:/Users/gimhuiheon/Documents/study/java-multi-threading/resources/throughput/search_words.csv detected for CSV DataSet:CSV Data Set Config configured with stopThread:true, recycle:false
2026-03-10 00:54:12,617 INFO o.a.j.t.JMeterThread: Thread finished: Thread Group 1-29
2026-03-10 00:54:12,618 INFO o.a.j.t.JMeterThread: Stop Thread seen for thread Thread Group 1-67, reason: org.apache.jorphan.util.JMeterStopThreadException: End of file:/Users/gimhuiheon/Documents/study/java-multi-threading/resources/throughput/search_words.csv detected for CSV DataSet:CSV Data Set Config configured with stopThread:true, recycle:false
2026-03-10 00:54:12,618 INFO o.a.j.t.JMeterThread: Thread finished: Thread Group 1-67
2026-03-10 00:54:12,619 INFO o.a.j.t.JMeterThread: Stop Thread seen for thread Thread Group 1-47, reason: org.apache.jorphan.util.JMeterStopThreadException: End of file:/Users/gimhuiheon/Documents/study/java-multi-threading/resources/throughput/search_words.csv detected for CSV DataSet:CSV Data Set Config configured with stopThread:true, recycle:false
2026-03-10 00:54:12,619 INFO o.a.j.t.JMeterThread: Thread finished: Thread Group 1-47
2026-03-10 00:54:12,619 INFO o.a.j.e.StandardJMeterEngine: Notifying test listeners of end of test
2026-03-10 00:54:12,619 INFO o.a.j.s.FileServer: Close: /Users/gimhuiheon/Documents/study/java-multi-threading/resources/throughput/search_words.csv
2026-03-10 00:54:12,619 INFO o.a.j.g.u.JMeterMenuBar: setRunning(false, *local*)
2026-03-10 00:54:16,517 INFO o.a.j.e.StandardJMeterEngine: Running the test!
2026-03-10 00:54:16,517 INFO o.a.j.s.SampleEvent: List of sample_variables: []
2026-03-10 00:54:16,518 INFO o.a.j.g.u.JMeterMenuBar: setRunning(true, *local*)
2026-03-10 00:54:16,547 INFO o.a.j.e.StandardJMeterEngine: Starting ThreadGroup: 1 : Thread Group
2026-03-10 00:54:16,548 INFO o.a.j.e.StandardJMeterEngine: Starting 100 threads for group Thread Group.
2026-03-10 00:54:16,548 INFO o.a.j.e.StandardJMeterEngine: Thread will continue on error
2026-03-10 00:54:16,548 INFO o.a.j.t.ThreadGroup: Starting thread group... number=1 threads=100 ramp-up=1 delayedStart=false
2026-03-10 00:54:16,549 INFO o.a.j.t.JMeterThread: Thread started: Thread Group 1-1
2026-03-10 00:54:16,549 INFO o.a.j.s.FileServer: Stored: /Users/gimhuiheon/Documents/study/java-multi-threading/resources/throughput/search_words.csv
2026-03-10 00:54:16,559 INFO o.a.j.t.JMeterThread: Thread started: Thread Group 1-2
2026-03-10 00:54:16,561 INFO o.a.j.t.ThreadGroup: Started thread group number 1
2026-03-10 00:54:16,561 INFO o.a.j.e.StandardJMeterEngine: All thread groups have been started
2026-03-10 00:54:16,572 INFO o.a.j.t.JMeterThread: Thread started: Thread Group 1-3
2026-03-10 00:54:16,580 INFO o.a.j.t.JMeterThread: Thread started: Thread Group 1-4
2026-03-10 00:54:16,588 INFO o.a.j.t.JMeterThread: Thread started: Thread Group 1-5
2026-03-10 00:54:16,600 INFO o.a.j.t.JMeterThread: Thread started: Thread Group 1-6
2026-03-10 00:54:16,613 INFO o.a.j.t.JMeterThread: Thread started: Thread Group 1-7
2026-03-10 00:54:16,622 INFO o.a.j.t.JMeterThread: Thread started: Thread Group 1-8
2026-03-10 00:54:16,634 INFO o.a.j.t.JMeterThread: Thread started: Thread Group 1-9
2026-03-10 00:54:16,644 INFO o.a.j.t.JMeterThread: Thread started: Thread Group 1-10
2026-03-10 00:54:16,654 INFO o.a.j.t.JMeterThread: Thread started: Thread Group 1-11
2026-03-10 00:54:16,664 INFO o.a.j.t.JMeterThread: Thread started: Thread Group 1-12
2026-03-10 00:54:16,672 INFO o.a.j.t.JMeterThread: Thread started: Thread Group 1-13
2026-03-10 00:54:16,681 INFO o.a.j.t.JMeterThread: Thread started: Thread Group 1-14
2026-03-10 00:54:16,692 INFO o.a.j.t.JMeterThread: Thread started: Thread Group 1-15
2026-03-10 00:54:16,704 INFO o.a.j.t.JMeterThread: Thread started: Thread Group 1-16
2026-03-10 00:54:16,714 INFO o.a.j.t.JMeterThread: Thread started: Thread Group 1-17
2026-03-10 00:54:16,724 INFO o.a.j.t.JMeterThread: Thread started: Thread Group 1-18
2026-03-10 00:54:16,735 INFO o.a.j.t.JMeterThread: Thread started: Thread Group 1-19
2026-03-10 00:54:16,742 INFO o.a.j.t.JMeterThread: Thread started: Thread Group 1-20
2026-03-10 00:54:16,755 INFO o.a.j.t.JMeterThread: Thread started: Thread Group 1-21
2026-03-10 00:54:16,765 INFO o.a.j.t.JMeterThread: Thread started: Thread Group 1-22
2026-03-10 00:54:16,773 INFO o.a.j.t.JMeterThread: Thread started: Thread Group 1-23
2026-03-10 00:54:16,784 INFO o.a.j.t.JMeterThread: Thread started: Thread Group 1-24
2026-03-10 00:54:16,791 INFO o.a.j.t.JMeterThread: Thread started: Thread Group 1-25
2026-03-10 00:54:16,803 INFO o.a.j.t.JMeterThread: Thread started: Thread Group 1-26
2026-03-10 00:54:16,813 INFO o.a.j.t.JMeterThread: Thread started: Thread Group 1-27
2026-03-10 00:54:16,819 INFO o.a.j.t.JMeterThread: Thread started: Thread Group 1-28
2026-03-10 00:54:16,833 INFO o.a.j.t.JMeterThread: Thread started: Thread Group 1-29
2026-03-10 00:54:16,842 INFO o.a.j.t.JMeterThread: Thread started: Thread Group 1-30
2026-03-10 00:54:16,850 INFO o.a.j.t.JMeterThread: Thread started: Thread Group 1-31
2026-03-10 00:54:16,864 INFO o.a.j.t.JMeterThread: Thread started: Thread Group 1-32
2026-03-10 00:54:16,870 INFO o.a.j.t.JMeterThread: Thread started: Thread Group 1-33
2026-03-10 00:54:16,881 INFO o.a.j.t.JMeterThread: Thread started: Thread Group 1-34
2026-03-10 00:54:16,891 INFO o.a.j.t.JMeterThread: Thread started: Thread Group 1-35
2026-03-10 00:54:16,902 INFO o.a.j.t.JMeterThread: Thread started: Thread Group 1-36
2026-03-10 00:54:16,909 INFO o.a.j.t.JMeterThread: Thread started: Thread Group 1-37
2026-03-10 00:54:16,919 INFO o.a.j.t.JMeterThread: Thread started: Thread Group 1-38
2026-03-10 00:54:16,933 INFO o.a.j.t.JMeterThread: Thread started: Thread Group 1-39
2026-03-10 00:54:16,941 INFO o.a.j.t.JMeterThread: Thread started: Thread Group 1-40
2026-03-10 00:54:16,949 INFO o.a.j.t.JMeterThread: Thread started: Thread Group 1-41
2026-03-10 00:54:16,958 INFO o.a.j.t.JMeterThread: Thread started: Thread Group 1-42
2026-03-10 00:54:16,969 INFO o.a.j.t.JMeterThread: Thread started: Thread Group 1-43
2026-03-10 00:54:16,983 INFO o.a.j.t.JMeterThread: Thread started: Thread Group 1-44
2026-03-10 00:54:16,993 INFO o.a.j.t.JMeterThread: Thread started: Thread Group 1-45
2026-03-10 00:54:17,000 INFO o.a.j.t.JMeterThread: Thread started: Thread Group 1-46
2026-03-10 00:54:17,009 INFO o.a.j.t.JMeterThread: Thread started: Thread Group 1-47
2026-03-10 00:54:17,019 INFO o.a.j.t.JMeterThread: Thread started: Thread Group 1-48
2026-03-10 00:54:17,034 INFO o.a.j.t.JMeterThread: Thread started: Thread Group 1-49
2026-03-10 00:54:17,041 INFO o.a.j.t.JMeterThread: Thread started: Thread Group 1-50
2026-03-10 00:54:17,050 INFO o.a.j.t.JMeterThread: Thread started: Thread Group 1-51
2026-03-10 00:54:17,063 INFO o.a.j.t.JMeterThread: Thread started: Thread Group 1-52
2026-03-10 00:54:17,073 INFO o.a.j.t.JMeterThread: Thread started: Thread Group 1-53
2026-03-10 00:54:17,082 INFO o.a.j.t.JMeterThread: Thread started: Thread Group 1-54
2026-03-10 00:54:17,091 INFO o.a.j.t.JMeterThread: Thread started: Thread Group 1-55
2026-03-10 00:54:17,100 INFO o.a.j.t.JMeterThread: Thread started: Thread Group 1-56
2026-03-10 00:54:17,108 INFO o.a.j.t.JMeterThread: Thread started: Thread Group 1-57
2026-03-10 00:54:17,121 INFO o.a.j.t.JMeterThread: Thread started: Thread Group 1-58
2026-03-10 00:54:17,133 INFO o.a.j.t.JMeterThread: Thread started: Thread Group 1-59
2026-03-10 00:54:17,143 INFO o.a.j.t.JMeterThread: Thread started: Thread Group 1-60
2026-03-10 00:54:17,153 INFO o.a.j.t.JMeterThread: Thread started: Thread Group 1-61
2026-03-10 00:54:17,158 INFO o.a.j.t.JMeterThread: Thread started: Thread Group 1-62
2026-03-10 00:54:17,173 INFO o.a.j.t.JMeterThread: Thread started: Thread Group 1-63
2026-03-10 00:54:17,183 INFO o.a.j.t.JMeterThread: Thread started: Thread Group 1-64
2026-03-10 00:54:17,191 INFO o.a.j.t.JMeterThread: Thread started: Thread Group 1-65
2026-03-10 00:54:17,200 INFO o.a.j.t.JMeterThread: Thread started: Thread Group 1-66
2026-03-10 00:54:17,213 INFO o.a.j.t.JMeterThread: Thread started: Thread Group 1-67
2026-03-10 00:54:17,224 INFO o.a.j.t.JMeterThread: Thread started: Thread Group 1-68
2026-03-10 00:54:17,233 INFO o.a.j.t.JMeterThread: Thread started: Thread Group 1-69
2026-03-10 00:54:17,243 INFO o.a.j.t.JMeterThread: Thread started: Thread Group 1-70
2026-03-10 00:54:17,252 INFO o.a.j.t.JMeterThread: Thread started: Thread Group 1-71
2026-03-10 00:54:17,263 INFO o.a.j.t.JMeterThread: Thread started: Thread Group 1-72
2026-03-10 00:54:17,273 INFO o.a.j.t.JMeterThread: Thread started: Thread Group 1-73
2026-03-10 00:54:17,284 INFO o.a.j.t.JMeterThread: Thread started: Thread Group 1-74
2026-03-10 00:54:17,293 INFO o.a.j.t.JMeterThread: Thread started: Thread Group 1-75
2026-03-10 00:54:17,299 INFO o.a.j.t.JMeterThread: Thread started: Thread Group 1-76
2026-03-10 00:54:17,314 INFO o.a.j.t.JMeterThread: Thread started: Thread Group 1-77
2026-03-10 00:54:17,318 INFO o.a.j.t.JMeterThread: Thread started: Thread Group 1-78
2026-03-10 00:54:17,333 INFO o.a.j.t.JMeterThread: Thread started: Thread Group 1-79
2026-03-10 00:54:17,341 INFO o.a.j.t.JMeterThread: Thread started: Thread Group 1-80
2026-03-10 00:54:17,350 INFO o.a.j.t.JMeterThread: Thread started: Thread Group 1-81
2026-03-10 00:54:17,358 INFO o.a.j.t.JMeterThread: Thread started: Thread Group 1-82
2026-03-10 00:54:17,373 INFO o.a.j.t.JMeterThread: Thread started: Thread Group 1-83
2026-03-10 00:54:17,383 INFO o.a.j.t.JMeterThread: Thread started: Thread Group 1-84
2026-03-10 00:54:17,393 INFO o.a.j.t.JMeterThread: Thread started: Thread Group 1-85
2026-03-10 00:54:17,404 INFO o.a.j.t.JMeterThread: Thread started: Thread Group 1-86
2026-03-10 00:54:17,413 INFO o.a.j.t.JMeterThread: Thread started: Thread Group 1-87
2026-03-10 00:54:17,423 INFO o.a.j.t.JMeterThread: Thread started: Thread Group 1-88
2026-03-10 00:54:17,433 INFO o.a.j.t.JMeterThread: Thread started: Thread Group 1-89
2026-03-10 00:54:17,443 INFO o.a.j.t.JMeterThread: Thread started: Thread Group 1-90
2026-03-10 00:54:17,453 INFO o.a.j.t.JMeterThread: Thread started: Thread Group 1-91
2026-03-10 00:54:17,463 INFO o.a.j.t.JMeterThread: Thread started: Thread Group 1-92
2026-03-10 00:54:17,473 INFO o.a.j.t.JMeterThread: Thread started: Thread Group 1-93
2026-03-10 00:54:17,483 INFO o.a.j.t.JMeterThread: Thread started: Thread Group 1-94
2026-03-10 00:54:17,493 INFO o.a.j.t.JMeterThread: Thread started: Thread Group 1-95
2026-03-10 00:54:17,500 INFO o.a.j.t.JMeterThread: Thread started: Thread Group 1-96
2026-03-10 00:54:17,513 INFO o.a.j.t.JMeterThread: Thread started: Thread Group 1-97
2026-03-10 00:54:17,523 INFO o.a.j.t.JMeterThread: Thread started: Thread Group 1-98
2026-03-10 00:54:17,533 INFO o.a.j.t.JMeterThread: Thread started: Thread Group 1-99
2026-03-10 00:54:17,541 INFO o.a.j.t.JMeterThread: Thread started: Thread Group 1-100
2026-03-10 00:54:17,609 INFO o.a.j.t.JMeterThread: Stop Thread seen for thread Thread Group 1-48, reason: org.apache.jorphan.util.JMeterStopThreadException: End of file:/Users/gimhuiheon/Documents/study/java-multi-threading/resources/throughput/search_words.csv detected for CSV DataSet:CSV Data Set Config configured with stopThread:true, recycle:false
2026-03-10 00:54:17,609 INFO o.a.j.t.JMeterThread: Stop Thread seen for thread Thread Group 1-63, reason: org.apache.jorphan.util.JMeterStopThreadException: End of file:/Users/gimhuiheon/Documents/study/java-multi-threading/resources/throughput/search_words.csv detected for CSV DataSet:CSV Data Set Config configured with stopThread:true, recycle:false
2026-03-10 00:54:17,609 INFO o.a.j.t.JMeterThread: Stop Thread seen for thread Thread Group 1-1, reason: org.apache.jorphan.util.JMeterStopThreadException: End of file:/Users/gimhuiheon/Documents/study/java-multi-threading/resources/throughput/search_words.csv detected for CSV DataSet:CSV Data Set Config configured with stopThread:true, recycle:false
2026-03-10 00:54:17,609 INFO o.a.j.t.JMeterThread: Thread finished: Thread Group 1-48
2026-03-10 00:54:17,609 INFO o.a.j.t.JMeterThread: Thread finished: Thread Group 1-63
2026-03-10 00:54:17,609 INFO o.a.j.t.JMeterThread: Thread finished: Thread Group 1-1
2026-03-10 00:54:17,609 INFO o.a.j.t.JMeterThread: Stop Thread seen for thread Thread Group 1-84, reason: org.apache.jorphan.util.JMeterStopThreadException: End of file:/Users/gimhuiheon/Documents/study/java-multi-threading/resources/throughput/search_words.csv detected for CSV DataSet:CSV Data Set Config configured with stopThread:true, recycle:false
2026-03-10 00:54:17,609 INFO o.a.j.t.JMeterThread: Thread finished: Thread Group 1-84
2026-03-10 00:54:17,611 INFO o.a.j.t.JMeterThread: Stop Thread seen for thread Thread Group 1-4, reason: org.apache.jorphan.util.JMeterStopThreadException: End of file:/Users/gimhuiheon/Documents/study/java-multi-threading/resources/throughput/search_words.csv detected for CSV DataSet:CSV Data Set Config configured with stopThread:true, recycle:false
2026-03-10 00:54:17,611 INFO o.a.j.t.JMeterThread: Stop Thread seen for thread Thread Group 1-56, reason: org.apache.jorphan.util.JMeterStopThreadException: End of file:/Users/gimhuiheon/Documents/study/java-multi-threading/resources/throughput/search_words.csv detected for CSV DataSet:CSV Data Set Config configured with stopThread:true, recycle:false
2026-03-10 00:54:17,611 INFO o.a.j.t.JMeterThread: Stop Thread seen for thread Thread Group 1-26, reason: org.apache.jorphan.util.JMeterStopThreadException: End of file:/Users/gimhuiheon/Documents/study/java-multi-threading/resources/throughput/search_words.csv detected for CSV DataSet:CSV Data Set Config configured with stopThread:true, recycle:false
2026-03-10 00:54:17,611 INFO o.a.j.t.JMeterThread: Thread finished: Thread Group 1-4
2026-03-10 00:54:17,611 INFO o.a.j.t.JMeterThread: Thread finished: Thread Group 1-56
2026-03-10 00:54:17,611 INFO o.a.j.t.JMeterThread: Thread finished: Thread Group 1-26
2026-03-10 00:54:17,612 INFO o.a.j.t.JMeterThread: Stop Thread seen for thread Thread Group 1-10, reason: org.apache.jorphan.util.JMeterStopThreadException: End of file:/Users/gimhuiheon/Documents/study/java-multi-threading/resources/throughput/search_words.csv detected for CSV DataSet:CSV Data Set Config configured with stopThread:true, recycle:false
2026-03-10 00:54:17,612 INFO o.a.j.t.JMeterThread: Stop Thread seen for thread Thread Group 1-86, reason: org.apache.jorphan.util.JMeterStopThreadException: End of file:/Users/gimhuiheon/Documents/study/java-multi-threading/resources/throughput/search_words.csv detected for CSV DataSet:CSV Data Set Config configured with stopThread:true, recycle:false
2026-03-10 00:54:17,612 INFO o.a.j.t.JMeterThread: Thread finished: Thread Group 1-10
2026-03-10 00:54:17,612 INFO o.a.j.t.JMeterThread: Thread finished: Thread Group 1-86
2026-03-10 00:54:17,612 INFO o.a.j.t.JMeterThread: Stop Thread seen for thread Thread Group 1-52, reason: org.apache.jorphan.util.JMeterStopThreadException: End of file:/Users/gimhuiheon/Documents/study/java-multi-threading/resources/throughput/search_words.csv detected for CSV DataSet:CSV Data Set Config configured with stopThread:true, recycle:false
2026-03-10 00:54:17,612 INFO o.a.j.t.JMeterThread: Thread finished: Thread Group 1-52
2026-03-10 00:54:17,613 INFO o.a.j.t.JMeterThread: Stop Thread seen for thread Thread Group 1-61, reason: org.apache.jorphan.util.JMeterStopThreadException: End of file:/Users/gimhuiheon/Documents/study/java-multi-threading/resources/throughput/search_words.csv detected for CSV DataSet:CSV Data Set Config configured with stopThread:true, recycle:false
2026-03-10 00:54:17,613 INFO o.a.j.t.JMeterThread: Thread finished: Thread Group 1-61
2026-03-10 00:54:17,613 INFO o.a.j.t.JMeterThread: Stop Thread seen for thread Thread Group 1-97, reason: org.apache.jorphan.util.JMeterStopThreadException: End of file:/Users/gimhuiheon/Documents/study/java-multi-threading/resources/throughput/search_words.csv detected for CSV DataSet:CSV Data Set Config configured with stopThread:true, recycle:false
2026-03-10 00:54:17,613 INFO o.a.j.t.JMeterThread: Thread finished: Thread Group 1-97
2026-03-10 00:54:17,613 INFO o.a.j.t.JMeterThread: Stop Thread seen for thread Thread Group 1-80, reason: org.apache.jorphan.util.JMeterStopThreadException: End of file:/Users/gimhuiheon/Documents/study/java-multi-threading/resources/throughput/search_words.csv detected for CSV DataSet:CSV Data Set Config configured with stopThread:true, recycle:false
2026-03-10 00:54:17,613 INFO o.a.j.t.JMeterThread: Thread finished: Thread Group 1-80
2026-03-10 00:54:17,614 INFO o.a.j.t.JMeterThread: Stop Thread seen for thread Thread Group 1-46, reason: org.apache.jorphan.util.JMeterStopThreadException: End of file:/Users/gimhuiheon/Documents/study/java-multi-threading/resources/throughput/search_words.csv detected for CSV DataSet:CSV Data Set Config configured with stopThread:true, recycle:false
2026-03-10 00:54:17,614 INFO o.a.j.t.JMeterThread: Stop Thread seen for thread Thread Group 1-2, reason: org.apache.jorphan.util.JMeterStopThreadException: End of file:/Users/gimhuiheon/Documents/study/java-multi-threading/resources/throughput/search_words.csv detected for CSV DataSet:CSV Data Set Config configured with stopThread:true, recycle:false
2026-03-10 00:54:17,614 INFO o.a.j.t.JMeterThread: Thread finished: Thread Group 1-46
2026-03-10 00:54:17,614 INFO o.a.j.t.JMeterThread: Thread finished: Thread Group 1-2
2026-03-10 00:54:17,615 INFO o.a.j.t.JMeterThread: Stop Thread seen for thread Thread Group 1-58, reason: org.apache.jorphan.util.JMeterStopThreadException: End of file:/Users/gimhuiheon/Documents/study/java-multi-threading/resources/throughput/search_words.csv detected for CSV DataSet:CSV Data Set Config configured with stopThread:true, recycle:false
2026-03-10 00:54:17,615 INFO o.a.j.t.JMeterThread: Thread finished: Thread Group 1-58
2026-03-10 00:54:17,615 INFO o.a.j.t.JMeterThread: Stop Thread seen for thread Thread Group 1-43, reason: org.apache.jorphan.util.JMeterStopThreadException: End of file:/Users/gimhuiheon/Documents/study/java-multi-threading/resources/throughput/search_words.csv detected for CSV DataSet:CSV Data Set Config configured with stopThread:true, recycle:false
2026-03-10 00:54:17,615 INFO o.a.j.t.JMeterThread: Thread finished: Thread Group 1-43
2026-03-10 00:54:17,615 INFO o.a.j.t.JMeterThread: Stop Thread seen for thread Thread Group 1-14, reason: org.apache.jorphan.util.JMeterStopThreadException: End of file:/Users/gimhuiheon/Documents/study/java-multi-threading/resources/throughput/search_words.csv detected for CSV DataSet:CSV Data Set Config configured with stopThread:true, recycle:false
2026-03-10 00:54:17,615 INFO o.a.j.t.JMeterThread: Thread finished: Thread Group 1-14
2026-03-10 00:54:17,616 INFO o.a.j.t.JMeterThread: Stop Thread seen for thread Thread Group 1-92, reason: org.apache.jorphan.util.JMeterStopThreadException: End of file:/Users/gimhuiheon/Documents/study/java-multi-threading/resources/throughput/search_words.csv detected for CSV DataSet:CSV Data Set Config configured with stopThread:true, recycle:false
2026-03-10 00:54:17,616 INFO o.a.j.t.JMeterThread: Thread finished: Thread Group 1-92
2026-03-10 00:54:17,617 INFO o.a.j.t.JMeterThread: Stop Thread seen for thread Thread Group 1-49, reason: org.apache.jorphan.util.JMeterStopThreadException: End of file:/Users/gimhuiheon/Documents/study/java-multi-threading/resources/throughput/search_words.csv detected for CSV DataSet:CSV Data Set Config configured with stopThread:true, recycle:false
2026-03-10 00:54:17,617 INFO o.a.j.t.JMeterThread: Thread finished: Thread Group 1-49
2026-03-10 00:54:17,617 INFO o.a.j.t.JMeterThread: Stop Thread seen for thread Thread Group 1-36, reason: org.apache.jorphan.util.JMeterStopThreadException: End of file:/Users/gimhuiheon/Documents/study/java-multi-threading/resources/throughput/search_words.csv detected for CSV DataSet:CSV Data Set Config configured with stopThread:true, recycle:false
2026-03-10 00:54:17,617 INFO o.a.j.t.JMeterThread: Thread finished: Thread Group 1-36
2026-03-10 00:54:17,618 INFO o.a.j.t.JMeterThread: Stop Thread seen for thread Thread Group 1-6, reason: org.apache.jorphan.util.JMeterStopThreadException: End of file:/Users/gimhuiheon/Documents/study/java-multi-threading/resources/throughput/search_words.csv detected for CSV DataSet:CSV Data Set Config configured with stopThread:true, recycle:false
2026-03-10 00:54:17,618 INFO o.a.j.t.JMeterThread: Thread finished: Thread Group 1-6
2026-03-10 00:54:17,618 INFO o.a.j.t.JMeterThread: Stop Thread seen for thread Thread Group 1-64, reason: org.apache.jorphan.util.JMeterStopThreadException: End of file:/Users/gimhuiheon/Documents/study/java-multi-threading/resources/throughput/search_words.csv detected for CSV DataSet:CSV Data Set Config configured with stopThread:true, recycle:false
2026-03-10 00:54:17,618 INFO o.a.j.t.JMeterThread: Thread finished: Thread Group 1-64
2026-03-10 00:54:17,619 INFO o.a.j.t.JMeterThread: Stop Thread seen for thread Thread Group 1-51, reason: org.apache.jorphan.util.JMeterStopThreadException: End of file:/Users/gimhuiheon/Documents/study/java-multi-threading/resources/throughput/search_words.csv detected for CSV DataSet:CSV Data Set Config configured with stopThread:true, recycle:false
2026-03-10 00:54:17,619 INFO o.a.j.t.JMeterThread: Thread finished: Thread Group 1-51
2026-03-10 00:54:17,620 INFO o.a.j.t.JMeterThread: Stop Thread seen for thread Thread Group 1-9, reason: org.apache.jorphan.util.JMeterStopThreadException: End of file:/Users/gimhuiheon/Documents/study/java-multi-threading/resources/throughput/search_words.csv detected for CSV DataSet:CSV Data Set Config configured with stopThread:true, recycle:false
2026-03-10 00:54:17,620 INFO o.a.j.t.JMeterThread: Thread finished: Thread Group 1-9
2026-03-10 00:54:17,621 INFO o.a.j.t.JMeterThread: Stop Thread seen for thread Thread Group 1-13, reason: org.apache.jorphan.util.JMeterStopThreadException: End of file:/Users/gimhuiheon/Documents/study/java-multi-threading/resources/throughput/search_words.csv detected for CSV DataSet:CSV Data Set Config configured with stopThread:true, recycle:false
2026-03-10 00:54:17,621 INFO o.a.j.t.JMeterThread: Thread finished: Thread Group 1-13
2026-03-10 00:54:17,622 INFO o.a.j.t.JMeterThread: Stop Thread seen for thread Thread Group 1-89, reason: org.apache.jorphan.util.JMeterStopThreadException: End of file:/Users/gimhuiheon/Documents/study/java-multi-threading/resources/throughput/search_words.csv detected for CSV DataSet:CSV Data Set Config configured with stopThread:true, recycle:false
2026-03-10 00:54:17,622 INFO o.a.j.t.JMeterThread: Thread finished: Thread Group 1-89
2026-03-10 00:54:17,622 INFO o.a.j.t.JMeterThread: Stop Thread seen for thread Thread Group 1-88, reason: org.apache.jorphan.util.JMeterStopThreadException: End of file:/Users/gimhuiheon/Documents/study/java-multi-threading/resources/throughput/search_words.csv detected for CSV DataSet:CSV Data Set Config configured with stopThread:true, recycle:false
2026-03-10 00:54:17,622 INFO o.a.j.t.JMeterThread: Thread finished: Thread Group 1-88
2026-03-10 00:54:17,623 INFO o.a.j.t.JMeterThread: Stop Thread seen for thread Thread Group 1-81, reason: org.apache.jorphan.util.JMeterStopThreadException: End of file:/Users/gimhuiheon/Documents/study/java-multi-threading/resources/throughput/search_words.csv detected for CSV DataSet:CSV Data Set Config configured with stopThread:true, recycle:false
2026-03-10 00:54:17,623 INFO o.a.j.t.JMeterThread: Thread finished: Thread Group 1-81
2026-03-10 00:54:17,623 INFO o.a.j.t.JMeterThread: Stop Thread seen for thread Thread Group 1-16, reason: org.apache.jorphan.util.JMeterStopThreadException: End of file:/Users/gimhuiheon/Documents/study/java-multi-threading/resources/throughput/search_words.csv detected for CSV DataSet:CSV Data Set Config configured with stopThread:true, recycle:false
2026-03-10 00:54:17,623 INFO o.a.j.t.JMeterThread: Thread finished: Thread Group 1-16
2026-03-10 00:54:17,624 INFO o.a.j.t.JMeterThread: Stop Thread seen for thread Thread Group 1-11, reason: org.apache.jorphan.util.JMeterStopThreadException: End of file:/Users/gimhuiheon/Documents/study/java-multi-threading/resources/throughput/search_words.csv detected for CSV DataSet:CSV Data Set Config configured with stopThread:true, recycle:false
2026-03-10 00:54:17,624 INFO o.a.j.t.JMeterThread: Thread finished: Thread Group 1-11
2026-03-10 00:54:17,624 INFO o.a.j.t.JMeterThread: Stop Thread seen for thread Thread Group 1-73, reason: org.apache.jorphan.util.JMeterStopThreadException: End of file:/Users/gimhuiheon/Documents/study/java-multi-threading/resources/throughput/search_words.csv detected for CSV DataSet:CSV Data Set Config configured with stopThread:true, recycle:false
2026-03-10 00:54:17,624 INFO o.a.j.t.JMeterThread: Thread finished: Thread Group 1-73
2026-03-10 00:54:17,625 INFO o.a.j.t.JMeterThread: Stop Thread seen for thread Thread Group 1-45, reason: org.apache.jorphan.util.JMeterStopThreadException: End of file:/Users/gimhuiheon/Documents/study/java-multi-threading/resources/throughput/search_words.csv detected for CSV DataSet:CSV Data Set Config configured with stopThread:true, recycle:false
2026-03-10 00:54:17,625 INFO o.a.j.t.JMeterThread: Thread finished: Thread Group 1-45
2026-03-10 00:54:17,625 INFO o.a.j.t.JMeterThread: Stop Thread seen for thread Thread Group 1-40, reason: org.apache.jorphan.util.JMeterStopThreadException: End of file:/Users/gimhuiheon/Documents/study/java-multi-threading/resources/throughput/search_words.csv detected for CSV DataSet:CSV Data Set Config configured with stopThread:true, recycle:false
2026-03-10 00:54:17,625 INFO o.a.j.t.JMeterThread: Thread finished: Thread Group 1-40
2026-03-10 00:54:17,625 INFO o.a.j.t.JMeterThread: Stop Thread seen for thread Thread Group 1-3, reason: org.apache.jorphan.util.JMeterStopThreadException: End of file:/Users/gimhuiheon/Documents/study/java-multi-threading/resources/throughput/search_words.csv detected for CSV DataSet:CSV Data Set Config configured with stopThread:true, recycle:false
2026-03-10 00:54:17,625 INFO o.a.j.t.JMeterThread: Thread finished: Thread Group 1-3
2026-03-10 00:54:17,626 INFO o.a.j.t.JMeterThread: Stop Thread seen for thread Thread Group 1-55, reason: org.apache.jorphan.util.JMeterStopThreadException: End of file:/Users/gimhuiheon/Documents/study/java-multi-threading/resources/throughput/search_words.csv detected for CSV DataSet:CSV Data Set Config configured with stopThread:true, recycle:false
2026-03-10 00:54:17,626 INFO o.a.j.t.JMeterThread: Thread finished: Thread Group 1-55
2026-03-10 00:54:17,627 INFO o.a.j.t.JMeterThread: Stop Thread seen for thread Thread Group 1-94, reason: org.apache.jorphan.util.JMeterStopThreadException: End of file:/Users/gimhuiheon/Documents/study/java-multi-threading/resources/throughput/search_words.csv detected for CSV DataSet:CSV Data Set Config configured with stopThread:true, recycle:false
2026-03-10 00:54:17,627 INFO o.a.j.t.JMeterThread: Thread finished: Thread Group 1-94
2026-03-10 00:54:17,627 INFO o.a.j.t.JMeterThread: Stop Thread seen for thread Thread Group 1-65, reason: org.apache.jorphan.util.JMeterStopThreadException: End of file:/Users/gimhuiheon/Documents/study/java-multi-threading/resources/throughput/search_words.csv detected for CSV DataSet:CSV Data Set Config configured with stopThread:true, recycle:false
2026-03-10 00:54:17,627 INFO o.a.j.t.JMeterThread: Thread finished: Thread Group 1-65
2026-03-10 00:54:17,628 INFO o.a.j.t.JMeterThread: Stop Thread seen for thread Thread Group 1-21, reason: org.apache.jorphan.util.JMeterStopThreadException: End of file:/Users/gimhuiheon/Documents/study/java-multi-threading/resources/throughput/search_words.csv detected for CSV DataSet:CSV Data Set Config configured with stopThread:true, recycle:false
2026-03-10 00:54:17,628 INFO o.a.j.t.JMeterThread: Thread finished: Thread Group 1-21
2026-03-10 00:54:17,628 INFO o.a.j.t.JMeterThread: Stop Thread seen for thread Thread Group 1-85, reason: org.apache.jorphan.util.JMeterStopThreadException: End of file:/Users/gimhuiheon/Documents/study/java-multi-threading/resources/throughput/search_words.csv detected for CSV DataSet:CSV Data Set Config configured with stopThread:true, recycle:false
2026-03-10 00:54:17,628 INFO o.a.j.t.JMeterThread: Thread finished: Thread Group 1-85
2026-03-10 00:54:17,628 INFO o.a.j.t.JMeterThread: Stop Thread seen for thread Thread Group 1-34, reason: org.apache.jorphan.util.JMeterStopThreadException: End of file:/Users/gimhuiheon/Documents/study/java-multi-threading/resources/throughput/search_words.csv detected for CSV DataSet:CSV Data Set Config configured with stopThread:true, recycle:false
2026-03-10 00:54:17,628 INFO o.a.j.t.JMeterThread: Thread finished: Thread Group 1-34
2026-03-10 00:54:17,629 INFO o.a.j.t.JMeterThread: Stop Thread seen for thread Thread Group 1-38, reason: org.apache.jorphan.util.JMeterStopThreadException: End of file:/Users/gimhuiheon/Documents/study/java-multi-threading/resources/throughput/search_words.csv detected for CSV DataSet:CSV Data Set Config configured with stopThread:true, recycle:false
2026-03-10 00:54:17,629 INFO o.a.j.t.JMeterThread: Thread finished: Thread Group 1-38
2026-03-10 00:54:17,629 INFO o.a.j.t.JMeterThread: Stop Thread seen for thread Thread Group 1-5, reason: org.apache.jorphan.util.JMeterStopThreadException: End of file:/Users/gimhuiheon/Documents/study/java-multi-threading/resources/throughput/search_words.csv detected for CSV DataSet:CSV Data Set Config configured with stopThread:true, recycle:false
2026-03-10 00:54:17,629 INFO o.a.j.t.JMeterThread: Thread finished: Thread Group 1-5
2026-03-10 00:54:17,629 INFO o.a.j.t.JMeterThread: Stop Thread seen for thread Thread Group 1-62, reason: org.apache.jorphan.util.JMeterStopThreadException: End of file:/Users/gimhuiheon/Documents/study/java-multi-threading/resources/throughput/search_words.csv detected for CSV DataSet:CSV Data Set Config configured with stopThread:true, recycle:false
2026-03-10 00:54:17,629 INFO o.a.j.t.JMeterThread: Thread finished: Thread Group 1-62
2026-03-10 00:54:17,630 INFO o.a.j.t.JMeterThread: Stop Thread seen for thread Thread Group 1-28, reason: org.apache.jorphan.util.JMeterStopThreadException: End of file:/Users/gimhuiheon/Documents/study/java-multi-threading/resources/throughput/search_words.csv detected for CSV DataSet:CSV Data Set Config configured with stopThread:true, recycle:false
2026-03-10 00:54:17,630 INFO o.a.j.t.JMeterThread: Thread finished: Thread Group 1-28
2026-03-10 00:54:17,631 INFO o.a.j.t.JMeterThread: Stop Thread seen for thread Thread Group 1-12, reason: org.apache.jorphan.util.JMeterStopThreadException: End of file:/Users/gimhuiheon/Documents/study/java-multi-threading/resources/throughput/search_words.csv detected for CSV DataSet:CSV Data Set Config configured with stopThread:true, recycle:false
2026-03-10 00:54:17,631 INFO o.a.j.t.JMeterThread: Thread finished: Thread Group 1-12
2026-03-10 00:54:17,631 INFO o.a.j.t.JMeterThread: Stop Thread seen for thread Thread Group 1-83, reason: org.apache.jorphan.util.JMeterStopThreadException: End of file:/Users/gimhuiheon/Documents/study/java-multi-threading/resources/throughput/search_words.csv detected for CSV DataSet:CSV Data Set Config configured with stopThread:true, recycle:false
2026-03-10 00:54:17,631 INFO o.a.j.t.JMeterThread: Thread finished: Thread Group 1-83
2026-03-10 00:54:17,631 INFO o.a.j.t.JMeterThread: Stop Thread seen for thread Thread Group 1-37, reason: org.apache.jorphan.util.JMeterStopThreadException: End of file:/Users/gimhuiheon/Documents/study/java-multi-threading/resources/throughput/search_words.csv detected for CSV DataSet:CSV Data Set Config configured with stopThread:true, recycle:false
2026-03-10 00:54:17,631 INFO o.a.j.t.JMeterThread: Thread finished: Thread Group 1-37
2026-03-10 00:54:17,632 INFO o.a.j.t.JMeterThread: Stop Thread seen for thread Thread Group 1-7, reason: org.apache.jorphan.util.JMeterStopThreadException: End of file:/Users/gimhuiheon/Documents/study/java-multi-threading/resources/throughput/search_words.csv detected for CSV DataSet:CSV Data Set Config configured with stopThread:true, recycle:false
2026-03-10 00:54:17,632 INFO o.a.j.t.JMeterThread: Thread finished: Thread Group 1-7
2026-03-10 00:54:17,632 INFO o.a.j.t.JMeterThread: Stop Thread seen for thread Thread Group 1-25, reason: org.apache.jorphan.util.JMeterStopThreadException: End of file:/Users/gimhuiheon/Documents/study/java-multi-threading/resources/throughput/search_words.csv detected for CSV DataSet:CSV Data Set Config configured with stopThread:true, recycle:false
2026-03-10 00:54:17,632 INFO o.a.j.t.JMeterThread: Thread finished: Thread Group 1-25
2026-03-10 00:54:17,633 INFO o.a.j.t.JMeterThread: Stop Thread seen for thread Thread Group 1-90, reason: org.apache.jorphan.util.JMeterStopThreadException: End of file:/Users/gimhuiheon/Documents/study/java-multi-threading/resources/throughput/search_words.csv detected for CSV DataSet:CSV Data Set Config configured with stopThread:true, recycle:false
2026-03-10 00:54:17,633 INFO o.a.j.t.JMeterThread: Thread finished: Thread Group 1-90
2026-03-10 00:54:17,633 INFO o.a.j.t.JMeterThread: Stop Thread seen for thread Thread Group 1-82, reason: org.apache.jorphan.util.JMeterStopThreadException: End of file:/Users/gimhuiheon/Documents/study/java-multi-threading/resources/throughput/search_words.csv detected for CSV DataSet:CSV Data Set Config configured with stopThread:true, recycle:false
2026-03-10 00:54:17,633 INFO o.a.j.t.JMeterThread: Thread finished: Thread Group 1-82
2026-03-10 00:54:17,633 INFO o.a.j.t.JMeterThread: Stop Thread seen for thread Thread Group 1-99, reason: org.apache.jorphan.util.JMeterStopThreadException: End of file:/Users/gimhuiheon/Documents/study/java-multi-threading/resources/throughput/search_words.csv detected for CSV DataSet:CSV Data Set Config configured with stopThread:true, recycle:false
2026-03-10 00:54:17,634 INFO o.a.j.t.JMeterThread: Thread finished: Thread Group 1-99
2026-03-10 00:54:17,634 INFO o.a.j.t.JMeterThread: Stop Thread seen for thread Thread Group 1-29, reason: org.apache.jorphan.util.JMeterStopThreadException: End of file:/Users/gimhuiheon/Documents/study/java-multi-threading/resources/throughput/search_words.csv detected for CSV DataSet:CSV Data Set Config configured with stopThread:true, recycle:false
2026-03-10 00:54:17,634 INFO o.a.j.t.JMeterThread: Thread finished: Thread Group 1-29
2026-03-10 00:54:17,634 INFO o.a.j.t.JMeterThread: Stop Thread seen for thread Thread Group 1-76, reason: org.apache.jorphan.util.JMeterStopThreadException: End of file:/Users/gimhuiheon/Documents/study/java-multi-threading/resources/throughput/search_words.csv detected for CSV DataSet:CSV Data Set Config configured with stopThread:true, recycle:false
2026-03-10 00:54:17,634 INFO o.a.j.t.JMeterThread: Thread finished: Thread Group 1-76
2026-03-10 00:54:17,634 INFO o.a.j.t.JMeterThread: Stop Thread seen for thread Thread Group 1-77, reason: org.apache.jorphan.util.JMeterStopThreadException: End of file:/Users/gimhuiheon/Documents/study/java-multi-threading/resources/throughput/search_words.csv detected for CSV DataSet:CSV Data Set Config configured with stopThread:true, recycle:false
2026-03-10 00:54:17,635 INFO o.a.j.t.JMeterThread: Thread finished: Thread Group 1-77
2026-03-10 00:54:17,635 INFO o.a.j.t.JMeterThread: Stop Thread seen for thread Thread Group 1-39, reason: org.apache.jorphan.util.JMeterStopThreadException: End of file:/Users/gimhuiheon/Documents/study/java-multi-threading/resources/throughput/search_words.csv detected for CSV DataSet:CSV Data Set Config configured with stopThread:true, recycle:false
2026-03-10 00:54:17,635 INFO o.a.j.t.JMeterThread: Thread finished: Thread Group 1-39
2026-03-10 00:54:17,635 INFO o.a.j.t.JMeterThread: Stop Thread seen for thread Thread Group 1-93, reason: org.apache.jorphan.util.JMeterStopThreadException: End of file:/Users/gimhuiheon/Documents/study/java-multi-threading/resources/throughput/search_words.csv detected for CSV DataSet:CSV Data Set Config configured with stopThread:true, recycle:false
2026-03-10 00:54:17,635 INFO o.a.j.t.JMeterThread: Thread finished: Thread Group 1-93
2026-03-10 00:54:17,636 INFO o.a.j.t.JMeterThread: Stop Thread seen for thread Thread Group 1-78, reason: org.apache.jorphan.util.JMeterStopThreadException: End of file:/Users/gimhuiheon/Documents/study/java-multi-threading/resources/throughput/search_words.csv detected for CSV DataSet:CSV Data Set Config configured with stopThread:true, recycle:false
2026-03-10 00:54:17,636 INFO o.a.j.t.JMeterThread: Thread finished: Thread Group 1-78
2026-03-10 00:54:17,637 INFO o.a.j.t.JMeterThread: Stop Thread seen for thread Thread Group 1-66, reason: org.apache.jorphan.util.JMeterStopThreadException: End of file:/Users/gimhuiheon/Documents/study/java-multi-threading/resources/throughput/search_words.csv detected for CSV DataSet:CSV Data Set Config configured with stopThread:true, recycle:false
2026-03-10 00:54:17,637 INFO o.a.j.t.JMeterThread: Thread finished: Thread Group 1-66
2026-03-10 00:54:17,637 INFO o.a.j.t.JMeterThread: Stop Thread seen for thread Thread Group 1-79, reason: org.apache.jorphan.util.JMeterStopThreadException: End of file:/Users/gimhuiheon/Documents/study/java-multi-threading/resources/throughput/search_words.csv detected for CSV DataSet:CSV Data Set Config configured with stopThread:true, recycle:false
2026-03-10 00:54:17,637 INFO o.a.j.t.JMeterThread: Thread finished: Thread Group 1-79
2026-03-10 00:54:17,637 INFO o.a.j.t.JMeterThread: Stop Thread seen for thread Thread Group 1-69, reason: org.apache.jorphan.util.JMeterStopThreadException: End of file:/Users/gimhuiheon/Documents/study/java-multi-threading/resources/throughput/search_words.csv detected for CSV DataSet:CSV Data Set Config configured with stopThread:true, recycle:false
2026-03-10 00:54:17,638 INFO o.a.j.t.JMeterThread: Thread finished: Thread Group 1-69
2026-03-10 00:54:17,638 INFO o.a.j.t.JMeterThread: Stop Thread seen for thread Thread Group 1-75, reason: org.apache.jorphan.util.JMeterStopThreadException: End of file:/Users/gimhuiheon/Documents/study/java-multi-threading/resources/throughput/search_words.csv detected for CSV DataSet:CSV Data Set Config configured with stopThread:true, recycle:false
2026-03-10 00:54:17,638 INFO o.a.j.t.JMeterThread: Thread finished: Thread Group 1-75
2026-03-10 00:54:17,638 INFO o.a.j.t.JMeterThread: Stop Thread seen for thread Thread Group 1-41, reason: org.apache.jorphan.util.JMeterStopThreadException: End of file:/Users/gimhuiheon/Documents/study/java-multi-threading/resources/throughput/search_words.csv detected for CSV DataSet:CSV Data Set Config configured with stopThread:true, recycle:false
2026-03-10 00:54:17,638 INFO o.a.j.t.JMeterThread: Thread finished: Thread Group 1-41
2026-03-10 00:54:17,639 INFO o.a.j.t.JMeterThread: Stop Thread seen for thread Thread Group 1-20, reason: org.apache.jorphan.util.JMeterStopThreadException: End of file:/Users/gimhuiheon/Documents/study/java-multi-threading/resources/throughput/search_words.csv detected for CSV DataSet:CSV Data Set Config configured with stopThread:true, recycle:false
2026-03-10 00:54:17,639 INFO o.a.j.t.JMeterThread: Thread finished: Thread Group 1-20
2026-03-10 00:54:17,639 INFO o.a.j.t.JMeterThread: Stop Thread seen for thread Thread Group 1-53, reason: org.apache.jorphan.util.JMeterStopThreadException: End of file:/Users/gimhuiheon/Documents/study/java-multi-threading/resources/throughput/search_words.csv detected for CSV DataSet:CSV Data Set Config configured with stopThread:true, recycle:false
2026-03-10 00:54:17,639 INFO o.a.j.t.JMeterThread: Thread finished: Thread Group 1-53
2026-03-10 00:54:17,640 INFO o.a.j.t.JMeterThread: Stop Thread seen for thread Thread Group 1-91, reason: org.apache.jorphan.util.JMeterStopThreadException: End of file:/Users/gimhuiheon/Documents/study/java-multi-threading/resources/throughput/search_words.csv detected for CSV DataSet:CSV Data Set Config configured with stopThread:true, recycle:false
2026-03-10 00:54:17,640 INFO o.a.j.t.JMeterThread: Stop Thread seen for thread Thread Group 1-42, reason: org.apache.jorphan.util.JMeterStopThreadException: End of file:/Users/gimhuiheon/Documents/study/java-multi-threading/resources/throughput/search_words.csv detected for CSV DataSet:CSV Data Set Config configured with stopThread:true, recycle:false
2026-03-10 00:54:17,640 INFO o.a.j.t.JMeterThread: Thread finished: Thread Group 1-91
2026-03-10 00:54:17,640 INFO o.a.j.t.JMeterThread: Thread finished: Thread Group 1-42
2026-03-10 00:54:17,641 INFO o.a.j.t.JMeterThread: Stop Thread seen for thread Thread Group 1-27, reason: org.apache.jorphan.util.JMeterStopThreadException: End of file:/Users/gimhuiheon/Documents/study/java-multi-threading/resources/throughput/search_words.csv detected for CSV DataSet:CSV Data Set Config configured with stopThread:true, recycle:false
2026-03-10 00:54:17,641 INFO o.a.j.t.JMeterThread: Thread finished: Thread Group 1-27
2026-03-10 00:54:17,641 INFO o.a.j.t.JMeterThread: Stop Thread seen for thread Thread Group 1-35, reason: org.apache.jorphan.util.JMeterStopThreadException: End of file:/Users/gimhuiheon/Documents/study/java-multi-threading/resources/throughput/search_words.csv detected for CSV DataSet:CSV Data Set Config configured with stopThread:true, recycle:false
2026-03-10 00:54:17,641 INFO o.a.j.t.JMeterThread: Thread finished: Thread Group 1-35
2026-03-10 00:54:17,642 INFO o.a.j.t.JMeterThread: Stop Thread seen for thread Thread Group 1-87, reason: org.apache.jorphan.util.JMeterStopThreadException: End of file:/Users/gimhuiheon/Documents/study/java-multi-threading/resources/throughput/search_words.csv detected for CSV DataSet:CSV Data Set Config configured with stopThread:true, recycle:false
2026-03-10 00:54:17,642 INFO o.a.j.t.JMeterThread: Thread finished: Thread Group 1-87
2026-03-10 00:54:17,642 INFO o.a.j.t.JMeterThread: Stop Thread seen for thread Thread Group 1-67, reason: org.apache.jorphan.util.JMeterStopThreadException: End of file:/Users/gimhuiheon/Documents/study/java-multi-threading/resources/throughput/search_words.csv detected for CSV DataSet:CSV Data Set Config configured with stopThread:true, recycle:false
2026-03-10 00:54:17,642 INFO o.a.j.t.JMeterThread: Thread finished: Thread Group 1-67
2026-03-10 00:54:17,643 INFO o.a.j.t.JMeterThread: Stop Thread seen for thread Thread Group 1-8, reason: org.apache.jorphan.util.JMeterStopThreadException: End of file:/Users/gimhuiheon/Documents/study/java-multi-threading/resources/throughput/search_words.csv detected for CSV DataSet:CSV Data Set Config configured with stopThread:true, recycle:false
2026-03-10 00:54:17,643 INFO o.a.j.t.JMeterThread: Thread finished: Thread Group 1-8
2026-03-10 00:54:17,643 INFO o.a.j.t.JMeterThread: Stop Thread seen for thread Thread Group 1-32, reason: org.apache.jorphan.util.JMeterStopThreadException: End of file:/Users/gimhuiheon/Documents/study/java-multi-threading/resources/throughput/search_words.csv detected for CSV DataSet:CSV Data Set Config configured with stopThread:true, recycle:false
2026-03-10 00:54:17,643 INFO o.a.j.t.JMeterThread: Thread finished: Thread Group 1-32
2026-03-10 00:54:17,643 INFO o.a.j.t.JMeterThread: Stop Thread seen for thread Thread Group 1-68, reason: org.apache.jorphan.util.JMeterStopThreadException: End of file:/Users/gimhuiheon/Documents/study/java-multi-threading/resources/throughput/search_words.csv detected for CSV DataSet:CSV Data Set Config configured with stopThread:true, recycle:false
2026-03-10 00:54:17,643 INFO o.a.j.t.JMeterThread: Thread finished: Thread Group 1-68
2026-03-10 00:54:17,643 INFO o.a.j.t.JMeterThread: Stop Thread seen for thread Thread Group 1-96, reason: org.apache.jorphan.util.JMeterStopThreadException: End of file:/Users/gimhuiheon/Documents/study/java-multi-threading/resources/throughput/search_words.csv detected for CSV DataSet:CSV Data Set Config configured with stopThread:true, recycle:false
2026-03-10 00:54:17,644 INFO o.a.j.t.JMeterThread: Thread finished: Thread Group 1-96
2026-03-10 00:54:17,644 INFO o.a.j.t.JMeterThread: Stop Thread seen for thread Thread Group 1-60, reason: org.apache.jorphan.util.JMeterStopThreadException: End of file:/Users/gimhuiheon/Documents/study/java-multi-threading/resources/throughput/search_words.csv detected for CSV DataSet:CSV Data Set Config configured with stopThread:true, recycle:false
2026-03-10 00:54:17,644 INFO o.a.j.t.JMeterThread: Thread finished: Thread Group 1-60
2026-03-10 00:54:17,644 INFO o.a.j.t.JMeterThread: Stop Thread seen for thread Thread Group 1-33, reason: org.apache.jorphan.util.JMeterStopThreadException: End of file:/Users/gimhuiheon/Documents/study/java-multi-threading/resources/throughput/search_words.csv detected for CSV DataSet:CSV Data Set Config configured with stopThread:true, recycle:false
2026-03-10 00:54:17,644 INFO o.a.j.t.JMeterThread: Thread finished: Thread Group 1-33
2026-03-10 00:54:17,644 INFO o.a.j.t.JMeterThread: Stop Thread seen for thread Thread Group 1-74, reason: org.apache.jorphan.util.JMeterStopThreadException: End of file:/Users/gimhuiheon/Documents/study/java-multi-threading/resources/throughput/search_words.csv detected for CSV DataSet:CSV Data Set Config configured with stopThread:true, recycle:false
2026-03-10 00:54:17,644 INFO o.a.j.t.JMeterThread: Thread finished: Thread Group 1-74
2026-03-10 00:54:17,644 INFO o.a.j.t.JMeterThread: Stop Thread seen for thread Thread Group 1-31, reason: org.apache.jorphan.util.JMeterStopThreadException: End of file:/Users/gimhuiheon/Documents/study/java-multi-threading/resources/throughput/search_words.csv detected for CSV DataSet:CSV Data Set Config configured with stopThread:true, recycle:false
2026-03-10 00:54:17,644 INFO o.a.j.t.JMeterThread: Thread finished: Thread Group 1-31
2026-03-10 00:54:17,645 INFO o.a.j.t.JMeterThread: Stop Thread seen for thread Thread Group 1-70, reason: org.apache.jorphan.util.JMeterStopThreadException: End of file:/Users/gimhuiheon/Documents/study/java-multi-threading/resources/throughput/search_words.csv detected for CSV DataSet:CSV Data Set Config configured with stopThread:true, recycle:false
2026-03-10 00:54:17,645 INFO o.a.j.t.JMeterThread: Stop Thread seen for thread Thread Group 1-57, reason: org.apache.jorphan.util.JMeterStopThreadException: End of file:/Users/gimhuiheon/Documents/study/java-multi-threading/resources/throughput/search_words.csv detected for CSV DataSet:CSV Data Set Config configured with stopThread:true, recycle:false
2026-03-10 00:54:17,645 INFO o.a.j.t.JMeterThread: Thread finished: Thread Group 1-70
2026-03-10 00:54:17,645 INFO o.a.j.t.JMeterThread: Thread finished: Thread Group 1-57
2026-03-10 00:54:17,645 INFO o.a.j.t.JMeterThread: Stop Thread seen for thread Thread Group 1-17, reason: org.apache.jorphan.util.JMeterStopThreadException: End of file:/Users/gimhuiheon/Documents/study/java-multi-threading/resources/throughput/search_words.csv detected for CSV DataSet:CSV Data Set Config configured with stopThread:true, recycle:false
2026-03-10 00:54:17,645 INFO o.a.j.t.JMeterThread: Thread finished: Thread Group 1-17
2026-03-10 00:54:17,645 INFO o.a.j.t.JMeterThread: Stop Thread seen for thread Thread Group 1-59, reason: org.apache.jorphan.util.JMeterStopThreadException: End of file:/Users/gimhuiheon/Documents/study/java-multi-threading/resources/throughput/search_words.csv detected for CSV DataSet:CSV Data Set Config configured with stopThread:true, recycle:false
2026-03-10 00:54:17,645 INFO o.a.j.t.JMeterThread: Thread finished: Thread Group 1-59
2026-03-10 00:54:17,646 INFO o.a.j.t.JMeterThread: Stop Thread seen for thread Thread Group 1-95, reason: org.apache.jorphan.util.JMeterStopThreadException: End of file:/Users/gimhuiheon/Documents/study/java-multi-threading/resources/throughput/search_words.csv detected for CSV DataSet:CSV Data Set Config configured with stopThread:true, recycle:false
2026-03-10 00:54:17,646 INFO o.a.j.t.JMeterThread: Thread finished: Thread Group 1-95
2026-03-10 00:54:17,647 INFO o.a.j.t.JMeterThread: Stop Thread seen for thread Thread Group 1-44, reason: org.apache.jorphan.util.JMeterStopThreadException: End of file:/Users/gimhuiheon/Documents/study/java-multi-threading/resources/throughput/search_words.csv detected for CSV DataSet:CSV Data Set Config configured with stopThread:true, recycle:false
2026-03-10 00:54:17,647 INFO o.a.j.t.JMeterThread: Stop Thread seen for thread Thread Group 1-50, reason: org.apache.jorphan.util.JMeterStopThreadException: End of file:/Users/gimhuiheon/Documents/study/java-multi-threading/resources/throughput/search_words.csv detected for CSV DataSet:CSV Data Set Config configured with stopThread:true, recycle:false
2026-03-10 00:54:17,647 INFO o.a.j.t.JMeterThread: Thread finished: Thread Group 1-44
2026-03-10 00:54:17,647 INFO o.a.j.t.JMeterThread: Thread finished: Thread Group 1-50
2026-03-10 00:54:17,647 INFO o.a.j.t.JMeterThread: Stop Thread seen for thread Thread Group 1-71, reason: org.apache.jorphan.util.JMeterStopThreadException: End of file:/Users/gimhuiheon/Documents/study/java-multi-threading/resources/throughput/search_words.csv detected for CSV DataSet:CSV Data Set Config configured with stopThread:true, recycle:false
2026-03-10 00:54:17,647 INFO o.a.j.t.JMeterThread: Thread finished: Thread Group 1-71
2026-03-10 00:54:17,647 INFO o.a.j.t.JMeterThread: Stop Thread seen for thread Thread Group 1-72, reason: org.apache.jorphan.util.JMeterStopThreadException: End of file:/Users/gimhuiheon/Documents/study/java-multi-threading/resources/throughput/search_words.csv detected for CSV DataSet:CSV Data Set Config configured with stopThread:true, recycle:false
2026-03-10 00:54:17,647 INFO o.a.j.t.JMeterThread: Thread finished: Thread Group 1-72
2026-03-10 00:54:17,647 INFO o.a.j.t.JMeterThread: Stop Thread seen for thread Thread Group 1-15, reason: org.apache.jorphan.util.JMeterStopThreadException: End of file:/Users/gimhuiheon/Documents/study/java-multi-threading/resources/throughput/search_words.csv detected for CSV DataSet:CSV Data Set Config configured with stopThread:true, recycle:false
2026-03-10 00:54:17,647 INFO o.a.j.t.JMeterThread: Stop Thread seen for thread Thread Group 1-98, reason: org.apache.jorphan.util.JMeterStopThreadException: End of file:/Users/gimhuiheon/Documents/study/java-multi-threading/resources/throughput/search_words.csv detected for CSV DataSet:CSV Data Set Config configured with stopThread:true, recycle:false
2026-03-10 00:54:17,647 INFO o.a.j.t.JMeterThread: Thread finished: Thread Group 1-15
2026-03-10 00:54:17,647 INFO o.a.j.t.JMeterThread: Thread finished: Thread Group 1-98
2026-03-10 00:54:17,647 INFO o.a.j.t.JMeterThread: Stop Thread seen for thread Thread Group 1-23, reason: org.apache.jorphan.util.JMeterStopThreadException: End of file:/Users/gimhuiheon/Documents/study/java-multi-threading/resources/throughput/search_words.csv detected for CSV DataSet:CSV Data Set Config configured with stopThread:true, recycle:false
2026-03-10 00:54:17,647 INFO o.a.j.t.JMeterThread: Thread finished: Thread Group 1-23
2026-03-10 00:54:17,648 INFO o.a.j.t.JMeterThread: Stop Thread seen for thread Thread Group 1-30, reason: org.apache.jorphan.util.JMeterStopThreadException: End of file:/Users/gimhuiheon/Documents/study/java-multi-threading/resources/throughput/search_words.csv detected for CSV DataSet:CSV Data Set Config configured with stopThread:true, recycle:false
2026-03-10 00:54:17,648 INFO o.a.j.t.JMeterThread: Thread finished: Thread Group 1-30
2026-03-10 00:54:17,648 INFO o.a.j.t.JMeterThread: Stop Thread seen for thread Thread Group 1-47, reason: org.apache.jorphan.util.JMeterStopThreadException: End of file:/Users/gimhuiheon/Documents/study/java-multi-threading/resources/throughput/search_words.csv detected for CSV DataSet:CSV Data Set Config configured with stopThread:true, recycle:false
2026-03-10 00:54:17,648 INFO o.a.j.t.JMeterThread: Thread finished: Thread Group 1-47
2026-03-10 00:54:17,648 INFO o.a.j.t.JMeterThread: Stop Thread seen for thread Thread Group 1-100, reason: org.apache.jorphan.util.JMeterStopThreadException: End of file:/Users/gimhuiheon/Documents/study/java-multi-threading/resources/throughput/search_words.csv detected for CSV DataSet:CSV Data Set Config configured with stopThread:true, recycle:false
2026-03-10 00:54:17,648 INFO o.a.j.t.JMeterThread: Thread finished: Thread Group 1-100
2026-03-10 00:54:17,648 INFO o.a.j.t.JMeterThread: Stop Thread seen for thread Thread Group 1-54, reason: org.apache.jorphan.util.JMeterStopThreadException: End of file:/Users/gimhuiheon/Documents/study/java-multi-threading/resources/throughput/search_words.csv detected for CSV DataSet:CSV Data Set Config configured with stopThread:true, recycle:false
2026-03-10 00:54:17,648 INFO o.a.j.t.JMeterThread: Thread finished: Thread Group 1-54
2026-03-10 00:54:17,649 INFO o.a.j.t.JMeterThread: Stop Thread seen for thread Thread Group 1-18, reason: org.apache.jorphan.util.JMeterStopThreadException: End of file:/Users/gimhuiheon/Documents/study/java-multi-threading/resources/throughput/search_words.csv detected for CSV DataSet:CSV Data Set Config configured with stopThread:true, recycle:false
2026-03-10 00:54:17,649 INFO o.a.j.t.JMeterThread: Thread finished: Thread Group 1-18
2026-03-10 00:54:17,650 INFO o.a.j.t.JMeterThread: Stop Thread seen for thread Thread Group 1-19, reason: org.apache.jorphan.util.JMeterStopThreadException: End of file:/Users/gimhuiheon/Documents/study/java-multi-threading/resources/throughput/search_words.csv detected for CSV DataSet:CSV Data Set Config configured with stopThread:true, recycle:false
2026-03-10 00:54:17,650 INFO o.a.j.t.JMeterThread: Thread finished: Thread Group 1-19
2026-03-10 00:54:17,650 INFO o.a.j.t.JMeterThread: Stop Thread seen for thread Thread Group 1-24, reason: org.apache.jorphan.util.JMeterStopThreadException: End of file:/Users/gimhuiheon/Documents/study/java-multi-threading/resources/throughput/search_words.csv detected for CSV DataSet:CSV Data Set Config configured with stopThread:true, recycle:false
2026-03-10 00:54:17,650 INFO o.a.j.t.JMeterThread: Thread finished: Thread Group 1-24
2026-03-10 00:54:17,651 INFO o.a.j.t.JMeterThread: Stop Thread seen for thread Thread Group 1-22, reason: org.apache.jorphan.util.JMeterStopThreadException: End of file:/Users/gimhuiheon/Documents/study/java-multi-threading/resources/throughput/search_words.csv detected for CSV DataSet:CSV Data Set Config configured with stopThread:true, recycle:false
2026-03-10 00:54:17,651 INFO o.a.j.t.JMeterThread: Thread finished: Thread Group 1-22
2026-03-10 00:54:17,651 INFO o.a.j.e.StandardJMeterEngine: Notifying test listeners of end of test
2026-03-10 00:54:17,651 INFO o.a.j.s.FileServer: Close: /Users/gimhuiheon/Documents/study/java-multi-threading/resources/throughput/search_words.csv
2026-03-10 00:54:17,651 INFO o.a.j.g.u.JMeterMenuBar: setRunning(false, *local*)
2026-03-10 00:54:20,522 INFO o.a.j.e.StandardJMeterEngine: Running the test!
2026-03-10 00:54:20,523 INFO o.a.j.s.SampleEvent: List of sample_variables: []
2026-03-10 00:54:20,523 INFO o.a.j.g.u.JMeterMenuBar: setRunning(true, *local*)
2026-03-10 00:54:20,555 INFO o.a.j.e.StandardJMeterEngine: Starting ThreadGroup: 1 : Thread Group
2026-03-10 00:54:20,555 INFO o.a.j.e.StandardJMeterEngine: Starting 100 threads for group Thread Group.
2026-03-10 00:54:20,556 INFO o.a.j.e.StandardJMeterEngine: Thread will continue on error
2026-03-10 00:54:20,556 INFO o.a.j.t.ThreadGroup: Starting thread group... number=1 threads=100 ramp-up=1 delayedStart=false
2026-03-10 00:54:20,556 INFO o.a.j.t.JMeterThread: Thread started: Thread Group 1-1
2026-03-10 00:54:20,557 INFO o.a.j.s.FileServer: Stored: /Users/gimhuiheon/Documents/study/java-multi-threading/resources/throughput/search_words.csv
2026-03-10 00:54:20,565 INFO o.a.j.t.ThreadGroup: Started thread group number 1
2026-03-10 00:54:20,566 INFO o.a.j.e.StandardJMeterEngine: All thread groups have been started
2026-03-10 00:54:20,567 INFO o.a.j.t.JMeterThread: Thread started: Thread Group 1-2
2026-03-10 00:54:20,577 INFO o.a.j.t.JMeterThread: Thread started: Thread Group 1-3
2026-03-10 00:54:20,592 INFO o.a.j.t.JMeterThread: Thread started: Thread Group 1-4
2026-03-10 00:54:20,599 INFO o.a.j.t.JMeterThread: Thread started: Thread Group 1-5
2026-03-10 00:54:20,610 INFO o.a.j.t.JMeterThread: Thread started: Thread Group 1-6
2026-03-10 00:54:20,618 INFO o.a.j.t.JMeterThread: Thread started: Thread Group 1-7
2026-03-10 00:54:20,629 INFO o.a.j.t.JMeterThread: Thread started: Thread Group 1-8
2026-03-10 00:54:20,641 INFO o.a.j.t.JMeterThread: Thread started: Thread Group 1-9
2026-03-10 00:54:20,650 INFO o.a.j.t.JMeterThread: Thread started: Thread Group 1-10
2026-03-10 00:54:20,661 INFO o.a.j.t.JMeterThread: Thread started: Thread Group 1-11
2026-03-10 00:54:20,673 INFO o.a.j.t.JMeterThread: Thread started: Thread Group 1-12
2026-03-10 00:54:20,683 INFO o.a.j.t.JMeterThread: Thread started: Thread Group 1-13
2026-03-10 00:54:20,692 INFO o.a.j.t.JMeterThread: Thread started: Thread Group 1-14
2026-03-10 00:54:20,703 INFO o.a.j.t.JMeterThread: Thread started: Thread Group 1-15
2026-03-10 00:54:20,709 INFO o.a.j.t.JMeterThread: Thread started: Thread Group 1-16
2026-03-10 00:54:20,722 INFO o.a.j.t.JMeterThread: Thread started: Thread Group 1-17
2026-03-10 00:54:20,731 INFO o.a.j.t.JMeterThread: Thread started: Thread Group 1-18
2026-03-10 00:54:20,741 INFO o.a.j.t.JMeterThread: Thread started: Thread Group 1-19
2026-03-10 00:54:20,752 INFO o.a.j.t.JMeterThread: Thread started: Thread Group 1-20
2026-03-10 00:54:20,758 INFO o.a.j.t.JMeterThread: Thread started: Thread Group 1-21
2026-03-10 00:54:20,771 INFO o.a.j.t.JMeterThread: Thread started: Thread Group 1-22
2026-03-10 00:54:20,781 INFO o.a.j.t.JMeterThread: Thread started: Thread Group 1-23
2026-03-10 00:54:20,791 INFO o.a.j.t.JMeterThread: Thread started: Thread Group 1-24
2026-03-10 00:54:20,802 INFO o.a.j.t.JMeterThread: Thread started: Thread Group 1-25
2026-03-10 00:54:20,810 INFO o.a.j.t.JMeterThread: Thread started: Thread Group 1-26
2026-03-10 00:54:20,822 INFO o.a.j.t.JMeterThread: Thread started: Thread Group 1-27
2026-03-10 00:54:20,831 INFO o.a.j.t.JMeterThread: Thread started: Thread Group 1-28
2026-03-10 00:54:20,841 INFO o.a.j.t.JMeterThread: Thread started: Thread Group 1-29
2026-03-10 00:54:20,850 INFO o.a.j.t.JMeterThread: Thread started: Thread Group 1-30
2026-03-10 00:54:20,861 INFO o.a.j.t.JMeterThread: Thread started: Thread Group 1-31
2026-03-10 00:54:20,867 INFO o.a.j.t.JMeterThread: Thread started: Thread Group 1-32
2026-03-10 00:54:20,883 INFO o.a.j.t.JMeterThread: Thread started: Thread Group 1-33
2026-03-10 00:54:20,892 INFO o.a.j.t.JMeterThread: Thread started: Thread Group 1-34
2026-03-10 00:54:20,899 INFO o.a.j.t.JMeterThread: Thread started: Thread Group 1-35
2026-03-10 00:54:20,908 INFO o.a.j.t.JMeterThread: Thread started: Thread Group 1-36
2026-03-10 00:54:20,916 INFO o.a.j.t.JMeterThread: Thread started: Thread Group 1-37
2026-03-10 00:54:20,928 INFO o.a.j.t.JMeterThread: Thread started: Thread Group 1-38
2026-03-10 00:54:20,940 INFO o.a.j.t.JMeterThread: Thread started: Thread Group 1-39
2026-03-10 00:54:20,951 INFO o.a.j.t.JMeterThread: Thread started: Thread Group 1-40
2026-03-10 00:54:20,957 INFO o.a.j.t.JMeterThread: Thread started: Thread Group 1-41
2026-03-10 00:54:20,967 INFO o.a.j.t.JMeterThread: Thread started: Thread Group 1-42
2026-03-10 00:54:20,981 INFO o.a.j.t.JMeterThread: Thread started: Thread Group 1-43
2026-03-10 00:54:20,991 INFO o.a.j.t.JMeterThread: Thread started: Thread Group 1-44
2026-03-10 00:54:21,000 INFO o.a.j.t.JMeterThread: Thread started: Thread Group 1-45
2026-03-10 00:54:21,009 INFO o.a.j.t.JMeterThread: Thread started: Thread Group 1-46
2026-03-10 00:54:21,022 INFO o.a.j.t.JMeterThread: Thread started: Thread Group 1-47
2026-03-10 00:54:21,029 INFO o.a.j.t.JMeterThread: Thread started: Thread Group 1-48
2026-03-10 00:54:21,037 INFO o.a.j.t.JMeterThread: Thread started: Thread Group 1-49
2026-03-10 00:54:21,047 INFO o.a.j.t.JMeterThread: Thread started: Thread Group 1-50
2026-03-10 00:54:21,058 INFO o.a.j.t.JMeterThread: Thread started: Thread Group 1-51
2026-03-10 00:54:21,067 INFO o.a.j.t.JMeterThread: Thread started: Thread Group 1-52
2026-03-10 00:54:21,080 INFO o.a.j.t.JMeterThread: Thread started: Thread Group 1-53
2026-03-10 00:54:21,091 INFO o.a.j.t.JMeterThread: Thread started: Thread Group 1-54
2026-03-10 00:54:21,101 INFO o.a.j.t.JMeterThread: Thread started: Thread Group 1-55
2026-03-10 00:54:21,111 INFO o.a.j.t.JMeterThread: Thread started: Thread Group 1-56
2026-03-10 00:54:21,119 INFO o.a.j.t.JMeterThread: Thread started: Thread Group 1-57
2026-03-10 00:54:21,128 INFO o.a.j.t.JMeterThread: Thread started: Thread Group 1-58
2026-03-10 00:54:21,141 INFO o.a.j.t.JMeterThread: Thread started: Thread Group 1-59
2026-03-10 00:54:21,162 INFO o.a.j.t.JMeterThread: Thread started: Thread Group 1-60
2026-03-10 00:54:21,164 INFO o.a.j.t.JMeterThread: Thread started: Thread Group 1-61
2026-03-10 00:54:21,166 INFO o.a.j.t.JMeterThread: Thread started: Thread Group 1-62
2026-03-10 00:54:21,182 INFO o.a.j.t.JMeterThread: Thread started: Thread Group 1-63
2026-03-10 00:54:21,191 INFO o.a.j.t.JMeterThread: Thread started: Thread Group 1-64
2026-03-10 00:54:21,200 INFO o.a.j.t.JMeterThread: Thread started: Thread Group 1-65
2026-03-10 00:54:21,211 INFO o.a.j.t.JMeterThread: Thread started: Thread Group 1-66
2026-03-10 00:54:21,222 INFO o.a.j.t.JMeterThread: Thread started: Thread Group 1-67
2026-03-10 00:54:21,232 INFO o.a.j.t.JMeterThread: Thread started: Thread Group 1-68
2026-03-10 00:54:21,241 INFO o.a.j.t.JMeterThread: Thread started: Thread Group 1-69
2026-03-10 00:54:21,251 INFO o.a.j.t.JMeterThread: Thread started: Thread Group 1-70
2026-03-10 00:54:21,258 INFO o.a.j.t.JMeterThread: Thread started: Thread Group 1-71
2026-03-10 00:54:21,271 INFO o.a.j.t.JMeterThread: Thread started: Thread Group 1-72
2026-03-10 00:54:21,281 INFO o.a.j.t.JMeterThread: Thread started: Thread Group 1-73
2026-03-10 00:54:21,291 INFO o.a.j.t.JMeterThread: Thread started: Thread Group 1-74
2026-03-10 00:54:21,301 INFO o.a.j.t.JMeterThread: Thread started: Thread Group 1-75
2026-03-10 00:54:21,311 INFO o.a.j.t.JMeterThread: Thread started: Thread Group 1-76
2026-03-10 00:54:21,321 INFO o.a.j.t.JMeterThread: Thread started: Thread Group 1-77
2026-03-10 00:54:21,331 INFO o.a.j.t.JMeterThread: Thread started: Thread Group 1-78
2026-03-10 00:54:21,342 INFO o.a.j.t.JMeterThread: Thread started: Thread Group 1-79
2026-03-10 00:54:21,352 INFO o.a.j.t.JMeterThread: Thread started: Thread Group 1-80
2026-03-10 00:54:21,361 INFO o.a.j.t.JMeterThread: Thread started: Thread Group 1-81
2026-03-10 00:54:21,371 INFO o.a.j.t.JMeterThread: Thread started: Thread Group 1-82
2026-03-10 00:54:21,381 INFO o.a.j.t.JMeterThread: Thread started: Thread Group 1-83
2026-03-10 00:54:21,391 INFO o.a.j.t.JMeterThread: Thread started: Thread Group 1-84
2026-03-10 00:54:21,401 INFO o.a.j.t.JMeterThread: Thread started: Thread Group 1-85
2026-03-10 00:54:21,411 INFO o.a.j.t.JMeterThread: Thread started: Thread Group 1-86
2026-03-10 00:54:21,421 INFO o.a.j.t.JMeterThread: Thread started: Thread Group 1-87
2026-03-10 00:54:21,431 INFO o.a.j.t.JMeterThread: Thread started: Thread Group 1-88
2026-03-10 00:54:21,442 INFO o.a.j.t.JMeterThread: Thread started: Thread Group 1-89
2026-03-10 00:54:21,452 INFO o.a.j.t.JMeterThread: Thread started: Thread Group 1-90
2026-03-10 00:54:21,461 INFO o.a.j.t.JMeterThread: Thread started: Thread Group 1-91
2026-03-10 00:54:21,471 INFO o.a.j.t.JMeterThread: Thread started: Thread Group 1-92
2026-03-10 00:54:21,481 INFO o.a.j.t.JMeterThread: Thread started: Thread Group 1-93
2026-03-10 00:54:21,487 INFO o.a.j.t.JMeterThread: Thread started: Thread Group 1-94
2026-03-10 00:54:21,501 INFO o.a.j.t.JMeterThread: Thread started: Thread Group 1-95
2026-03-10 00:54:21,508 INFO o.a.j.t.JMeterThread: Thread started: Thread Group 1-96
2026-03-10 00:54:21,516 INFO o.a.j.t.JMeterThread: Thread started: Thread Group 1-97
2026-03-10 00:54:21,531 INFO o.a.j.t.JMeterThread: Thread started: Thread Group 1-98
2026-03-10 00:54:21,541 INFO o.a.j.t.JMeterThread: Thread started: Thread Group 1-99
2026-03-10 00:54:21,550 INFO o.a.j.t.JMeterThread: Thread started: Thread Group 1-100
2026-03-10 00:54:21,589 INFO o.a.j.t.JMeterThread: Stop Thread seen for thread Thread Group 1-11, reason: org.apache.jorphan.util.JMeterStopThreadException: End of file:/Users/gimhuiheon/Documents/study/java-multi-threading/resources/throughput/search_words.csv detected for CSV DataSet:CSV Data Set Config configured with stopThread:true, recycle:false
2026-03-10 00:54:21,590 INFO o.a.j.t.JMeterThread: Thread finished: Thread Group 1-11
2026-03-10 00:54:21,590 INFO o.a.j.t.JMeterThread: Stop Thread seen for thread Thread Group 1-13, reason: org.apache.jorphan.util.JMeterStopThreadException: End of file:/Users/gimhuiheon/Documents/study/java-multi-threading/resources/throughput/search_words.csv detected for CSV DataSet:CSV Data Set Config configured with stopThread:true, recycle:false
2026-03-10 00:54:21,590 INFO o.a.j.t.JMeterThread: Thread finished: Thread Group 1-13
2026-03-10 00:54:21,590 INFO o.a.j.t.JMeterThread: Stop Thread seen for thread Thread Group 1-92, reason: org.apache.jorphan.util.JMeterStopThreadException: End of file:/Users/gimhuiheon/Documents/study/java-multi-threading/resources/throughput/search_words.csv detected for CSV DataSet:CSV Data Set Config configured with stopThread:true, recycle:false
2026-03-10 00:54:21,590 INFO o.a.j.t.JMeterThread: Thread finished: Thread Group 1-92
2026-03-10 00:54:21,592 INFO o.a.j.t.JMeterThread: Stop Thread seen for thread Thread Group 1-4, reason: org.apache.jorphan.util.JMeterStopThreadException: End of file:/Users/gimhuiheon/Documents/study/java-multi-threading/resources/throughput/search_words.csv detected for CSV DataSet:CSV Data Set Config configured with stopThread:true, recycle:false
2026-03-10 00:54:21,592 INFO o.a.j.t.JMeterThread: Stop Thread seen for thread Thread Group 1-19, reason: org.apache.jorphan.util.JMeterStopThreadException: End of file:/Users/gimhuiheon/Documents/study/java-multi-threading/resources/throughput/search_words.csv detected for CSV DataSet:CSV Data Set Config configured with stopThread:true, recycle:false
2026-03-10 00:54:21,592 INFO o.a.j.t.JMeterThread: Stop Thread seen for thread Thread Group 1-10, reason: org.apache.jorphan.util.JMeterStopThreadException: End of file:/Users/gimhuiheon/Documents/study/java-multi-threading/resources/throughput/search_words.csv detected for CSV DataSet:CSV Data Set Config configured with stopThread:true, recycle:false
2026-03-10 00:54:21,592 INFO o.a.j.t.JMeterThread: Thread finished: Thread Group 1-10
2026-03-10 00:54:21,592 INFO o.a.j.t.JMeterThread: Thread finished: Thread Group 1-4
2026-03-10 00:54:21,592 INFO o.a.j.t.JMeterThread: Thread finished: Thread Group 1-19
2026-03-10 00:54:21,593 INFO o.a.j.t.JMeterThread: Stop Thread seen for thread Thread Group 1-29, reason: org.apache.jorphan.util.JMeterStopThreadException: End of file:/Users/gimhuiheon/Documents/study/java-multi-threading/resources/throughput/search_words.csv detected for CSV DataSet:CSV Data Set Config configured with stopThread:true, recycle:false
2026-03-10 00:54:21,593 INFO o.a.j.t.JMeterThread: Thread finished: Thread Group 1-29
2026-03-10 00:54:21,593 INFO o.a.j.t.JMeterThread: Stop Thread seen for thread Thread Group 1-34, reason: org.apache.jorphan.util.JMeterStopThreadException: End of file:/Users/gimhuiheon/Documents/study/java-multi-threading/resources/throughput/search_words.csv detected for CSV DataSet:CSV Data Set Config configured with stopThread:true, recycle:false
2026-03-10 00:54:21,593 INFO o.a.j.t.JMeterThread: Thread finished: Thread Group 1-34
2026-03-10 00:54:21,593 INFO o.a.j.t.JMeterThread: Stop Thread seen for thread Thread Group 1-65, reason: org.apache.jorphan.util.JMeterStopThreadException: End of file:/Users/gimhuiheon/Documents/study/java-multi-threading/resources/throughput/search_words.csv detected for CSV DataSet:CSV Data Set Config configured with stopThread:true, recycle:false
2026-03-10 00:54:21,593 INFO o.a.j.t.JMeterThread: Thread finished: Thread Group 1-65
2026-03-10 00:54:21,593 INFO o.a.j.t.JMeterThread: Stop Thread seen for thread Thread Group 1-54, reason: org.apache.jorphan.util.JMeterStopThreadException: End of file:/Users/gimhuiheon/Documents/study/java-multi-threading/resources/throughput/search_words.csv detected for CSV DataSet:CSV Data Set Config configured with stopThread:true, recycle:false
2026-03-10 00:54:21,593 INFO o.a.j.t.JMeterThread: Thread finished: Thread Group 1-54
2026-03-10 00:54:21,594 INFO o.a.j.t.JMeterThread: Stop Thread seen for thread Thread Group 1-49, reason: org.apache.jorphan.util.JMeterStopThreadException: End of file:/Users/gimhuiheon/Documents/study/java-multi-threading/resources/throughput/search_words.csv detected for CSV DataSet:CSV Data Set Config configured with stopThread:true, recycle:false
2026-03-10 00:54:21,594 INFO o.a.j.t.JMeterThread: Thread finished: Thread Group 1-49
2026-03-10 00:54:21,595 INFO o.a.j.t.JMeterThread: Stop Thread seen for thread Thread Group 1-87, reason: org.apache.jorphan.util.JMeterStopThreadException: End of file:/Users/gimhuiheon/Documents/study/java-multi-threading/resources/throughput/search_words.csv detected for CSV DataSet:CSV Data Set Config configured with stopThread:true, recycle:false
2026-03-10 00:54:21,595 INFO o.a.j.t.JMeterThread: Thread finished: Thread Group 1-87
2026-03-10 00:54:21,596 INFO o.a.j.t.JMeterThread: Stop Thread seen for thread Thread Group 1-40, reason: org.apache.jorphan.util.JMeterStopThreadException: End of file:/Users/gimhuiheon/Documents/study/java-multi-threading/resources/throughput/search_words.csv detected for CSV DataSet:CSV Data Set Config configured with stopThread:true, recycle:false
2026-03-10 00:54:21,596 INFO o.a.j.t.JMeterThread: Thread finished: Thread Group 1-40
2026-03-10 00:54:21,596 INFO o.a.j.t.JMeterThread: Stop Thread seen for thread Thread Group 1-37, reason: org.apache.jorphan.util.JMeterStopThreadException: End of file:/Users/gimhuiheon/Documents/study/java-multi-threading/resources/throughput/search_words.csv detected for CSV DataSet:CSV Data Set Config configured with stopThread:true, recycle:false
2026-03-10 00:54:21,596 INFO o.a.j.t.JMeterThread: Thread finished: Thread Group 1-37
2026-03-10 00:54:21,596 INFO o.a.j.t.JMeterThread: Stop Thread seen for thread Thread Group 1-62, reason: org.apache.jorphan.util.JMeterStopThreadException: End of file:/Users/gimhuiheon/Documents/study/java-multi-threading/resources/throughput/search_words.csv detected for CSV DataSet:CSV Data Set Config configured with stopThread:true, recycle:false
2026-03-10 00:54:21,596 INFO o.a.j.t.JMeterThread: Thread finished: Thread Group 1-62
2026-03-10 00:54:21,596 INFO o.a.j.t.JMeterThread: Stop Thread seen for thread Thread Group 1-68, reason: org.apache.jorphan.util.JMeterStopThreadException: End of file:/Users/gimhuiheon/Documents/study/java-multi-threading/resources/throughput/search_words.csv detected for CSV DataSet:CSV Data Set Config configured with stopThread:true, recycle:false
2026-03-10 00:54:21,596 INFO o.a.j.t.JMeterThread: Thread finished: Thread Group 1-68
2026-03-10 00:54:21,597 INFO o.a.j.t.JMeterThread: Stop Thread seen for thread Thread Group 1-36, reason: org.apache.jorphan.util.JMeterStopThreadException: End of file:/Users/gimhuiheon/Documents/study/java-multi-threading/resources/throughput/search_words.csv detected for CSV DataSet:CSV Data Set Config configured with stopThread:true, recycle:false
2026-03-10 00:54:21,597 INFO o.a.j.t.JMeterThread: Thread finished: Thread Group 1-36
2026-03-10 00:54:21,597 INFO o.a.j.t.JMeterThread: Stop Thread seen for thread Thread Group 1-95, reason: org.apache.jorphan.util.JMeterStopThreadException: End of file:/Users/gimhuiheon/Documents/study/java-multi-threading/resources/throughput/search_words.csv detected for CSV DataSet:CSV Data Set Config configured with stopThread:true, recycle:false
2026-03-10 00:54:21,597 INFO o.a.j.t.JMeterThread: Thread finished: Thread Group 1-95
2026-03-10 00:54:21,598 INFO o.a.j.t.JMeterThread: Stop Thread seen for thread Thread Group 1-66, reason: org.apache.jorphan.util.JMeterStopThreadException: End of file:/Users/gimhuiheon/Documents/study/java-multi-threading/resources/throughput/search_words.csv detected for CSV DataSet:CSV Data Set Config configured with stopThread:true, recycle:false
2026-03-10 00:54:21,598 INFO o.a.j.t.JMeterThread: Thread finished: Thread Group 1-66
2026-03-10 00:54:21,598 INFO o.a.j.t.JMeterThread: Stop Thread seen for thread Thread Group 1-2, reason: org.apache.jorphan.util.JMeterStopThreadException: End of file:/Users/gimhuiheon/Documents/study/java-multi-threading/resources/throughput/search_words.csv detected for CSV DataSet:CSV Data Set Config configured with stopThread:true, recycle:false
2026-03-10 00:54:21,598 INFO o.a.j.t.JMeterThread: Thread finished: Thread Group 1-2
2026-03-10 00:54:21,599 INFO o.a.j.t.JMeterThread: Stop Thread seen for thread Thread Group 1-69, reason: org.apache.jorphan.util.JMeterStopThreadException: End of file:/Users/gimhuiheon/Documents/study/java-multi-threading/resources/throughput/search_words.csv detected for CSV DataSet:CSV Data Set Config configured with stopThread:true, recycle:false
2026-03-10 00:54:21,599 INFO o.a.j.t.JMeterThread: Thread finished: Thread Group 1-69
2026-03-10 00:54:21,600 INFO o.a.j.t.JMeterThread: Stop Thread seen for thread Thread Group 1-93, reason: org.apache.jorphan.util.JMeterStopThreadException: End of file:/Users/gimhuiheon/Documents/study/java-multi-threading/resources/throughput/search_words.csv detected for CSV DataSet:CSV Data Set Config configured with stopThread:true, recycle:false
2026-03-10 00:54:21,600 INFO o.a.j.t.JMeterThread: Thread finished: Thread Group 1-93
2026-03-10 00:54:21,600 INFO o.a.j.t.JMeterThread: Stop Thread seen for thread Thread Group 1-58, reason: org.apache.jorphan.util.JMeterStopThreadException: End of file:/Users/gimhuiheon/Documents/study/java-multi-threading/resources/throughput/search_words.csv detected for CSV DataSet:CSV Data Set Config configured with stopThread:true, recycle:false
2026-03-10 00:54:21,600 INFO o.a.j.t.JMeterThread: Thread finished: Thread Group 1-58
2026-03-10 00:54:21,600 INFO o.a.j.t.JMeterThread: Stop Thread seen for thread Thread Group 1-44, reason: org.apache.jorphan.util.JMeterStopThreadException: End of file:/Users/gimhuiheon/Documents/study/java-multi-threading/resources/throughput/search_words.csv detected for CSV DataSet:CSV Data Set Config configured with stopThread:true, recycle:false
2026-03-10 00:54:21,600 INFO o.a.j.t.JMeterThread: Thread finished: Thread Group 1-44
2026-03-10 00:54:21,600 INFO o.a.j.t.JMeterThread: Stop Thread seen for thread Thread Group 1-82, reason: org.apache.jorphan.util.JMeterStopThreadException: End of file:/Users/gimhuiheon/Documents/study/java-multi-threading/resources/throughput/search_words.csv detected for CSV DataSet:CSV Data Set Config configured with stopThread:true, recycle:false
2026-03-10 00:54:21,600 INFO o.a.j.t.JMeterThread: Thread finished: Thread Group 1-82
2026-03-10 00:54:21,601 INFO o.a.j.t.JMeterThread: Stop Thread seen for thread Thread Group 1-51, reason: org.apache.jorphan.util.JMeterStopThreadException: End of file:/Users/gimhuiheon/Documents/study/java-multi-threading/resources/throughput/search_words.csv detected for CSV DataSet:CSV Data Set Config configured with stopThread:true, recycle:false
2026-03-10 00:54:21,601 INFO o.a.j.t.JMeterThread: Thread finished: Thread Group 1-51
2026-03-10 00:54:21,601 INFO o.a.j.t.JMeterThread: Stop Thread seen for thread Thread Group 1-22, reason: org.apache.jorphan.util.JMeterStopThreadException: End of file:/Users/gimhuiheon/Documents/study/java-multi-threading/resources/throughput/search_words.csv detected for CSV DataSet:CSV Data Set Config configured with stopThread:true, recycle:false
2026-03-10 00:54:21,601 INFO o.a.j.t.JMeterThread: Thread finished: Thread Group 1-22
2026-03-10 00:54:21,604 INFO o.a.j.t.JMeterThread: Stop Thread seen for thread Thread Group 1-90, reason: org.apache.jorphan.util.JMeterStopThreadException: End of file:/Users/gimhuiheon/Documents/study/java-multi-threading/resources/throughput/search_words.csv detected for CSV DataSet:CSV Data Set Config configured with stopThread:true, recycle:false
2026-03-10 00:54:21,604 INFO o.a.j.t.JMeterThread: Thread finished: Thread Group 1-90
2026-03-10 00:54:21,604 INFO o.a.j.t.JMeterThread: Stop Thread seen for thread Thread Group 1-24, reason: org.apache.jorphan.util.JMeterStopThreadException: End of file:/Users/gimhuiheon/Documents/study/java-multi-threading/resources/throughput/search_words.csv detected for CSV DataSet:CSV Data Set Config configured with stopThread:true, recycle:false
2026-03-10 00:54:21,604 INFO o.a.j.t.JMeterThread: Thread finished: Thread Group 1-24
2026-03-10 00:54:21,604 INFO o.a.j.t.JMeterThread: Stop Thread seen for thread Thread Group 1-7, reason: org.apache.jorphan.util.JMeterStopThreadException: End of file:/Users/gimhuiheon/Documents/study/java-multi-threading/resources/throughput/search_words.csv detected for CSV DataSet:CSV Data Set Config configured with stopThread:true, recycle:false
2026-03-10 00:54:21,608 INFO o.a.j.t.JMeterThread: Stop Thread seen for thread Thread Group 1-89, reason: org.apache.jorphan.util.JMeterStopThreadException: End of file:/Users/gimhuiheon/Documents/study/java-multi-threading/resources/throughput/search_words.csv detected for CSV DataSet:CSV Data Set Config configured with stopThread:true, recycle:false
2026-03-10 00:54:21,608 INFO o.a.j.t.JMeterThread: Stop Thread seen for thread Thread Group 1-39, reason: org.apache.jorphan.util.JMeterStopThreadException: End of file:/Users/gimhuiheon/Documents/study/java-multi-threading/resources/throughput/search_words.csv detected for CSV DataSet:CSV Data Set Config configured with stopThread:true, recycle:false
2026-03-10 00:54:21,608 INFO o.a.j.t.JMeterThread: Stop Thread seen for thread Thread Group 1-30, reason: org.apache.jorphan.util.JMeterStopThreadException: End of file:/Users/gimhuiheon/Documents/study/java-multi-threading/resources/throughput/search_words.csv detected for CSV DataSet:CSV Data Set Config configured with stopThread:true, recycle:false
2026-03-10 00:54:21,608 INFO o.a.j.t.JMeterThread: Stop Thread seen for thread Thread Group 1-28, reason: org.apache.jorphan.util.JMeterStopThreadException: End of file:/Users/gimhuiheon/Documents/study/java-multi-threading/resources/throughput/search_words.csv detected for CSV DataSet:CSV Data Set Config configured with stopThread:true, recycle:false
2026-03-10 00:54:21,605 INFO o.a.j.t.JMeterThread: Stop Thread seen for thread Thread Group 1-71, reason: org.apache.jorphan.util.JMeterStopThreadException: End of file:/Users/gimhuiheon/Documents/study/java-multi-threading/resources/throughput/search_words.csv detected for CSV DataSet:CSV Data Set Config configured with stopThread:true, recycle:false
2026-03-10 00:54:21,608 INFO o.a.j.t.JMeterThread: Thread finished: Thread Group 1-30
2026-03-10 00:54:21,608 INFO o.a.j.t.JMeterThread: Thread finished: Thread Group 1-39
2026-03-10 00:54:21,608 INFO o.a.j.t.JMeterThread: Thread finished: Thread Group 1-89
2026-03-10 00:54:21,608 INFO o.a.j.t.JMeterThread: Stop Thread seen for thread Thread Group 1-61, reason: org.apache.jorphan.util.JMeterStopThreadException: End of file:/Users/gimhuiheon/Documents/study/java-multi-threading/resources/throughput/search_words.csv detected for CSV DataSet:CSV Data Set Config configured with stopThread:true, recycle:false
2026-03-10 00:54:21,608 INFO o.a.j.t.JMeterThread: Thread finished: Thread Group 1-61
2026-03-10 00:54:21,608 INFO o.a.j.t.JMeterThread: Thread finished: Thread Group 1-7
2026-03-10 00:54:21,608 INFO o.a.j.t.JMeterThread: Thread finished: Thread Group 1-71
2026-03-10 00:54:21,608 INFO o.a.j.t.JMeterThread: Thread finished: Thread Group 1-28
2026-03-10 00:54:21,609 INFO o.a.j.t.JMeterThread: Stop Thread seen for thread Thread Group 1-98, reason: org.apache.jorphan.util.JMeterStopThreadException: End of file:/Users/gimhuiheon/Documents/study/java-multi-threading/resources/throughput/search_words.csv detected for CSV DataSet:CSV Data Set Config configured with stopThread:true, recycle:false
2026-03-10 00:54:21,609 INFO o.a.j.t.JMeterThread: Thread finished: Thread Group 1-98
2026-03-10 00:54:21,610 INFO o.a.j.t.JMeterThread: Stop Thread seen for thread Thread Group 1-59, reason: org.apache.jorphan.util.JMeterStopThreadException: End of file:/Users/gimhuiheon/Documents/study/java-multi-threading/resources/throughput/search_words.csv detected for CSV DataSet:CSV Data Set Config configured with stopThread:true, recycle:false
2026-03-10 00:54:21,610 INFO o.a.j.t.JMeterThread: Stop Thread seen for thread Thread Group 1-60, reason: org.apache.jorphan.util.JMeterStopThreadException: End of file:/Users/gimhuiheon/Documents/study/java-multi-threading/resources/throughput/search_words.csv detected for CSV DataSet:CSV Data Set Config configured with stopThread:true, recycle:false
2026-03-10 00:54:21,610 INFO o.a.j.t.JMeterThread: Thread finished: Thread Group 1-59
2026-03-10 00:54:21,610 INFO o.a.j.t.JMeterThread: Stop Thread seen for thread Thread Group 1-52, reason: org.apache.jorphan.util.JMeterStopThreadException: End of file:/Users/gimhuiheon/Documents/study/java-multi-threading/resources/throughput/search_words.csv detected for CSV DataSet:CSV Data Set Config configured with stopThread:true, recycle:false
2026-03-10 00:54:21,610 INFO o.a.j.t.JMeterThread: Thread finished: Thread Group 1-60
2026-03-10 00:54:21,610 INFO o.a.j.t.JMeterThread: Thread finished: Thread Group 1-52
2026-03-10 00:54:21,610 INFO o.a.j.t.JMeterThread: Stop Thread seen for thread Thread Group 1-27, reason: org.apache.jorphan.util.JMeterStopThreadException: End of file:/Users/gimhuiheon/Documents/study/java-multi-threading/resources/throughput/search_words.csv detected for CSV DataSet:CSV Data Set Config configured with stopThread:true, recycle:false
2026-03-10 00:54:21,610 INFO o.a.j.t.JMeterThread: Thread finished: Thread Group 1-27
2026-03-10 00:54:21,611 INFO o.a.j.t.JMeterThread: Stop Thread seen for thread Thread Group 1-73, reason: org.apache.jorphan.util.JMeterStopThreadException: End of file:/Users/gimhuiheon/Documents/study/java-multi-threading/resources/throughput/search_words.csv detected for CSV DataSet:CSV Data Set Config configured with stopThread:true, recycle:false
2026-03-10 00:54:21,611 INFO o.a.j.t.JMeterThread: Thread finished: Thread Group 1-73
2026-03-10 00:54:21,612 INFO o.a.j.t.JMeterThread: Stop Thread seen for thread Thread Group 1-9, reason: org.apache.jorphan.util.JMeterStopThreadException: End of file:/Users/gimhuiheon/Documents/study/java-multi-threading/resources/throughput/search_words.csv detected for CSV DataSet:CSV Data Set Config configured with stopThread:true, recycle:false
2026-03-10 00:54:21,612 INFO o.a.j.t.JMeterThread: Thread finished: Thread Group 1-9
2026-03-10 00:54:21,612 INFO o.a.j.t.JMeterThread: Stop Thread seen for thread Thread Group 1-6, reason: org.apache.jorphan.util.JMeterStopThreadException: End of file:/Users/gimhuiheon/Documents/study/java-multi-threading/resources/throughput/search_words.csv detected for CSV DataSet:CSV Data Set Config configured with stopThread:true, recycle:false
2026-03-10 00:54:21,612 INFO o.a.j.t.JMeterThread: Thread finished: Thread Group 1-6
2026-03-10 00:54:21,612 INFO o.a.j.t.JMeterThread: Stop Thread seen for thread Thread Group 1-86, reason: org.apache.jorphan.util.JMeterStopThreadException: End of file:/Users/gimhuiheon/Documents/study/java-multi-threading/resources/throughput/search_words.csv detected for CSV DataSet:CSV Data Set Config configured with stopThread:true, recycle:false
2026-03-10 00:54:21,612 INFO o.a.j.t.JMeterThread: Thread finished: Thread Group 1-86
2026-03-10 00:54:21,612 INFO o.a.j.t.JMeterThread: Stop Thread seen for thread Thread Group 1-94, reason: org.apache.jorphan.util.JMeterStopThreadException: End of file:/Users/gimhuiheon/Documents/study/java-multi-threading/resources/throughput/search_words.csv detected for CSV DataSet:CSV Data Set Config configured with stopThread:true, recycle:false
2026-03-10 00:54:21,612 INFO o.a.j.t.JMeterThread: Thread finished: Thread Group 1-94
2026-03-10 00:54:21,613 INFO o.a.j.t.JMeterThread: Stop Thread seen for thread Thread Group 1-56, reason: org.apache.jorphan.util.JMeterStopThreadException: End of file:/Users/gimhuiheon/Documents/study/java-multi-threading/resources/throughput/search_words.csv detected for CSV DataSet:CSV Data Set Config configured with stopThread:true, recycle:false
2026-03-10 00:54:21,613 INFO o.a.j.t.JMeterThread: Stop Thread seen for thread Thread Group 1-99, reason: org.apache.jorphan.util.JMeterStopThreadException: End of file:/Users/gimhuiheon/Documents/study/java-multi-threading/resources/throughput/search_words.csv detected for CSV DataSet:CSV Data Set Config configured with stopThread:true, recycle:false
2026-03-10 00:54:21,613 INFO o.a.j.t.JMeterThread: Stop Thread seen for thread Thread Group 1-48, reason: org.apache.jorphan.util.JMeterStopThreadException: End of file:/Users/gimhuiheon/Documents/study/java-multi-threading/resources/throughput/search_words.csv detected for CSV DataSet:CSV Data Set Config configured with stopThread:true, recycle:false
2026-03-10 00:54:21,613 INFO o.a.j.t.JMeterThread: Thread finished: Thread Group 1-56
2026-03-10 00:54:21,613 INFO o.a.j.t.JMeterThread: Thread finished: Thread Group 1-99
2026-03-10 00:54:21,613 INFO o.a.j.t.JMeterThread: Thread finished: Thread Group 1-48
2026-03-10 00:54:21,614 INFO o.a.j.t.JMeterThread: Stop Thread seen for thread Thread Group 1-33, reason: org.apache.jorphan.util.JMeterStopThreadException: End of file:/Users/gimhuiheon/Documents/study/java-multi-threading/resources/throughput/search_words.csv detected for CSV DataSet:CSV Data Set Config configured with stopThread:true, recycle:false
2026-03-10 00:54:21,614 INFO o.a.j.t.JMeterThread: Stop Thread seen for thread Thread Group 1-88, reason: org.apache.jorphan.util.JMeterStopThreadException: End of file:/Users/gimhuiheon/Documents/study/java-multi-threading/resources/throughput/search_words.csv detected for CSV DataSet:CSV Data Set Config configured with stopThread:true, recycle:false
2026-03-10 00:54:21,614 INFO o.a.j.t.JMeterThread: Thread finished: Thread Group 1-33
2026-03-10 00:54:21,614 INFO o.a.j.t.JMeterThread: Thread finished: Thread Group 1-88
2026-03-10 00:54:21,615 INFO o.a.j.t.JMeterThread: Stop Thread seen for thread Thread Group 1-64, reason: org.apache.jorphan.util.JMeterStopThreadException: End of file:/Users/gimhuiheon/Documents/study/java-multi-threading/resources/throughput/search_words.csv detected for CSV DataSet:CSV Data Set Config configured with stopThread:true, recycle:false
2026-03-10 00:54:21,615 INFO o.a.j.t.JMeterThread: Thread finished: Thread Group 1-64
2026-03-10 00:54:21,615 INFO o.a.j.t.JMeterThread: Stop Thread seen for thread Thread Group 1-85, reason: org.apache.jorphan.util.JMeterStopThreadException: End of file:/Users/gimhuiheon/Documents/study/java-multi-threading/resources/throughput/search_words.csv detected for CSV DataSet:CSV Data Set Config configured with stopThread:true, recycle:false
2026-03-10 00:54:21,615 INFO o.a.j.t.JMeterThread: Thread finished: Thread Group 1-85
2026-03-10 00:54:21,615 INFO o.a.j.t.JMeterThread: Stop Thread seen for thread Thread Group 1-91, reason: org.apache.jorphan.util.JMeterStopThreadException: End of file:/Users/gimhuiheon/Documents/study/java-multi-threading/resources/throughput/search_words.csv detected for CSV DataSet:CSV Data Set Config configured with stopThread:true, recycle:false
2026-03-10 00:54:21,615 INFO o.a.j.t.JMeterThread: Stop Thread seen for thread Thread Group 1-5, reason: org.apache.jorphan.util.JMeterStopThreadException: End of file:/Users/gimhuiheon/Documents/study/java-multi-threading/resources/throughput/search_words.csv detected for CSV DataSet:CSV Data Set Config configured with stopThread:true, recycle:false
2026-03-10 00:54:21,616 INFO o.a.j.t.JMeterThread: Thread finished: Thread Group 1-91
2026-03-10 00:54:21,616 INFO o.a.j.t.JMeterThread: Thread finished: Thread Group 1-5
2026-03-10 00:54:21,616 INFO o.a.j.t.JMeterThread: Stop Thread seen for thread Thread Group 1-70, reason: org.apache.jorphan.util.JMeterStopThreadException: End of file:/Users/gimhuiheon/Documents/study/java-multi-threading/resources/throughput/search_words.csv detected for CSV DataSet:CSV Data Set Config configured with stopThread:true, recycle:false
2026-03-10 00:54:21,616 INFO o.a.j.t.JMeterThread: Thread finished: Thread Group 1-70
2026-03-10 00:54:21,617 INFO o.a.j.t.JMeterThread: Stop Thread seen for thread Thread Group 1-97, reason: org.apache.jorphan.util.JMeterStopThreadException: End of file:/Users/gimhuiheon/Documents/study/java-multi-threading/resources/throughput/search_words.csv detected for CSV DataSet:CSV Data Set Config configured with stopThread:true, recycle:false
2026-03-10 00:54:21,617 INFO o.a.j.t.JMeterThread: Thread finished: Thread Group 1-97
2026-03-10 00:54:21,617 INFO o.a.j.t.JMeterThread: Stop Thread seen for thread Thread Group 1-21, reason: org.apache.jorphan.util.JMeterStopThreadException: End of file:/Users/gimhuiheon/Documents/study/java-multi-threading/resources/throughput/search_words.csv detected for CSV DataSet:CSV Data Set Config configured with stopThread:true, recycle:false
2026-03-10 00:54:21,617 INFO o.a.j.t.JMeterThread: Thread finished: Thread Group 1-21
2026-03-10 00:54:21,618 INFO o.a.j.t.JMeterThread: Stop Thread seen for thread Thread Group 1-63, reason: org.apache.jorphan.util.JMeterStopThreadException: End of file:/Users/gimhuiheon/Documents/study/java-multi-threading/resources/throughput/search_words.csv detected for CSV DataSet:CSV Data Set Config configured with stopThread:true, recycle:false
2026-03-10 00:54:21,618 INFO o.a.j.t.JMeterThread: Stop Thread seen for thread Thread Group 1-96, reason: org.apache.jorphan.util.JMeterStopThreadException: End of file:/Users/gimhuiheon/Documents/study/java-multi-threading/resources/throughput/search_words.csv detected for CSV DataSet:CSV Data Set Config configured with stopThread:true, recycle:false
2026-03-10 00:54:21,618 INFO o.a.j.t.JMeterThread: Stop Thread seen for thread Thread Group 1-20, reason: org.apache.jorphan.util.JMeterStopThreadException: End of file:/Users/gimhuiheon/Documents/study/java-multi-threading/resources/throughput/search_words.csv detected for CSV DataSet:CSV Data Set Config configured with stopThread:true, recycle:false
2026-03-10 00:54:21,618 INFO o.a.j.t.JMeterThread: Thread finished: Thread Group 1-20
2026-03-10 00:54:21,618 INFO o.a.j.t.JMeterThread: Thread finished: Thread Group 1-63
2026-03-10 00:54:21,618 INFO o.a.j.t.JMeterThread: Thread finished: Thread Group 1-96
2026-03-10 00:54:21,618 INFO o.a.j.t.JMeterThread: Stop Thread seen for thread Thread Group 1-14, reason: org.apache.jorphan.util.JMeterStopThreadException: End of file:/Users/gimhuiheon/Documents/study/java-multi-threading/resources/throughput/search_words.csv detected for CSV DataSet:CSV Data Set Config configured with stopThread:true, recycle:false
2026-03-10 00:54:21,618 INFO o.a.j.t.JMeterThread: Thread finished: Thread Group 1-14
2026-03-10 00:54:21,619 INFO o.a.j.t.JMeterThread: Stop Thread seen for thread Thread Group 1-57, reason: org.apache.jorphan.util.JMeterStopThreadException: End of file:/Users/gimhuiheon/Documents/study/java-multi-threading/resources/throughput/search_words.csv detected for CSV DataSet:CSV Data Set Config configured with stopThread:true, recycle:false
2026-03-10 00:54:21,620 INFO o.a.j.t.JMeterThread: Thread finished: Thread Group 1-57
2026-03-10 00:54:21,620 INFO o.a.j.t.JMeterThread: Stop Thread seen for thread Thread Group 1-47, reason: org.apache.jorphan.util.JMeterStopThreadException: End of file:/Users/gimhuiheon/Documents/study/java-multi-threading/resources/throughput/search_words.csv detected for CSV DataSet:CSV Data Set Config configured with stopThread:true, recycle:false
2026-03-10 00:54:21,620 INFO o.a.j.t.JMeterThread: Thread finished: Thread Group 1-47
2026-03-10 00:54:21,621 INFO o.a.j.t.JMeterThread: Stop Thread seen for thread Thread Group 1-45, reason: org.apache.jorphan.util.JMeterStopThreadException: End of file:/Users/gimhuiheon/Documents/study/java-multi-threading/resources/throughput/search_words.csv detected for CSV DataSet:CSV Data Set Config configured with stopThread:true, recycle:false
2026-03-10 00:54:21,621 INFO o.a.j.t.JMeterThread: Thread finished: Thread Group 1-45
2026-03-10 00:54:21,621 INFO o.a.j.t.JMeterThread: Stop Thread seen for thread Thread Group 1-25, reason: org.apache.jorphan.util.JMeterStopThreadException: End of file:/Users/gimhuiheon/Documents/study/java-multi-threading/resources/throughput/search_words.csv detected for CSV DataSet:CSV Data Set Config configured with stopThread:true, recycle:false
2026-03-10 00:54:21,621 INFO o.a.j.t.JMeterThread: Thread finished: Thread Group 1-25
2026-03-10 00:54:21,621 INFO o.a.j.t.JMeterThread: Stop Thread seen for thread Thread Group 1-8, reason: org.apache.jorphan.util.JMeterStopThreadException: End of file:/Users/gimhuiheon/Documents/study/java-multi-threading/resources/throughput/search_words.csv detected for CSV DataSet:CSV Data Set Config configured with stopThread:true, recycle:false
2026-03-10 00:54:21,621 INFO o.a.j.t.JMeterThread: Thread finished: Thread Group 1-8
2026-03-10 00:54:21,622 INFO o.a.j.t.JMeterThread: Stop Thread seen for thread Thread Group 1-16, reason: org.apache.jorphan.util.JMeterStopThreadException: End of file:/Users/gimhuiheon/Documents/study/java-multi-threading/resources/throughput/search_words.csv detected for CSV DataSet:CSV Data Set Config configured with stopThread:true, recycle:false
2026-03-10 00:54:21,622 INFO o.a.j.t.JMeterThread: Thread finished: Thread Group 1-16
2026-03-10 00:54:21,623 INFO o.a.j.t.JMeterThread: Stop Thread seen for thread Thread Group 1-15, reason: org.apache.jorphan.util.JMeterStopThreadException: End of file:/Users/gimhuiheon/Documents/study/java-multi-threading/resources/throughput/search_words.csv detected for CSV DataSet:CSV Data Set Config configured with stopThread:true, recycle:false
2026-03-10 00:54:21,623 INFO o.a.j.t.JMeterThread: Thread finished: Thread Group 1-15
2026-03-10 00:54:21,623 INFO o.a.j.t.JMeterThread: Stop Thread seen for thread Thread Group 1-80, reason: org.apache.jorphan.util.JMeterStopThreadException: End of file:/Users/gimhuiheon/Documents/study/java-multi-threading/resources/throughput/search_words.csv detected for CSV DataSet:CSV Data Set Config configured with stopThread:true, recycle:false
2026-03-10 00:54:21,623 INFO o.a.j.t.JMeterThread: Thread finished: Thread Group 1-80
2026-03-10 00:54:21,624 INFO o.a.j.t.JMeterThread: Stop Thread seen for thread Thread Group 1-100, reason: org.apache.jorphan.util.JMeterStopThreadException: End of file:/Users/gimhuiheon/Documents/study/java-multi-threading/resources/throughput/search_words.csv detected for CSV DataSet:CSV Data Set Config configured with stopThread:true, recycle:false
2026-03-10 00:54:21,624 INFO o.a.j.t.JMeterThread: Thread finished: Thread Group 1-100
2026-03-10 00:54:21,624 INFO o.a.j.t.JMeterThread: Stop Thread seen for thread Thread Group 1-81, reason: org.apache.jorphan.util.JMeterStopThreadException: End of file:/Users/gimhuiheon/Documents/study/java-multi-threading/resources/throughput/search_words.csv detected for CSV DataSet:CSV Data Set Config configured with stopThread:true, recycle:false
2026-03-10 00:54:21,624 INFO o.a.j.t.JMeterThread: Thread finished: Thread Group 1-81
2026-03-10 00:54:21,624 INFO o.a.j.t.JMeterThread: Stop Thread seen for thread Thread Group 1-50, reason: org.apache.jorphan.util.JMeterStopThreadException: End of file:/Users/gimhuiheon/Documents/study/java-multi-threading/resources/throughput/search_words.csv detected for CSV DataSet:CSV Data Set Config configured with stopThread:true, recycle:false
2026-03-10 00:54:21,624 INFO o.a.j.t.JMeterThread: Thread finished: Thread Group 1-50
2026-03-10 00:54:21,624 INFO o.a.j.t.JMeterThread: Stop Thread seen for thread Thread Group 1-17, reason: org.apache.jorphan.util.JMeterStopThreadException: End of file:/Users/gimhuiheon/Documents/study/java-multi-threading/resources/throughput/search_words.csv detected for CSV DataSet:CSV Data Set Config configured with stopThread:true, recycle:false
2026-03-10 00:54:21,625 INFO o.a.j.t.JMeterThread: Thread finished: Thread Group 1-17
2026-03-10 00:54:21,625 INFO o.a.j.t.JMeterThread: Stop Thread seen for thread Thread Group 1-12, reason: org.apache.jorphan.util.JMeterStopThreadException: End of file:/Users/gimhuiheon/Documents/study/java-multi-threading/resources/throughput/search_words.csv detected for CSV DataSet:CSV Data Set Config configured with stopThread:true, recycle:false
2026-03-10 00:54:21,625 INFO o.a.j.t.JMeterThread: Thread finished: Thread Group 1-12
2026-03-10 00:54:21,625 INFO o.a.j.t.JMeterThread: Stop Thread seen for thread Thread Group 1-78, reason: org.apache.jorphan.util.JMeterStopThreadException: End of file:/Users/gimhuiheon/Documents/study/java-multi-threading/resources/throughput/search_words.csv detected for CSV DataSet:CSV Data Set Config configured with stopThread:true, recycle:false
2026-03-10 00:54:21,625 INFO o.a.j.t.JMeterThread: Thread finished: Thread Group 1-78
2026-03-10 00:54:21,625 INFO o.a.j.t.JMeterThread: Stop Thread seen for thread Thread Group 1-53, reason: org.apache.jorphan.util.JMeterStopThreadException: End of file:/Users/gimhuiheon/Documents/study/java-multi-threading/resources/throughput/search_words.csv detected for CSV DataSet:CSV Data Set Config configured with stopThread:true, recycle:false
2026-03-10 00:54:21,625 INFO o.a.j.t.JMeterThread: Thread finished: Thread Group 1-53
2026-03-10 00:54:21,626 INFO o.a.j.t.JMeterThread: Stop Thread seen for thread Thread Group 1-26, reason: org.apache.jorphan.util.JMeterStopThreadException: End of file:/Users/gimhuiheon/Documents/study/java-multi-threading/resources/throughput/search_words.csv detected for CSV DataSet:CSV Data Set Config configured with stopThread:true, recycle:false
2026-03-10 00:54:21,626 INFO o.a.j.t.JMeterThread: Thread finished: Thread Group 1-26
2026-03-10 00:54:21,626 INFO o.a.j.t.JMeterThread: Stop Thread seen for thread Thread Group 1-31, reason: org.apache.jorphan.util.JMeterStopThreadException: End of file:/Users/gimhuiheon/Documents/study/java-multi-threading/resources/throughput/search_words.csv detected for CSV DataSet:CSV Data Set Config configured with stopThread:true, recycle:false
2026-03-10 00:54:21,626 INFO o.a.j.t.JMeterThread: Thread finished: Thread Group 1-31
2026-03-10 00:54:21,626 INFO o.a.j.t.JMeterThread: Stop Thread seen for thread Thread Group 1-67, reason: org.apache.jorphan.util.JMeterStopThreadException: End of file:/Users/gimhuiheon/Documents/study/java-multi-threading/resources/throughput/search_words.csv detected for CSV DataSet:CSV Data Set Config configured with stopThread:true, recycle:false
2026-03-10 00:54:21,626 INFO o.a.j.t.JMeterThread: Stop Thread seen for thread Thread Group 1-1, reason: org.apache.jorphan.util.JMeterStopThreadException: End of file:/Users/gimhuiheon/Documents/study/java-multi-threading/resources/throughput/search_words.csv detected for CSV DataSet:CSV Data Set Config configured with stopThread:true, recycle:false
2026-03-10 00:54:21,626 INFO o.a.j.t.JMeterThread: Stop Thread seen for thread Thread Group 1-76, reason: org.apache.jorphan.util.JMeterStopThreadException: End of file:/Users/gimhuiheon/Documents/study/java-multi-threading/resources/throughput/search_words.csv detected for CSV DataSet:CSV Data Set Config configured with stopThread:true, recycle:false
2026-03-10 00:54:21,626 INFO o.a.j.t.JMeterThread: Thread finished: Thread Group 1-67
2026-03-10 00:54:21,626 INFO o.a.j.t.JMeterThread: Thread finished: Thread Group 1-1
2026-03-10 00:54:21,626 INFO o.a.j.t.JMeterThread: Thread finished: Thread Group 1-76
2026-03-10 00:54:21,627 INFO o.a.j.t.JMeterThread: Stop Thread seen for thread Thread Group 1-35, reason: org.apache.jorphan.util.JMeterStopThreadException: End of file:/Users/gimhuiheon/Documents/study/java-multi-threading/resources/throughput/search_words.csv detected for CSV DataSet:CSV Data Set Config configured with stopThread:true, recycle:false
2026-03-10 00:54:21,627 INFO o.a.j.t.JMeterThread: Thread finished: Thread Group 1-35
2026-03-10 00:54:21,627 INFO o.a.j.t.JMeterThread: Stop Thread seen for thread Thread Group 1-3, reason: org.apache.jorphan.util.JMeterStopThreadException: End of file:/Users/gimhuiheon/Documents/study/java-multi-threading/resources/throughput/search_words.csv detected for CSV DataSet:CSV Data Set Config configured with stopThread:true, recycle:false
2026-03-10 00:54:21,627 INFO o.a.j.t.JMeterThread: Thread finished: Thread Group 1-3
2026-03-10 00:54:21,628 INFO o.a.j.t.JMeterThread: Stop Thread seen for thread Thread Group 1-77, reason: org.apache.jorphan.util.JMeterStopThreadException: End of file:/Users/gimhuiheon/Documents/study/java-multi-threading/resources/throughput/search_words.csv detected for CSV DataSet:CSV Data Set Config configured with stopThread:true, recycle:false
2026-03-10 00:54:21,628 INFO o.a.j.t.JMeterThread: Thread finished: Thread Group 1-77
2026-03-10 00:54:21,628 INFO o.a.j.t.JMeterThread: Stop Thread seen for thread Thread Group 1-23, reason: org.apache.jorphan.util.JMeterStopThreadException: End of file:/Users/gimhuiheon/Documents/study/java-multi-threading/resources/throughput/search_words.csv detected for CSV DataSet:CSV Data Set Config configured with stopThread:true, recycle:false
2026-03-10 00:54:21,628 INFO o.a.j.t.JMeterThread: Thread finished: Thread Group 1-23
2026-03-10 00:54:21,628 INFO o.a.j.t.JMeterThread: Stop Thread seen for thread Thread Group 1-46, reason: org.apache.jorphan.util.JMeterStopThreadException: End of file:/Users/gimhuiheon/Documents/study/java-multi-threading/resources/throughput/search_words.csv detected for CSV DataSet:CSV Data Set Config configured with stopThread:true, recycle:false
2026-03-10 00:54:21,628 INFO o.a.j.t.JMeterThread: Thread finished: Thread Group 1-46
2026-03-10 00:54:21,629 INFO o.a.j.t.JMeterThread: Stop Thread seen for thread Thread Group 1-83, reason: org.apache.jorphan.util.JMeterStopThreadException: End of file:/Users/gimhuiheon/Documents/study/java-multi-threading/resources/throughput/search_words.csv detected for CSV DataSet:CSV Data Set Config configured with stopThread:true, recycle:false
2026-03-10 00:54:21,629 INFO o.a.j.t.JMeterThread: Thread finished: Thread Group 1-83
2026-03-10 00:54:21,629 INFO o.a.j.t.JMeterThread: Stop Thread seen for thread Thread Group 1-18, reason: org.apache.jorphan.util.JMeterStopThreadException: End of file:/Users/gimhuiheon/Documents/study/java-multi-threading/resources/throughput/search_words.csv detected for CSV DataSet:CSV Data Set Config configured with stopThread:true, recycle:false
2026-03-10 00:54:21,629 INFO o.a.j.t.JMeterThread: Thread finished: Thread Group 1-18
2026-03-10 00:54:21,629 INFO o.a.j.t.JMeterThread: Stop Thread seen for thread Thread Group 1-32, reason: org.apache.jorphan.util.JMeterStopThreadException: End of file:/Users/gimhuiheon/Documents/study/java-multi-threading/resources/throughput/search_words.csv detected for CSV DataSet:CSV Data Set Config configured with stopThread:true, recycle:false
2026-03-10 00:54:21,629 INFO o.a.j.t.JMeterThread: Thread finished: Thread Group 1-32
2026-03-10 00:54:21,629 INFO o.a.j.t.JMeterThread: Stop Thread seen for thread Thread Group 1-84, reason: org.apache.jorphan.util.JMeterStopThreadException: End of file:/Users/gimhuiheon/Documents/study/java-multi-threading/resources/throughput/search_words.csv detected for CSV DataSet:CSV Data Set Config configured with stopThread:true, recycle:false
2026-03-10 00:54:21,629 INFO o.a.j.t.JMeterThread: Thread finished: Thread Group 1-84
2026-03-10 00:54:21,629 INFO o.a.j.t.JMeterThread: Stop Thread seen for thread Thread Group 1-43, reason: org.apache.jorphan.util.JMeterStopThreadException: End of file:/Users/gimhuiheon/Documents/study/java-multi-threading/resources/throughput/search_words.csv detected for CSV DataSet:CSV Data Set Config configured with stopThread:true, recycle:false
2026-03-10 00:54:21,629 INFO o.a.j.t.JMeterThread: Thread finished: Thread Group 1-43
2026-03-10 00:54:21,630 INFO o.a.j.t.JMeterThread: Stop Thread seen for thread Thread Group 1-55, reason: org.apache.jorphan.util.JMeterStopThreadException: End of file:/Users/gimhuiheon/Documents/study/java-multi-threading/resources/throughput/search_words.csv detected for CSV DataSet:CSV Data Set Config configured with stopThread:true, recycle:false
2026-03-10 00:54:21,630 INFO o.a.j.t.JMeterThread: Thread finished: Thread Group 1-55
2026-03-10 00:54:21,630 INFO o.a.j.t.JMeterThread: Stop Thread seen for thread Thread Group 1-42, reason: org.apache.jorphan.util.JMeterStopThreadException: End of file:/Users/gimhuiheon/Documents/study/java-multi-threading/resources/throughput/search_words.csv detected for CSV DataSet:CSV Data Set Config configured with stopThread:true, recycle:false
2026-03-10 00:54:21,630 INFO o.a.j.t.JMeterThread: Thread finished: Thread Group 1-42
2026-03-10 00:54:21,630 INFO o.a.j.t.JMeterThread: Stop Thread seen for thread Thread Group 1-38, reason: org.apache.jorphan.util.JMeterStopThreadException: End of file:/Users/gimhuiheon/Documents/study/java-multi-threading/resources/throughput/search_words.csv detected for CSV DataSet:CSV Data Set Config configured with stopThread:true, recycle:false
2026-03-10 00:54:21,630 INFO o.a.j.t.JMeterThread: Thread finished: Thread Group 1-38
2026-03-10 00:54:21,630 INFO o.a.j.t.JMeterThread: Stop Thread seen for thread Thread Group 1-41, reason: org.apache.jorphan.util.JMeterStopThreadException: End of file:/Users/gimhuiheon/Documents/study/java-multi-threading/resources/throughput/search_words.csv detected for CSV DataSet:CSV Data Set Config configured with stopThread:true, recycle:false
2026-03-10 00:54:21,630 INFO o.a.j.t.JMeterThread: Thread finished: Thread Group 1-41
2026-03-10 00:54:21,631 INFO o.a.j.t.JMeterThread: Stop Thread seen for thread Thread Group 1-72, reason: org.apache.jorphan.util.JMeterStopThreadException: End of file:/Users/gimhuiheon/Documents/study/java-multi-threading/resources/throughput/search_words.csv detected for CSV DataSet:CSV Data Set Config configured with stopThread:true, recycle:false
2026-03-10 00:54:21,631 INFO o.a.j.t.JMeterThread: Thread finished: Thread Group 1-72
2026-03-10 00:54:21,631 INFO o.a.j.t.JMeterThread: Stop Thread seen for thread Thread Group 1-74, reason: org.apache.jorphan.util.JMeterStopThreadException: End of file:/Users/gimhuiheon/Documents/study/java-multi-threading/resources/throughput/search_words.csv detected for CSV DataSet:CSV Data Set Config configured with stopThread:true, recycle:false
2026-03-10 00:54:21,631 INFO o.a.j.t.JMeterThread: Thread finished: Thread Group 1-74
2026-03-10 00:54:21,631 INFO o.a.j.t.JMeterThread: Stop Thread seen for thread Thread Group 1-79, reason: org.apache.jorphan.util.JMeterStopThreadException: End of file:/Users/gimhuiheon/Documents/study/java-multi-threading/resources/throughput/search_words.csv detected for CSV DataSet:CSV Data Set Config configured with stopThread:true, recycle:false
2026-03-10 00:54:21,631 INFO o.a.j.t.JMeterThread: Thread finished: Thread Group 1-79
2026-03-10 00:54:21,631 INFO o.a.j.t.JMeterThread: Stop Thread seen for thread Thread Group 1-75, reason: org.apache.jorphan.util.JMeterStopThreadException: End of file:/Users/gimhuiheon/Documents/study/java-multi-threading/resources/throughput/search_words.csv detected for CSV DataSet:CSV Data Set Config configured with stopThread:true, recycle:false
2026-03-10 00:54:21,631 INFO o.a.j.t.JMeterThread: Thread finished: Thread Group 1-75
2026-03-10 00:54:21,631 INFO o.a.j.e.StandardJMeterEngine: Notifying test listeners of end of test
2026-03-10 00:54:21,631 INFO o.a.j.s.FileServer: Close: /Users/gimhuiheon/Documents/study/java-multi-threading/resources/throughput/search_words.csv
2026-03-10 00:54:21,631 INFO o.a.j.g.u.JMeterMenuBar: setRunning(false, *local*)
2026-03-10 00:54:23,478 INFO o.a.j.e.StandardJMeterEngine: Running the test!
2026-03-10 00:54:23,478 INFO o.a.j.s.SampleEvent: List of sample_variables: []
2026-03-10 00:54:23,478 INFO o.a.j.g.u.JMeterMenuBar: setRunning(true, *local*)
2026-03-10 00:54:23,501 INFO o.a.j.e.StandardJMeterEngine: Starting ThreadGroup: 1 : Thread Group
2026-03-10 00:54:23,502 INFO o.a.j.e.StandardJMeterEngine: Starting 100 threads for group Thread Group.
2026-03-10 00:54:23,502 INFO o.a.j.e.StandardJMeterEngine: Thread will continue on error
2026-03-10 00:54:23,502 INFO o.a.j.t.ThreadGroup: Starting thread group... number=1 threads=100 ramp-up=1 delayedStart=false
2026-03-10 00:54:23,502 INFO o.a.j.t.JMeterThread: Thread started: Thread Group 1-1
2026-03-10 00:54:23,503 INFO o.a.j.s.FileServer: Stored: /Users/gimhuiheon/Documents/study/java-multi-threading/resources/throughput/search_words.csv
2026-03-10 00:54:23,509 INFO o.a.j.t.ThreadGroup: Started thread group number 1
2026-03-10 00:54:23,509 INFO o.a.j.e.StandardJMeterEngine: All thread groups have been started
2026-03-10 00:54:23,515 INFO o.a.j.t.JMeterThread: Thread started: Thread Group 1-2
2026-03-10 00:54:23,525 INFO o.a.j.t.JMeterThread: Thread started: Thread Group 1-3
2026-03-10 00:54:23,534 INFO o.a.j.t.JMeterThread: Thread started: Thread Group 1-4
2026-03-10 00:54:23,547 INFO o.a.j.t.JMeterThread: Thread started: Thread Group 1-5
2026-03-10 00:54:23,553 INFO o.a.j.t.JMeterThread: Thread started: Thread Group 1-6
2026-03-10 00:54:23,566 INFO o.a.j.t.JMeterThread: Thread started: Thread Group 1-7
2026-03-10 00:54:23,573 INFO o.a.j.t.JMeterThread: Thread started: Thread Group 1-8
2026-03-10 00:54:23,583 INFO o.a.j.t.JMeterThread: Thread started: Thread Group 1-9
2026-03-10 00:54:23,597 INFO o.a.j.t.JMeterThread: Thread started: Thread Group 1-10
2026-03-10 00:54:23,606 INFO o.a.j.t.JMeterThread: Thread started: Thread Group 1-11
2026-03-10 00:54:23,618 INFO o.a.j.t.JMeterThread: Thread started: Thread Group 1-12
2026-03-10 00:54:23,628 INFO o.a.j.t.JMeterThread: Thread started: Thread Group 1-13
2026-03-10 00:54:23,638 INFO o.a.j.t.JMeterThread: Thread started: Thread Group 1-14
2026-03-10 00:54:23,648 INFO o.a.j.t.JMeterThread: Thread started: Thread Group 1-15
2026-03-10 00:54:23,658 INFO o.a.j.t.JMeterThread: Thread started: Thread Group 1-16
2026-03-10 00:54:23,669 INFO o.a.j.t.JMeterThread: Thread started: Thread Group 1-17
2026-03-10 00:54:23,677 INFO o.a.j.t.JMeterThread: Thread started: Thread Group 1-18
2026-03-10 00:54:23,688 INFO o.a.j.t.JMeterThread: Thread started: Thread Group 1-19
2026-03-10 00:54:23,699 INFO o.a.j.t.JMeterThread: Thread started: Thread Group 1-20
2026-03-10 00:54:23,707 INFO o.a.j.t.JMeterThread: Thread started: Thread Group 1-21
2026-03-10 00:54:23,718 INFO o.a.j.t.JMeterThread: Thread started: Thread Group 1-22
2026-03-10 00:54:23,728 INFO o.a.j.t.JMeterThread: Thread started: Thread Group 1-23
2026-03-10 00:54:23,738 INFO o.a.j.t.JMeterThread: Thread started: Thread Group 1-24
2026-03-10 00:54:23,747 INFO o.a.j.t.JMeterThread: Thread started: Thread Group 1-25
2026-03-10 00:54:23,753 INFO o.a.j.t.JMeterThread: Thread started: Thread Group 1-26
2026-03-10 00:54:23,768 INFO o.a.j.t.JMeterThread: Thread started: Thread Group 1-27
2026-03-10 00:54:23,777 INFO o.a.j.t.JMeterThread: Thread started: Thread Group 1-28
2026-03-10 00:54:23,788 INFO o.a.j.t.JMeterThread: Thread started: Thread Group 1-29
2026-03-10 00:54:23,796 INFO o.a.j.t.JMeterThread: Thread started: Thread Group 1-30
2026-03-10 00:54:23,802 INFO o.a.j.t.JMeterThread: Thread started: Thread Group 1-31
2026-03-10 00:54:23,817 INFO o.a.j.t.JMeterThread: Thread started: Thread Group 1-32
2026-03-10 00:54:23,825 INFO o.a.j.t.JMeterThread: Thread started: Thread Group 1-33
2026-03-10 00:54:23,837 INFO o.a.j.t.JMeterThread: Thread started: Thread Group 1-34
2026-03-10 00:54:23,847 INFO o.a.j.t.JMeterThread: Thread started: Thread Group 1-35
2026-03-10 00:54:23,853 INFO o.a.j.t.JMeterThread: Thread started: Thread Group 1-36
2026-03-10 00:54:23,866 INFO o.a.j.t.JMeterThread: Thread started: Thread Group 1-37
2026-03-10 00:54:23,877 INFO o.a.j.t.JMeterThread: Thread started: Thread Group 1-38
2026-03-10 00:54:23,887 INFO o.a.j.t.JMeterThread: Thread started: Thread Group 1-39
2026-03-10 00:54:23,897 INFO o.a.j.t.JMeterThread: Thread started: Thread Group 1-40
2026-03-10 00:54:23,907 INFO o.a.j.t.JMeterThread: Thread started: Thread Group 1-41
2026-03-10 00:54:23,917 INFO o.a.j.t.JMeterThread: Thread started: Thread Group 1-42
2026-03-10 00:54:23,925 INFO o.a.j.t.JMeterThread: Thread started: Thread Group 1-43
2026-03-10 00:54:23,935 INFO o.a.j.t.JMeterThread: Thread started: Thread Group 1-44
2026-03-10 00:54:23,947 INFO o.a.j.t.JMeterThread: Thread started: Thread Group 1-45
2026-03-10 00:54:23,952 INFO o.a.j.t.JMeterThread: Thread started: Thread Group 1-46
2026-03-10 00:54:23,966 INFO o.a.j.t.JMeterThread: Thread started: Thread Group 1-47
2026-03-10 00:54:23,975 INFO o.a.j.t.JMeterThread: Thread started: Thread Group 1-48
2026-03-10 00:54:23,985 INFO o.a.j.t.JMeterThread: Thread started: Thread Group 1-49
2026-03-10 00:54:23,997 INFO o.a.j.t.JMeterThread: Thread started: Thread Group 1-50
2026-03-10 00:54:24,007 INFO o.a.j.t.JMeterThread: Thread started: Thread Group 1-51
2026-03-10 00:54:24,017 INFO o.a.j.t.JMeterThread: Thread started: Thread Group 1-52
2026-03-10 00:54:24,022 INFO o.a.j.t.JMeterThread: Thread started: Thread Group 1-53
2026-03-10 00:54:24,034 INFO o.a.j.t.JMeterThread: Thread started: Thread Group 1-54
2026-03-10 00:54:24,046 INFO o.a.j.t.JMeterThread: Thread started: Thread Group 1-55
2026-03-10 00:54:24,054 INFO o.a.j.t.JMeterThread: Thread started: Thread Group 1-56
2026-03-10 00:54:24,067 INFO o.a.j.t.JMeterThread: Thread started: Thread Group 1-57
2026-03-10 00:54:24,077 INFO o.a.j.t.JMeterThread: Thread started: Thread Group 1-58
2026-03-10 00:54:24,087 INFO o.a.j.t.JMeterThread: Thread started: Thread Group 1-59
2026-03-10 00:54:24,097 INFO o.a.j.t.JMeterThread: Thread started: Thread Group 1-60
2026-03-10 00:54:24,103 INFO o.a.j.t.JMeterThread: Thread started: Thread Group 1-61
2026-03-10 00:54:24,117 INFO o.a.j.t.JMeterThread: Thread started: Thread Group 1-62
2026-03-10 00:54:24,127 INFO o.a.j.t.JMeterThread: Thread started: Thread Group 1-63
2026-03-10 00:54:24,133 INFO o.a.j.t.JMeterThread: Thread started: Thread Group 1-64
2026-03-10 00:54:24,146 INFO o.a.j.t.JMeterThread: Thread started: Thread Group 1-65
2026-03-10 00:54:24,156 INFO o.a.j.t.JMeterThread: Thread started: Thread Group 1-66
2026-03-10 00:54:24,166 INFO o.a.j.t.JMeterThread: Thread started: Thread Group 1-67
2026-03-10 00:54:24,175 INFO o.a.j.t.JMeterThread: Thread started: Thread Group 1-68
2026-03-10 00:54:24,187 INFO o.a.j.t.JMeterThread: Thread started: Thread Group 1-69
2026-03-10 00:54:24,197 INFO o.a.j.t.JMeterThread: Thread started: Thread Group 1-70
2026-03-10 00:54:24,207 INFO o.a.j.t.JMeterThread: Thread started: Thread Group 1-71
2026-03-10 00:54:24,213 INFO o.a.j.t.JMeterThread: Thread started: Thread Group 1-72
2026-03-10 00:54:24,225 INFO o.a.j.t.JMeterThread: Thread started: Thread Group 1-73
2026-03-10 00:54:24,237 INFO o.a.j.t.JMeterThread: Thread started: Thread Group 1-74
2026-03-10 00:54:24,247 INFO o.a.j.t.JMeterThread: Thread started: Thread Group 1-75
2026-03-10 00:54:24,257 INFO o.a.j.t.JMeterThread: Thread started: Thread Group 1-76
2026-03-10 00:54:24,266 INFO o.a.j.t.JMeterThread: Thread started: Thread Group 1-77
2026-03-10 00:54:24,275 INFO o.a.j.t.JMeterThread: Thread started: Thread Group 1-78
2026-03-10 00:54:24,287 INFO o.a.j.t.JMeterThread: Thread started: Thread Group 1-79
2026-03-10 00:54:24,297 INFO o.a.j.t.JMeterThread: Thread started: Thread Group 1-80
2026-03-10 00:54:24,307 INFO o.a.j.t.JMeterThread: Thread started: Thread Group 1-81
2026-03-10 00:54:24,317 INFO o.a.j.t.JMeterThread: Thread started: Thread Group 1-82
2026-03-10 00:54:24,323 INFO o.a.j.t.JMeterThread: Thread started: Thread Group 1-83
2026-03-10 00:54:24,337 INFO o.a.j.t.JMeterThread: Thread started: Thread Group 1-84
2026-03-10 00:54:24,347 INFO o.a.j.t.JMeterThread: Thread started: Thread Group 1-85
2026-03-10 00:54:24,355 INFO o.a.j.t.JMeterThread: Thread started: Thread Group 1-86
2026-03-10 00:54:24,367 INFO o.a.j.t.JMeterThread: Thread started: Thread Group 1-87
2026-03-10 00:54:24,375 INFO o.a.j.t.JMeterThread: Thread started: Thread Group 1-88
2026-03-10 00:54:24,386 INFO o.a.j.t.JMeterThread: Thread started: Thread Group 1-89
2026-03-10 00:54:24,397 INFO o.a.j.t.JMeterThread: Thread started: Thread Group 1-90
2026-03-10 00:54:24,407 INFO o.a.j.t.JMeterThread: Thread started: Thread Group 1-91
2026-03-10 00:54:24,417 INFO o.a.j.t.JMeterThread: Thread started: Thread Group 1-92
2026-03-10 00:54:24,425 INFO o.a.j.t.JMeterThread: Thread started: Thread Group 1-93
2026-03-10 00:54:24,437 INFO o.a.j.t.JMeterThread: Thread started: Thread Group 1-94
2026-03-10 00:54:24,442 INFO o.a.j.t.JMeterThread: Thread started: Thread Group 1-95
2026-03-10 00:54:24,453 INFO o.a.j.t.JMeterThread: Thread started: Thread Group 1-96
2026-03-10 00:54:24,466 INFO o.a.j.t.JMeterThread: Thread started: Thread Group 1-97
2026-03-10 00:54:24,474 INFO o.a.j.t.JMeterThread: Thread started: Thread Group 1-98
2026-03-10 00:54:24,483 INFO o.a.j.t.JMeterThread: Thread started: Thread Group 1-99
2026-03-10 00:54:24,496 INFO o.a.j.t.JMeterThread: Thread started: Thread Group 1-100
2026-03-10 00:54:24,594 INFO o.a.j.t.JMeterThread: Stop Thread seen for thread Thread Group 1-79, reason: org.apache.jorphan.util.JMeterStopThreadException: End of file:/Users/gimhuiheon/Documents/study/java-multi-threading/resources/throughput/search_words.csv detected for CSV DataSet:CSV Data Set Config configured with stopThread:true, recycle:false
2026-03-10 00:54:24,594 INFO o.a.j.t.JMeterThread: Stop Thread seen for thread Thread Group 1-45, reason: org.apache.jorphan.util.JMeterStopThreadException: End of file:/Users/gimhuiheon/Documents/study/java-multi-threading/resources/throughput/search_words.csv detected for CSV DataSet:CSV Data Set Config configured with stopThread:true, recycle:false
2026-03-10 00:54:24,594 INFO o.a.j.t.JMeterThread: Thread finished: Thread Group 1-79
2026-03-10 00:54:24,594 INFO o.a.j.t.JMeterThread: Thread finished: Thread Group 1-45
2026-03-10 00:54:24,594 INFO o.a.j.t.JMeterThread: Stop Thread seen for thread Thread Group 1-93, reason: org.apache.jorphan.util.JMeterStopThreadException: End of file:/Users/gimhuiheon/Documents/study/java-multi-threading/resources/throughput/search_words.csv detected for CSV DataSet:CSV Data Set Config configured with stopThread:true, recycle:false
2026-03-10 00:54:24,594 INFO o.a.j.t.JMeterThread: Thread finished: Thread Group 1-93
2026-03-10 00:54:24,594 INFO o.a.j.t.JMeterThread: Stop Thread seen for thread Thread Group 1-56, reason: org.apache.jorphan.util.JMeterStopThreadException: End of file:/Users/gimhuiheon/Documents/study/java-multi-threading/resources/throughput/search_words.csv detected for CSV DataSet:CSV Data Set Config configured with stopThread:true, recycle:false
2026-03-10 00:54:24,595 INFO o.a.j.t.JMeterThread: Thread finished: Thread Group 1-56
2026-03-10 00:54:24,595 INFO o.a.j.t.JMeterThread: Stop Thread seen for thread Thread Group 1-84, reason: org.apache.jorphan.util.JMeterStopThreadException: End of file:/Users/gimhuiheon/Documents/study/java-multi-threading/resources/throughput/search_words.csv detected for CSV DataSet:CSV Data Set Config configured with stopThread:true, recycle:false
2026-03-10 00:54:24,595 INFO o.a.j.t.JMeterThread: Thread finished: Thread Group 1-84
2026-03-10 00:54:24,596 INFO o.a.j.t.JMeterThread: Stop Thread seen for thread Thread Group 1-100, reason: org.apache.jorphan.util.JMeterStopThreadException: End of file:/Users/gimhuiheon/Documents/study/java-multi-threading/resources/throughput/search_words.csv detected for CSV DataSet:CSV Data Set Config configured with stopThread:true, recycle:false
2026-03-10 00:54:24,596 INFO o.a.j.t.JMeterThread: Thread finished: Thread Group 1-100
2026-03-10 00:54:24,596 INFO o.a.j.t.JMeterThread: Stop Thread seen for thread Thread Group 1-91, reason: org.apache.jorphan.util.JMeterStopThreadException: End of file:/Users/gimhuiheon/Documents/study/java-multi-threading/resources/throughput/search_words.csv detected for CSV DataSet:CSV Data Set Config configured with stopThread:true, recycle:false
2026-03-10 00:54:24,596 INFO o.a.j.t.JMeterThread: Thread finished: Thread Group 1-91
2026-03-10 00:54:24,597 INFO o.a.j.t.JMeterThread: Stop Thread seen for thread Thread Group 1-81, reason: org.apache.jorphan.util.JMeterStopThreadException: End of file:/Users/gimhuiheon/Documents/study/java-multi-threading/resources/throughput/search_words.csv detected for CSV DataSet:CSV Data Set Config configured with stopThread:true, recycle:false
2026-03-10 00:54:24,597 INFO o.a.j.t.JMeterThread: Thread finished: Thread Group 1-81
2026-03-10 00:54:24,597 INFO o.a.j.t.JMeterThread: Stop Thread seen for thread Thread Group 1-49, reason: org.apache.jorphan.util.JMeterStopThreadException: End of file:/Users/gimhuiheon/Documents/study/java-multi-threading/resources/throughput/search_words.csv detected for CSV DataSet:CSV Data Set Config configured with stopThread:true, recycle:false
2026-03-10 00:54:24,597 INFO o.a.j.t.JMeterThread: Thread finished: Thread Group 1-49
2026-03-10 00:54:24,597 INFO o.a.j.t.JMeterThread: Stop Thread seen for thread Thread Group 1-57, reason: org.apache.jorphan.util.JMeterStopThreadException: End of file:/Users/gimhuiheon/Documents/study/java-multi-threading/resources/throughput/search_words.csv detected for CSV DataSet:CSV Data Set Config configured with stopThread:true, recycle:false
2026-03-10 00:54:24,597 INFO o.a.j.t.JMeterThread: Thread finished: Thread Group 1-57
2026-03-10 00:54:24,598 INFO o.a.j.t.JMeterThread: Stop Thread seen for thread Thread Group 1-35, reason: org.apache.jorphan.util.JMeterStopThreadException: End of file:/Users/gimhuiheon/Documents/study/java-multi-threading/resources/throughput/search_words.csv detected for CSV DataSet:CSV Data Set Config configured with stopThread:true, recycle:false
2026-03-10 00:54:24,598 INFO o.a.j.t.JMeterThread: Thread finished: Thread Group 1-35
2026-03-10 00:54:24,598 INFO o.a.j.t.JMeterThread: Stop Thread seen for thread Thread Group 1-8, reason: org.apache.jorphan.util.JMeterStopThreadException: End of file:/Users/gimhuiheon/Documents/study/java-multi-threading/resources/throughput/search_words.csv detected for CSV DataSet:CSV Data Set Config configured with stopThread:true, recycle:false
2026-03-10 00:54:24,598 INFO o.a.j.t.JMeterThread: Thread finished: Thread Group 1-8
2026-03-10 00:54:24,598 INFO o.a.j.t.JMeterThread: Stop Thread seen for thread Thread Group 1-48, reason: org.apache.jorphan.util.JMeterStopThreadException: End of file:/Users/gimhuiheon/Documents/study/java-multi-threading/resources/throughput/search_words.csv detected for CSV DataSet:CSV Data Set Config configured with stopThread:true, recycle:false
2026-03-10 00:54:24,598 INFO o.a.j.t.JMeterThread: Thread finished: Thread Group 1-48
2026-03-10 00:54:24,599 INFO o.a.j.t.JMeterThread: Stop Thread seen for thread Thread Group 1-43, reason: org.apache.jorphan.util.JMeterStopThreadException: End of file:/Users/gimhuiheon/Documents/study/java-multi-threading/resources/throughput/search_words.csv detected for CSV DataSet:CSV Data Set Config configured with stopThread:true, recycle:false
2026-03-10 00:54:24,599 INFO o.a.j.t.JMeterThread: Thread finished: Thread Group 1-43
2026-03-10 00:54:24,599 INFO o.a.j.t.JMeterThread: Stop Thread seen for thread Thread Group 1-2, reason: org.apache.jorphan.util.JMeterStopThreadException: End of file:/Users/gimhuiheon/Documents/study/java-multi-threading/resources/throughput/search_words.csv detected for CSV DataSet:CSV Data Set Config configured with stopThread:true, recycle:false
2026-03-10 00:54:24,599 INFO o.a.j.t.JMeterThread: Thread finished: Thread Group 1-2
2026-03-10 00:54:24,600 INFO o.a.j.t.JMeterThread: Stop Thread seen for thread Thread Group 1-37, reason: org.apache.jorphan.util.JMeterStopThreadException: End of file:/Users/gimhuiheon/Documents/study/java-multi-threading/resources/throughput/search_words.csv detected for CSV DataSet:CSV Data Set Config configured with stopThread:true, recycle:false
2026-03-10 00:54:24,600 INFO o.a.j.t.JMeterThread: Thread finished: Thread Group 1-37
2026-03-10 00:54:24,601 INFO o.a.j.t.JMeterThread: Stop Thread seen for thread Thread Group 1-68, reason: org.apache.jorphan.util.JMeterStopThreadException: End of file:/Users/gimhuiheon/Documents/study/java-multi-threading/resources/throughput/search_words.csv detected for CSV DataSet:CSV Data Set Config configured with stopThread:true, recycle:false
2026-03-10 00:54:24,601 INFO o.a.j.t.JMeterThread: Stop Thread seen for thread Thread Group 1-29, reason: org.apache.jorphan.util.JMeterStopThreadException: End of file:/Users/gimhuiheon/Documents/study/java-multi-threading/resources/throughput/search_words.csv detected for CSV DataSet:CSV Data Set Config configured with stopThread:true, recycle:false
2026-03-10 00:54:24,601 INFO o.a.j.t.JMeterThread: Thread finished: Thread Group 1-68
2026-03-10 00:54:24,601 INFO o.a.j.t.JMeterThread: Thread finished: Thread Group 1-29
2026-03-10 00:54:24,602 INFO o.a.j.t.JMeterThread: Stop Thread seen for thread Thread Group 1-90, reason: org.apache.jorphan.util.JMeterStopThreadException: End of file:/Users/gimhuiheon/Documents/study/java-multi-threading/resources/throughput/search_words.csv detected for CSV DataSet:CSV Data Set Config configured with stopThread:true, recycle:false
2026-03-10 00:54:24,602 INFO o.a.j.t.JMeterThread: Thread finished: Thread Group 1-90
2026-03-10 00:54:24,603 INFO o.a.j.t.JMeterThread: Stop Thread seen for thread Thread Group 1-22, reason: org.apache.jorphan.util.JMeterStopThreadException: End of file:/Users/gimhuiheon/Documents/study/java-multi-threading/resources/throughput/search_words.csv detected for CSV DataSet:CSV Data Set Config configured with stopThread:true, recycle:false
2026-03-10 00:54:24,603 INFO o.a.j.t.JMeterThread: Thread finished: Thread Group 1-22
2026-03-10 00:54:24,604 INFO o.a.j.t.JMeterThread: Stop Thread seen for thread Thread Group 1-77, reason: org.apache.jorphan.util.JMeterStopThreadException: End of file:/Users/gimhuiheon/Documents/study/java-multi-threading/resources/throughput/search_words.csv detected for CSV DataSet:CSV Data Set Config configured with stopThread:true, recycle:false
2026-03-10 00:54:24,604 INFO o.a.j.t.JMeterThread: Thread finished: Thread Group 1-77
2026-03-10 00:54:24,605 INFO o.a.j.t.JMeterThread: Stop Thread seen for thread Thread Group 1-27, reason: org.apache.jorphan.util.JMeterStopThreadException: End of file:/Users/gimhuiheon/Documents/study/java-multi-threading/resources/throughput/search_words.csv detected for CSV DataSet:CSV Data Set Config configured with stopThread:true, recycle:false
2026-03-10 00:54:24,605 INFO o.a.j.t.JMeterThread: Thread finished: Thread Group 1-27
2026-03-10 00:54:24,606 INFO o.a.j.t.JMeterThread: Stop Thread seen for thread Thread Group 1-19, reason: org.apache.jorphan.util.JMeterStopThreadException: End of file:/Users/gimhuiheon/Documents/study/java-multi-threading/resources/throughput/search_words.csv detected for CSV DataSet:CSV Data Set Config configured with stopThread:true, recycle:false
2026-03-10 00:54:24,606 INFO o.a.j.t.JMeterThread: Thread finished: Thread Group 1-19
2026-03-10 00:54:24,607 INFO o.a.j.t.JMeterThread: Stop Thread seen for thread Thread Group 1-60, reason: org.apache.jorphan.util.JMeterStopThreadException: End of file:/Users/gimhuiheon/Documents/study/java-multi-threading/resources/throughput/search_words.csv detected for CSV DataSet:CSV Data Set Config configured with stopThread:true, recycle:false
2026-03-10 00:54:24,607 INFO o.a.j.t.JMeterThread: Thread finished: Thread Group 1-60
2026-03-10 00:54:24,607 INFO o.a.j.t.JMeterThread: Stop Thread seen for thread Thread Group 1-75, reason: org.apache.jorphan.util.JMeterStopThreadException: End of file:/Users/gimhuiheon/Documents/study/java-multi-threading/resources/throughput/search_words.csv detected for CSV DataSet:CSV Data Set Config configured with stopThread:true, recycle:false
2026-03-10 00:54:24,607 INFO o.a.j.t.JMeterThread: Thread finished: Thread Group 1-75
2026-03-10 00:54:24,608 INFO o.a.j.t.JMeterThread: Stop Thread seen for thread Thread Group 1-36, reason: org.apache.jorphan.util.JMeterStopThreadException: End of file:/Users/gimhuiheon/Documents/study/java-multi-threading/resources/throughput/search_words.csv detected for CSV DataSet:CSV Data Set Config configured with stopThread:true, recycle:false
2026-03-10 00:54:24,608 INFO o.a.j.t.JMeterThread: Thread finished: Thread Group 1-36
2026-03-10 00:54:24,609 INFO o.a.j.t.JMeterThread: Stop Thread seen for thread Thread Group 1-20, reason: org.apache.jorphan.util.JMeterStopThreadException: End of file:/Users/gimhuiheon/Documents/study/java-multi-threading/resources/throughput/search_words.csv detected for CSV DataSet:CSV Data Set Config configured with stopThread:true, recycle:false
2026-03-10 00:54:24,609 INFO o.a.j.t.JMeterThread: Thread finished: Thread Group 1-20
2026-03-10 00:54:24,610 INFO o.a.j.t.JMeterThread: Stop Thread seen for thread Thread Group 1-80, reason: org.apache.jorphan.util.JMeterStopThreadException: End of file:/Users/gimhuiheon/Documents/study/java-multi-threading/resources/throughput/search_words.csv detected for CSV DataSet:CSV Data Set Config configured with stopThread:true, recycle:false
2026-03-10 00:54:24,610 INFO o.a.j.t.JMeterThread: Thread finished: Thread Group 1-80
2026-03-10 00:54:24,610 INFO o.a.j.t.JMeterThread: Stop Thread seen for thread Thread Group 1-65, reason: org.apache.jorphan.util.JMeterStopThreadException: End of file:/Users/gimhuiheon/Documents/study/java-multi-threading/resources/throughput/search_words.csv detected for CSV DataSet:CSV Data Set Config configured with stopThread:true, recycle:false
2026-03-10 00:54:24,610 INFO o.a.j.t.JMeterThread: Thread finished: Thread Group 1-65
2026-03-10 00:54:24,610 INFO o.a.j.t.JMeterThread: Stop Thread seen for thread Thread Group 1-82, reason: org.apache.jorphan.util.JMeterStopThreadException: End of file:/Users/gimhuiheon/Documents/study/java-multi-threading/resources/throughput/search_words.csv detected for CSV DataSet:CSV Data Set Config configured with stopThread:true, recycle:false
2026-03-10 00:54:24,610 INFO o.a.j.t.JMeterThread: Thread finished: Thread Group 1-82
2026-03-10 00:54:24,611 INFO o.a.j.t.JMeterThread: Stop Thread seen for thread Thread Group 1-38, reason: org.apache.jorphan.util.JMeterStopThreadException: End of file:/Users/gimhuiheon/Documents/study/java-multi-threading/resources/throughput/search_words.csv detected for CSV DataSet:CSV Data Set Config configured with stopThread:true, recycle:false
2026-03-10 00:54:24,611 INFO o.a.j.t.JMeterThread: Thread finished: Thread Group 1-38
2026-03-10 00:54:24,611 INFO o.a.j.t.JMeterThread: Stop Thread seen for thread Thread Group 1-33, reason: org.apache.jorphan.util.JMeterStopThreadException: End of file:/Users/gimhuiheon/Documents/study/java-multi-threading/resources/throughput/search_words.csv detected for CSV DataSet:CSV Data Set Config configured with stopThread:true, recycle:false
2026-03-10 00:54:24,611 INFO o.a.j.t.JMeterThread: Thread finished: Thread Group 1-33
2026-03-10 00:54:24,611 INFO o.a.j.t.JMeterThread: Stop Thread seen for thread Thread Group 1-5, reason: org.apache.jorphan.util.JMeterStopThreadException: End of file:/Users/gimhuiheon/Documents/study/java-multi-threading/resources/throughput/search_words.csv detected for CSV DataSet:CSV Data Set Config configured with stopThread:true, recycle:false
2026-03-10 00:54:24,611 INFO o.a.j.t.JMeterThread: Thread finished: Thread Group 1-5
2026-03-10 00:54:24,611 INFO o.a.j.t.JMeterThread: Stop Thread seen for thread Thread Group 1-71, reason: org.apache.jorphan.util.JMeterStopThreadException: End of file:/Users/gimhuiheon/Documents/study/java-multi-threading/resources/throughput/search_words.csv detected for CSV DataSet:CSV Data Set Config configured with stopThread:true, recycle:false
2026-03-10 00:54:24,611 INFO o.a.j.t.JMeterThread: Thread finished: Thread Group 1-71
2026-03-10 00:54:24,612 INFO o.a.j.t.JMeterThread: Stop Thread seen for thread Thread Group 1-52, reason: org.apache.jorphan.util.JMeterStopThreadException: End of file:/Users/gimhuiheon/Documents/study/java-multi-threading/resources/throughput/search_words.csv detected for CSV DataSet:CSV Data Set Config configured with stopThread:true, recycle:false
2026-03-10 00:54:24,612 INFO o.a.j.t.JMeterThread: Thread finished: Thread Group 1-52
2026-03-10 00:54:24,613 INFO o.a.j.t.JMeterThread: Stop Thread seen for thread Thread Group 1-61, reason: org.apache.jorphan.util.JMeterStopThreadException: End of file:/Users/gimhuiheon/Documents/study/java-multi-threading/resources/throughput/search_words.csv detected for CSV DataSet:CSV Data Set Config configured with stopThread:true, recycle:false
2026-03-10 00:54:24,613 INFO o.a.j.t.JMeterThread: Thread finished: Thread Group 1-61
2026-03-10 00:54:24,613 INFO o.a.j.t.JMeterThread: Stop Thread seen for thread Thread Group 1-51, reason: org.apache.jorphan.util.JMeterStopThreadException: End of file:/Users/gimhuiheon/Documents/study/java-multi-threading/resources/throughput/search_words.csv detected for CSV DataSet:CSV Data Set Config configured with stopThread:true, recycle:false
2026-03-10 00:54:24,613 INFO o.a.j.t.JMeterThread: Thread finished: Thread Group 1-51
2026-03-10 00:54:24,614 INFO o.a.j.t.JMeterThread: Stop Thread seen for thread Thread Group 1-28, reason: org.apache.jorphan.util.JMeterStopThreadException: End of file:/Users/gimhuiheon/Documents/study/java-multi-threading/resources/throughput/search_words.csv detected for CSV DataSet:CSV Data Set Config configured with stopThread:true, recycle:false
2026-03-10 00:54:24,614 INFO o.a.j.t.JMeterThread: Thread finished: Thread Group 1-28
2026-03-10 00:54:24,614 INFO o.a.j.t.JMeterThread: Stop Thread seen for thread Thread Group 1-18, reason: org.apache.jorphan.util.JMeterStopThreadException: End of file:/Users/gimhuiheon/Documents/study/java-multi-threading/resources/throughput/search_words.csv detected for CSV DataSet:CSV Data Set Config configured with stopThread:true, recycle:false
2026-03-10 00:54:24,614 INFO o.a.j.t.JMeterThread: Thread finished: Thread Group 1-18
2026-03-10 00:54:24,614 INFO o.a.j.t.JMeterThread: Stop Thread seen for thread Thread Group 1-14, reason: org.apache.jorphan.util.JMeterStopThreadException: End of file:/Users/gimhuiheon/Documents/study/java-multi-threading/resources/throughput/search_words.csv detected for CSV DataSet:CSV Data Set Config configured with stopThread:true, recycle:false
2026-03-10 00:54:24,614 INFO o.a.j.t.JMeterThread: Thread finished: Thread Group 1-14
2026-03-10 00:54:24,616 INFO o.a.j.t.JMeterThread: Stop Thread seen for thread Thread Group 1-21, reason: org.apache.jorphan.util.JMeterStopThreadException: End of file:/Users/gimhuiheon/Documents/study/java-multi-threading/resources/throughput/search_words.csv detected for CSV DataSet:CSV Data Set Config configured with stopThread:true, recycle:false
2026-03-10 00:54:24,616 INFO o.a.j.t.JMeterThread: Thread finished: Thread Group 1-21
2026-03-10 00:54:24,617 INFO o.a.j.t.JMeterThread: Stop Thread seen for thread Thread Group 1-3, reason: org.apache.jorphan.util.JMeterStopThreadException: End of file:/Users/gimhuiheon/Documents/study/java-multi-threading/resources/throughput/search_words.csv detected for CSV DataSet:CSV Data Set Config configured with stopThread:true, recycle:false
2026-03-10 00:54:24,617 INFO o.a.j.t.JMeterThread: Thread finished: Thread Group 1-3
2026-03-10 00:54:24,617 INFO o.a.j.t.JMeterThread: Stop Thread seen for thread Thread Group 1-58, reason: org.apache.jorphan.util.JMeterStopThreadException: End of file:/Users/gimhuiheon/Documents/study/java-multi-threading/resources/throughput/search_words.csv detected for CSV DataSet:CSV Data Set Config configured with stopThread:true, recycle:false
2026-03-10 00:54:24,617 INFO o.a.j.t.JMeterThread: Thread finished: Thread Group 1-58
2026-03-10 00:54:24,617 INFO o.a.j.t.JMeterThread: Stop Thread seen for thread Thread Group 1-1, reason: org.apache.jorphan.util.JMeterStopThreadException: End of file:/Users/gimhuiheon/Documents/study/java-multi-threading/resources/throughput/search_words.csv detected for CSV DataSet:CSV Data Set Config configured with stopThread:true, recycle:false
2026-03-10 00:54:24,617 INFO o.a.j.t.JMeterThread: Thread finished: Thread Group 1-1
2026-03-10 00:54:24,617 INFO o.a.j.t.JMeterThread: Stop Thread seen for thread Thread Group 1-7, reason: org.apache.jorphan.util.JMeterStopThreadException: End of file:/Users/gimhuiheon/Documents/study/java-multi-threading/resources/throughput/search_words.csv detected for CSV DataSet:CSV Data Set Config configured with stopThread:true, recycle:false
2026-03-10 00:54:24,617 INFO o.a.j.t.JMeterThread: Thread finished: Thread Group 1-7
2026-03-10 00:54:24,618 INFO o.a.j.t.JMeterThread: Stop Thread seen for thread Thread Group 1-44, reason: org.apache.jorphan.util.JMeterStopThreadException: End of file:/Users/gimhuiheon/Documents/study/java-multi-threading/resources/throughput/search_words.csv detected for CSV DataSet:CSV Data Set Config configured with stopThread:true, recycle:false
2026-03-10 00:54:24,618 INFO o.a.j.t.JMeterThread: Thread finished: Thread Group 1-44
2026-03-10 00:54:24,618 INFO o.a.j.t.JMeterThread: Stop Thread seen for thread Thread Group 1-98, reason: org.apache.jorphan.util.JMeterStopThreadException: End of file:/Users/gimhuiheon/Documents/study/java-multi-threading/resources/throughput/search_words.csv detected for CSV DataSet:CSV Data Set Config configured with stopThread:true, recycle:false
2026-03-10 00:54:24,618 INFO o.a.j.t.JMeterThread: Thread finished: Thread Group 1-98
2026-03-10 00:54:24,619 INFO o.a.j.t.JMeterThread: Stop Thread seen for thread Thread Group 1-10, reason: org.apache.jorphan.util.JMeterStopThreadException: End of file:/Users/gimhuiheon/Documents/study/java-multi-threading/resources/throughput/search_words.csv detected for CSV DataSet:CSV Data Set Config configured with stopThread:true, recycle:false
2026-03-10 00:54:24,619 INFO o.a.j.t.JMeterThread: Thread finished: Thread Group 1-10
2026-03-10 00:54:24,619 INFO o.a.j.t.JMeterThread: Stop Thread seen for thread Thread Group 1-31, reason: org.apache.jorphan.util.JMeterStopThreadException: End of file:/Users/gimhuiheon/Documents/study/java-multi-threading/resources/throughput/search_words.csv detected for CSV DataSet:CSV Data Set Config configured with stopThread:true, recycle:false
2026-03-10 00:54:24,619 INFO o.a.j.t.JMeterThread: Thread finished: Thread Group 1-31
2026-03-10 00:54:24,621 INFO o.a.j.t.JMeterThread: Stop Thread seen for thread Thread Group 1-64, reason: org.apache.jorphan.util.JMeterStopThreadException: End of file:/Users/gimhuiheon/Documents/study/java-multi-threading/resources/throughput/search_words.csv detected for CSV DataSet:CSV Data Set Config configured with stopThread:true, recycle:false
2026-03-10 00:54:24,621 INFO o.a.j.t.JMeterThread: Thread finished: Thread Group 1-64
2026-03-10 00:54:24,621 INFO o.a.j.t.JMeterThread: Stop Thread seen for thread Thread Group 1-40, reason: org.apache.jorphan.util.JMeterStopThreadException: End of file:/Users/gimhuiheon/Documents/study/java-multi-threading/resources/throughput/search_words.csv detected for CSV DataSet:CSV Data Set Config configured with stopThread:true, recycle:false
2026-03-10 00:54:24,621 INFO o.a.j.t.JMeterThread: Stop Thread seen for thread Thread Group 1-94, reason: org.apache.jorphan.util.JMeterStopThreadException: End of file:/Users/gimhuiheon/Documents/study/java-multi-threading/resources/throughput/search_words.csv detected for CSV DataSet:CSV Data Set Config configured with stopThread:true, recycle:false
2026-03-10 00:54:24,621 INFO o.a.j.t.JMeterThread: Thread finished: Thread Group 1-40
2026-03-10 00:54:24,621 INFO o.a.j.t.JMeterThread: Thread finished: Thread Group 1-94
2026-03-10 00:54:24,622 INFO o.a.j.t.JMeterThread: Stop Thread seen for thread Thread Group 1-55, reason: org.apache.jorphan.util.JMeterStopThreadException: End of file:/Users/gimhuiheon/Documents/study/java-multi-threading/resources/throughput/search_words.csv detected for CSV DataSet:CSV Data Set Config configured with stopThread:true, recycle:false
2026-03-10 00:54:24,622 INFO o.a.j.t.JMeterThread: Thread finished: Thread Group 1-55
2026-03-10 00:54:24,622 INFO o.a.j.t.JMeterThread: Stop Thread seen for thread Thread Group 1-12, reason: org.apache.jorphan.util.JMeterStopThreadException: End of file:/Users/gimhuiheon/Documents/study/java-multi-threading/resources/throughput/search_words.csv detected for CSV DataSet:CSV Data Set Config configured with stopThread:true, recycle:false
2026-03-10 00:54:24,622 INFO o.a.j.t.JMeterThread: Thread finished: Thread Group 1-12
2026-03-10 00:54:24,623 INFO o.a.j.t.JMeterThread: Stop Thread seen for thread Thread Group 1-54, reason: org.apache.jorphan.util.JMeterStopThreadException: End of file:/Users/gimhuiheon/Documents/study/java-multi-threading/resources/throughput/search_words.csv detected for CSV DataSet:CSV Data Set Config configured with stopThread:true, recycle:false
2026-03-10 00:54:24,623 INFO o.a.j.t.JMeterThread: Thread finished: Thread Group 1-54
2026-03-10 00:54:24,624 INFO o.a.j.t.JMeterThread: Stop Thread seen for thread Thread Group 1-34, reason: org.apache.jorphan.util.JMeterStopThreadException: End of file:/Users/gimhuiheon/Documents/study/java-multi-threading/resources/throughput/search_words.csv detected for CSV DataSet:CSV Data Set Config configured with stopThread:true, recycle:false
2026-03-10 00:54:24,624 INFO o.a.j.t.JMeterThread: Thread finished: Thread Group 1-34
2026-03-10 00:54:24,624 INFO o.a.j.t.JMeterThread: Stop Thread seen for thread Thread Group 1-88, reason: org.apache.jorphan.util.JMeterStopThreadException: End of file:/Users/gimhuiheon/Documents/study/java-multi-threading/resources/throughput/search_words.csv detected for CSV DataSet:CSV Data Set Config configured with stopThread:true, recycle:false
2026-03-10 00:54:24,624 INFO o.a.j.t.JMeterThread: Thread finished: Thread Group 1-88
2026-03-10 00:54:24,624 INFO o.a.j.t.JMeterThread: Stop Thread seen for thread Thread Group 1-87, reason: org.apache.jorphan.util.JMeterStopThreadException: End of file:/Users/gimhuiheon/Documents/study/java-multi-threading/resources/throughput/search_words.csv detected for CSV DataSet:CSV Data Set Config configured with stopThread:true, recycle:false
2026-03-10 00:54:24,624 INFO o.a.j.t.JMeterThread: Thread finished: Thread Group 1-87
2026-03-10 00:54:24,625 INFO o.a.j.t.JMeterThread: Stop Thread seen for thread Thread Group 1-89, reason: org.apache.jorphan.util.JMeterStopThreadException: End of file:/Users/gimhuiheon/Documents/study/java-multi-threading/resources/throughput/search_words.csv detected for CSV DataSet:CSV Data Set Config configured with stopThread:true, recycle:false
2026-03-10 00:54:24,625 INFO o.a.j.t.JMeterThread: Thread finished: Thread Group 1-89
2026-03-10 00:54:24,625 INFO o.a.j.t.JMeterThread: Stop Thread seen for thread Thread Group 1-99, reason: org.apache.jorphan.util.JMeterStopThreadException: End of file:/Users/gimhuiheon/Documents/study/java-multi-threading/resources/throughput/search_words.csv detected for CSV DataSet:CSV Data Set Config configured with stopThread:true, recycle:false
2026-03-10 00:54:24,625 INFO o.a.j.t.JMeterThread: Thread finished: Thread Group 1-99
2026-03-10 00:54:24,625 INFO o.a.j.t.JMeterThread: Stop Thread seen for thread Thread Group 1-59, reason: org.apache.jorphan.util.JMeterStopThreadException: End of file:/Users/gimhuiheon/Documents/study/java-multi-threading/resources/throughput/search_words.csv detected for CSV DataSet:CSV Data Set Config configured with stopThread:true, recycle:false
2026-03-10 00:54:24,625 INFO o.a.j.t.JMeterThread: Thread finished: Thread Group 1-59
2026-03-10 00:54:24,625 INFO o.a.j.t.JMeterThread: Stop Thread seen for thread Thread Group 1-86, reason: org.apache.jorphan.util.JMeterStopThreadException: End of file:/Users/gimhuiheon/Documents/study/java-multi-threading/resources/throughput/search_words.csv detected for CSV DataSet:CSV Data Set Config configured with stopThread:true, recycle:false
2026-03-10 00:54:24,625 INFO o.a.j.t.JMeterThread: Thread finished: Thread Group 1-86
2026-03-10 00:54:24,626 INFO o.a.j.t.JMeterThread: Stop Thread seen for thread Thread Group 1-6, reason: org.apache.jorphan.util.JMeterStopThreadException: End of file:/Users/gimhuiheon/Documents/study/java-multi-threading/resources/throughput/search_words.csv detected for CSV DataSet:CSV Data Set Config configured with stopThread:true, recycle:false
2026-03-10 00:54:24,626 INFO o.a.j.t.JMeterThread: Thread finished: Thread Group 1-6
2026-03-10 00:54:24,626 INFO o.a.j.t.JMeterThread: Stop Thread seen for thread Thread Group 1-62, reason: org.apache.jorphan.util.JMeterStopThreadException: End of file:/Users/gimhuiheon/Documents/study/java-multi-threading/resources/throughput/search_words.csv detected for CSV DataSet:CSV Data Set Config configured with stopThread:true, recycle:false
2026-03-10 00:54:24,626 INFO o.a.j.t.JMeterThread: Thread finished: Thread Group 1-62
2026-03-10 00:54:24,626 INFO o.a.j.t.JMeterThread: Stop Thread seen for thread Thread Group 1-67, reason: org.apache.jorphan.util.JMeterStopThreadException: End of file:/Users/gimhuiheon/Documents/study/java-multi-threading/resources/throughput/search_words.csv detected for CSV DataSet:CSV Data Set Config configured with stopThread:true, recycle:false
2026-03-10 00:54:24,626 INFO o.a.j.t.JMeterThread: Thread finished: Thread Group 1-67
2026-03-10 00:54:24,627 INFO o.a.j.t.JMeterThread: Stop Thread seen for thread Thread Group 1-70, reason: org.apache.jorphan.util.JMeterStopThreadException: End of file:/Users/gimhuiheon/Documents/study/java-multi-threading/resources/throughput/search_words.csv detected for CSV DataSet:CSV Data Set Config configured with stopThread:true, recycle:false
2026-03-10 00:54:24,627 INFO o.a.j.t.JMeterThread: Thread finished: Thread Group 1-70
2026-03-10 00:54:24,628 INFO o.a.j.t.JMeterThread: Stop Thread seen for thread Thread Group 1-26, reason: org.apache.jorphan.util.JMeterStopThreadException: End of file:/Users/gimhuiheon/Documents/study/java-multi-threading/resources/throughput/search_words.csv detected for CSV DataSet:CSV Data Set Config configured with stopThread:true, recycle:false
2026-03-10 00:54:24,628 INFO o.a.j.t.JMeterThread: Thread finished: Thread Group 1-26
2026-03-10 00:54:24,628 INFO o.a.j.t.JMeterThread: Stop Thread seen for thread Thread Group 1-97, reason: org.apache.jorphan.util.JMeterStopThreadException: End of file:/Users/gimhuiheon/Documents/study/java-multi-threading/resources/throughput/search_words.csv detected for CSV DataSet:CSV Data Set Config configured with stopThread:true, recycle:false
2026-03-10 00:54:24,628 INFO o.a.j.t.JMeterThread: Stop Thread seen for thread Thread Group 1-50, reason: org.apache.jorphan.util.JMeterStopThreadException: End of file:/Users/gimhuiheon/Documents/study/java-multi-threading/resources/throughput/search_words.csv detected for CSV DataSet:CSV Data Set Config configured with stopThread:true, recycle:false
2026-03-10 00:54:24,628 INFO o.a.j.t.JMeterThread: Stop Thread seen for thread Thread Group 1-32, reason: org.apache.jorphan.util.JMeterStopThreadException: End of file:/Users/gimhuiheon/Documents/study/java-multi-threading/resources/throughput/search_words.csv detected for CSV DataSet:CSV Data Set Config configured with stopThread:true, recycle:false
2026-03-10 00:54:24,629 INFO o.a.j.t.JMeterThread: Thread finished: Thread Group 1-97
2026-03-10 00:54:24,629 INFO o.a.j.t.JMeterThread: Thread finished: Thread Group 1-50
2026-03-10 00:54:24,629 INFO o.a.j.t.JMeterThread: Thread finished: Thread Group 1-32
2026-03-10 00:54:24,629 INFO o.a.j.t.JMeterThread: Stop Thread seen for thread Thread Group 1-53, reason: org.apache.jorphan.util.JMeterStopThreadException: End of file:/Users/gimhuiheon/Documents/study/java-multi-threading/resources/throughput/search_words.csv detected for CSV DataSet:CSV Data Set Config configured with stopThread:true, recycle:false
2026-03-10 00:54:24,629 INFO o.a.j.t.JMeterThread: Thread finished: Thread Group 1-53
2026-03-10 00:54:24,629 INFO o.a.j.t.JMeterThread: Stop Thread seen for thread Thread Group 1-92, reason: org.apache.jorphan.util.JMeterStopThreadException: End of file:/Users/gimhuiheon/Documents/study/java-multi-threading/resources/throughput/search_words.csv detected for CSV DataSet:CSV Data Set Config configured with stopThread:true, recycle:false
2026-03-10 00:54:24,629 INFO o.a.j.t.JMeterThread: Thread finished: Thread Group 1-92
2026-03-10 00:54:24,630 INFO o.a.j.t.JMeterThread: Stop Thread seen for thread Thread Group 1-24, reason: org.apache.jorphan.util.JMeterStopThreadException: End of file:/Users/gimhuiheon/Documents/study/java-multi-threading/resources/throughput/search_words.csv detected for CSV DataSet:CSV Data Set Config configured with stopThread:true, recycle:false
2026-03-10 00:54:24,630 INFO o.a.j.t.JMeterThread: Thread finished: Thread Group 1-24
2026-03-10 00:54:24,630 INFO o.a.j.t.JMeterThread: Stop Thread seen for thread Thread Group 1-9, reason: org.apache.jorphan.util.JMeterStopThreadException: End of file:/Users/gimhuiheon/Documents/study/java-multi-threading/resources/throughput/search_words.csv detected for CSV DataSet:CSV Data Set Config configured with stopThread:true, recycle:false
2026-03-10 00:54:24,630 INFO o.a.j.t.JMeterThread: Stop Thread seen for thread Thread Group 1-15, reason: org.apache.jorphan.util.JMeterStopThreadException: End of file:/Users/gimhuiheon/Documents/study/java-multi-threading/resources/throughput/search_words.csv detected for CSV DataSet:CSV Data Set Config configured with stopThread:true, recycle:false
2026-03-10 00:54:24,630 INFO o.a.j.t.JMeterThread: Thread finished: Thread Group 1-9
2026-03-10 00:54:24,630 INFO o.a.j.t.JMeterThread: Thread finished: Thread Group 1-15
2026-03-10 00:54:24,630 INFO o.a.j.t.JMeterThread: Stop Thread seen for thread Thread Group 1-47, reason: org.apache.jorphan.util.JMeterStopThreadException: End of file:/Users/gimhuiheon/Documents/study/java-multi-threading/resources/throughput/search_words.csv detected for CSV DataSet:CSV Data Set Config configured with stopThread:true, recycle:false
2026-03-10 00:54:24,630 INFO o.a.j.t.JMeterThread: Thread finished: Thread Group 1-47
2026-03-10 00:54:24,631 INFO o.a.j.t.JMeterThread: Stop Thread seen for thread Thread Group 1-46, reason: org.apache.jorphan.util.JMeterStopThreadException: End of file:/Users/gimhuiheon/Documents/study/java-multi-threading/resources/throughput/search_words.csv detected for CSV DataSet:CSV Data Set Config configured with stopThread:true, recycle:false
2026-03-10 00:54:24,631 INFO o.a.j.t.JMeterThread: Thread finished: Thread Group 1-46
2026-03-10 00:54:24,631 INFO o.a.j.t.JMeterThread: Stop Thread seen for thread Thread Group 1-85, reason: org.apache.jorphan.util.JMeterStopThreadException: End of file:/Users/gimhuiheon/Documents/study/java-multi-threading/resources/throughput/search_words.csv detected for CSV DataSet:CSV Data Set Config configured with stopThread:true, recycle:false
2026-03-10 00:54:24,631 INFO o.a.j.t.JMeterThread: Thread finished: Thread Group 1-85
2026-03-10 00:54:24,631 INFO o.a.j.t.JMeterThread: Stop Thread seen for thread Thread Group 1-73, reason: org.apache.jorphan.util.JMeterStopThreadException: End of file:/Users/gimhuiheon/Documents/study/java-multi-threading/resources/throughput/search_words.csv detected for CSV DataSet:CSV Data Set Config configured with stopThread:true, recycle:false
2026-03-10 00:54:24,631 INFO o.a.j.t.JMeterThread: Thread finished: Thread Group 1-73
2026-03-10 00:54:24,632 INFO o.a.j.t.JMeterThread: Stop Thread seen for thread Thread Group 1-69, reason: org.apache.jorphan.util.JMeterStopThreadException: End of file:/Users/gimhuiheon/Documents/study/java-multi-threading/resources/throughput/search_words.csv detected for CSV DataSet:CSV Data Set Config configured with stopThread:true, recycle:false
2026-03-10 00:54:24,632 INFO o.a.j.t.JMeterThread: Thread finished: Thread Group 1-69
2026-03-10 00:54:24,632 INFO o.a.j.t.JMeterThread: Stop Thread seen for thread Thread Group 1-16, reason: org.apache.jorphan.util.JMeterStopThreadException: End of file:/Users/gimhuiheon/Documents/study/java-multi-threading/resources/throughput/search_words.csv detected for CSV DataSet:CSV Data Set Config configured with stopThread:true, recycle:false
2026-03-10 00:54:24,632 INFO o.a.j.t.JMeterThread: Thread finished: Thread Group 1-16
2026-03-10 00:54:24,632 INFO o.a.j.t.JMeterThread: Stop Thread seen for thread Thread Group 1-25, reason: org.apache.jorphan.util.JMeterStopThreadException: End of file:/Users/gimhuiheon/Documents/study/java-multi-threading/resources/throughput/search_words.csv detected for CSV DataSet:CSV Data Set Config configured with stopThread:true, recycle:false
2026-03-10 00:54:24,632 INFO o.a.j.t.JMeterThread: Stop Thread seen for thread Thread Group 1-4, reason: org.apache.jorphan.util.JMeterStopThreadException: End of file:/Users/gimhuiheon/Documents/study/java-multi-threading/resources/throughput/search_words.csv detected for CSV DataSet:CSV Data Set Config configured with stopThread:true, recycle:false
2026-03-10 00:54:24,632 INFO o.a.j.t.JMeterThread: Thread finished: Thread Group 1-25
2026-03-10 00:54:24,632 INFO o.a.j.t.JMeterThread: Thread finished: Thread Group 1-4
2026-03-10 00:54:24,632 INFO o.a.j.t.JMeterThread: Stop Thread seen for thread Thread Group 1-66, reason: org.apache.jorphan.util.JMeterStopThreadException: End of file:/Users/gimhuiheon/Documents/study/java-multi-threading/resources/throughput/search_words.csv detected for CSV DataSet:CSV Data Set Config configured with stopThread:true, recycle:false
2026-03-10 00:54:24,632 INFO o.a.j.t.JMeterThread: Thread finished: Thread Group 1-66
2026-03-10 00:54:24,632 INFO o.a.j.t.JMeterThread: Stop Thread seen for thread Thread Group 1-23, reason: org.apache.jorphan.util.JMeterStopThreadException: End of file:/Users/gimhuiheon/Documents/study/java-multi-threading/resources/throughput/search_words.csv detected for CSV DataSet:CSV Data Set Config configured with stopThread:true, recycle:false
2026-03-10 00:54:24,632 INFO o.a.j.t.JMeterThread: Thread finished: Thread Group 1-23
2026-03-10 00:54:24,632 INFO o.a.j.t.JMeterThread: Stop Thread seen for thread Thread Group 1-78, reason: org.apache.jorphan.util.JMeterStopThreadException: End of file:/Users/gimhuiheon/Documents/study/java-multi-threading/resources/throughput/search_words.csv detected for CSV DataSet:CSV Data Set Config configured with stopThread:true, recycle:false
2026-03-10 00:54:24,632 INFO o.a.j.t.JMeterThread: Thread finished: Thread Group 1-78
2026-03-10 00:54:24,633 INFO o.a.j.t.JMeterThread: Stop Thread seen for thread Thread Group 1-42, reason: org.apache.jorphan.util.JMeterStopThreadException: End of file:/Users/gimhuiheon/Documents/study/java-multi-threading/resources/throughput/search_words.csv detected for CSV DataSet:CSV Data Set Config configured with stopThread:true, recycle:false
2026-03-10 00:54:24,633 INFO o.a.j.t.JMeterThread: Thread finished: Thread Group 1-42
2026-03-10 00:54:24,633 INFO o.a.j.t.JMeterThread: Stop Thread seen for thread Thread Group 1-74, reason: org.apache.jorphan.util.JMeterStopThreadException: End of file:/Users/gimhuiheon/Documents/study/java-multi-threading/resources/throughput/search_words.csv detected for CSV DataSet:CSV Data Set Config configured with stopThread:true, recycle:false
2026-03-10 00:54:24,633 INFO o.a.j.t.JMeterThread: Thread finished: Thread Group 1-74
2026-03-10 00:54:24,634 INFO o.a.j.t.JMeterThread: Stop Thread seen for thread Thread Group 1-63, reason: org.apache.jorphan.util.JMeterStopThreadException: End of file:/Users/gimhuiheon/Documents/study/java-multi-threading/resources/throughput/search_words.csv detected for CSV DataSet:CSV Data Set Config configured with stopThread:true, recycle:false
2026-03-10 00:54:24,634 INFO o.a.j.t.JMeterThread: Stop Thread seen for thread Thread Group 1-11, reason: org.apache.jorphan.util.JMeterStopThreadException: End of file:/Users/gimhuiheon/Documents/study/java-multi-threading/resources/throughput/search_words.csv detected for CSV DataSet:CSV Data Set Config configured with stopThread:true, recycle:false
2026-03-10 00:54:24,634 INFO o.a.j.t.JMeterThread: Thread finished: Thread Group 1-63
2026-03-10 00:54:24,634 INFO o.a.j.t.JMeterThread: Thread finished: Thread Group 1-11
2026-03-10 00:54:24,634 INFO o.a.j.t.JMeterThread: Stop Thread seen for thread Thread Group 1-96, reason: org.apache.jorphan.util.JMeterStopThreadException: End of file:/Users/gimhuiheon/Documents/study/java-multi-threading/resources/throughput/search_words.csv detected for CSV DataSet:CSV Data Set Config configured with stopThread:true, recycle:false
2026-03-10 00:54:24,634 INFO o.a.j.t.JMeterThread: Thread finished: Thread Group 1-96
2026-03-10 00:54:24,636 INFO o.a.j.t.JMeterThread: Stop Thread seen for thread Thread Group 1-13, reason: org.apache.jorphan.util.JMeterStopThreadException: End of file:/Users/gimhuiheon/Documents/study/java-multi-threading/resources/throughput/search_words.csv detected for CSV DataSet:CSV Data Set Config configured with stopThread:true, recycle:false
2026-03-10 00:54:24,636 INFO o.a.j.t.JMeterThread: Thread finished: Thread Group 1-13
2026-03-10 00:54:24,636 INFO o.a.j.t.JMeterThread: Stop Thread seen for thread Thread Group 1-41, reason: org.apache.jorphan.util.JMeterStopThreadException: End of file:/Users/gimhuiheon/Documents/study/java-multi-threading/resources/throughput/search_words.csv detected for CSV DataSet:CSV Data Set Config configured with stopThread:true, recycle:false
2026-03-10 00:54:24,636 INFO o.a.j.t.JMeterThread: Thread finished: Thread Group 1-41
2026-03-10 00:54:24,637 INFO o.a.j.t.JMeterThread: Stop Thread seen for thread Thread Group 1-95, reason: org.apache.jorphan.util.JMeterStopThreadException: End of file:/Users/gimhuiheon/Documents/study/java-multi-threading/resources/throughput/search_words.csv detected for CSV DataSet:CSV Data Set Config configured with stopThread:true, recycle:false
2026-03-10 00:54:24,637 INFO o.a.j.t.JMeterThread: Thread finished: Thread Group 1-95
2026-03-10 00:54:24,638 INFO o.a.j.t.JMeterThread: Stop Thread seen for thread Thread Group 1-17, reason: org.apache.jorphan.util.JMeterStopThreadException: End of file:/Users/gimhuiheon/Documents/study/java-multi-threading/resources/throughput/search_words.csv detected for CSV DataSet:CSV Data Set Config configured with stopThread:true, recycle:false
2026-03-10 00:54:24,638 INFO o.a.j.t.JMeterThread: Thread finished: Thread Group 1-17
2026-03-10 00:54:24,639 INFO o.a.j.t.JMeterThread: Stop Thread seen for thread Thread Group 1-39, reason: org.apache.jorphan.util.JMeterStopThreadException: End of file:/Users/gimhuiheon/Documents/study/java-multi-threading/resources/throughput/search_words.csv detected for CSV DataSet:CSV Data Set Config configured with stopThread:true, recycle:false
2026-03-10 00:54:24,639 INFO o.a.j.t.JMeterThread: Thread finished: Thread Group 1-39
2026-03-10 00:54:24,639 INFO o.a.j.t.JMeterThread: Stop Thread seen for thread Thread Group 1-30, reason: org.apache.jorphan.util.JMeterStopThreadException: End of file:/Users/gimhuiheon/Documents/study/java-multi-threading/resources/throughput/search_words.csv detected for CSV DataSet:CSV Data Set Config configured with stopThread:true, recycle:false
2026-03-10 00:54:24,639 INFO o.a.j.t.JMeterThread: Thread finished: Thread Group 1-30
2026-03-10 00:54:24,639 INFO o.a.j.t.JMeterThread: Stop Thread seen for thread Thread Group 1-83, reason: org.apache.jorphan.util.JMeterStopThreadException: End of file:/Users/gimhuiheon/Documents/study/java-multi-threading/resources/throughput/search_words.csv detected for CSV DataSet:CSV Data Set Config configured with stopThread:true, recycle:false
2026-03-10 00:54:24,639 INFO o.a.j.t.JMeterThread: Thread finished: Thread Group 1-83
2026-03-10 00:54:24,641 INFO o.a.j.t.JMeterThread: Stop Thread seen for thread Thread Group 1-72, reason: org.apache.jorphan.util.JMeterStopThreadException: End of file:/Users/gimhuiheon/Documents/study/java-multi-threading/resources/throughput/search_words.csv detected for CSV DataSet:CSV Data Set Config configured with stopThread:true, recycle:false
2026-03-10 00:54:24,641 INFO o.a.j.t.JMeterThread: Thread finished: Thread Group 1-72
2026-03-10 00:54:24,643 INFO o.a.j.t.JMeterThread: Stop Thread seen for thread Thread Group 1-76, reason: org.apache.jorphan.util.JMeterStopThreadException: End of file:/Users/gimhuiheon/Documents/study/java-multi-threading/resources/throughput/search_words.csv detected for CSV DataSet:CSV Data Set Config configured with stopThread:true, recycle:false
2026-03-10 00:54:24,643 INFO o.a.j.t.JMeterThread: Thread finished: Thread Group 1-76
2026-03-10 00:54:24,643 INFO o.a.j.e.StandardJMeterEngine: Notifying test listeners of end of test
2026-03-10 00:54:24,643 INFO o.a.j.s.FileServer: Close: /Users/gimhuiheon/Documents/study/java-multi-threading/resources/throughput/search_words.csv
2026-03-10 00:54:24,643 INFO o.a.j.g.u.JMeterMenuBar: setRunning(false, *local*)
2026-03-10 00:54:33,128 INFO o.a.j.e.StandardJMeterEngine: Running the test!
2026-03-10 00:54:33,128 INFO o.a.j.s.SampleEvent: List of sample_variables: []
2026-03-10 00:54:33,129 INFO o.a.j.g.u.JMeterMenuBar: setRunning(true, *local*)
2026-03-10 00:54:33,215 INFO o.a.j.e.StandardJMeterEngine: Starting ThreadGroup: 1 : Thread Group
2026-03-10 00:54:33,216 INFO o.a.j.e.StandardJMeterEngine: Starting 100 threads for group Thread Group.
2026-03-10 00:54:33,216 INFO o.a.j.e.StandardJMeterEngine: Thread will continue on error
2026-03-10 00:54:33,217 INFO o.a.j.t.ThreadGroup: Starting thread group... number=1 threads=100 ramp-up=1 delayedStart=false
2026-03-10 00:54:33,218 INFO o.a.j.t.JMeterThread: Thread started: Thread Group 1-1
2026-03-10 00:54:33,220 INFO o.a.j.s.FileServer: Stored: /Users/gimhuiheon/Documents/study/java-multi-threading/resources/throughput/search_words.csv
2026-03-10 00:54:33,230 INFO o.a.j.t.JMeterThread: Thread started: Thread Group 1-2
2026-03-10 00:54:33,241 INFO o.a.j.t.JMeterThread: Thread started: Thread Group 1-3
2026-03-10 00:54:33,243 INFO o.a.j.t.ThreadGroup: Started thread group number 1
2026-03-10 00:54:33,243 INFO o.a.j.e.StandardJMeterEngine: All thread groups have been started
2026-03-10 00:54:33,251 INFO o.a.j.t.JMeterThread: Thread started: Thread Group 1-4
2026-03-10 00:54:33,260 INFO o.a.j.t.JMeterThread: Thread started: Thread Group 1-5
2026-03-10 00:54:33,272 INFO o.a.j.t.JMeterThread: Thread started: Thread Group 1-6
2026-03-10 00:54:33,282 INFO o.a.j.t.JMeterThread: Thread started: Thread Group 1-7
2026-03-10 00:54:33,291 INFO o.a.j.t.JMeterThread: Thread started: Thread Group 1-8
2026-03-10 00:54:33,300 INFO o.a.j.t.JMeterThread: Thread started: Thread Group 1-9
2026-03-10 00:54:33,311 INFO o.a.j.t.JMeterThread: Thread started: Thread Group 1-10
2026-03-10 00:54:33,321 INFO o.a.j.t.JMeterThread: Thread started: Thread Group 1-11
2026-03-10 00:54:33,333 INFO o.a.j.t.JMeterThread: Thread started: Thread Group 1-12
2026-03-10 00:54:33,341 INFO o.a.j.t.JMeterThread: Thread started: Thread Group 1-13
2026-03-10 00:54:33,348 INFO o.a.j.t.JMeterThread: Thread started: Thread Group 1-14
2026-03-10 00:54:33,362 INFO o.a.j.t.JMeterThread: Thread started: Thread Group 1-15
2026-03-10 00:54:33,369 INFO o.a.j.t.JMeterThread: Thread started: Thread Group 1-16
2026-03-10 00:54:33,380 INFO o.a.j.t.JMeterThread: Thread started: Thread Group 1-17
2026-03-10 00:54:33,390 INFO o.a.j.t.JMeterThread: Thread started: Thread Group 1-18
2026-03-10 00:54:33,402 INFO o.a.j.t.JMeterThread: Thread started: Thread Group 1-19
2026-03-10 00:54:33,408 INFO o.a.j.t.JMeterThread: Thread started: Thread Group 1-20
2026-03-10 00:54:33,419 INFO o.a.j.t.JMeterThread: Thread started: Thread Group 1-21
2026-03-10 00:54:33,428 INFO o.a.j.t.JMeterThread: Thread started: Thread Group 1-22
2026-03-10 00:54:33,441 INFO o.a.j.t.JMeterThread: Thread started: Thread Group 1-23
2026-03-10 00:54:33,450 INFO o.a.j.t.JMeterThread: Thread started: Thread Group 1-24
2026-03-10 00:54:33,458 INFO o.a.j.t.JMeterThread: Thread started: Thread Group 1-25
2026-03-10 00:54:33,475 INFO o.a.j.t.JMeterThread: Thread started: Thread Group 1-26
2026-03-10 00:54:33,482 INFO o.a.j.t.JMeterThread: Thread started: Thread Group 1-27
2026-03-10 00:54:33,497 INFO o.a.j.t.JMeterThread: Thread started: Thread Group 1-28
2026-03-10 00:54:33,509 INFO o.a.j.t.JMeterThread: Thread started: Thread Group 1-29
2026-03-10 00:54:33,513 INFO o.a.j.t.JMeterThread: Thread started: Thread Group 1-30
2026-03-10 00:54:33,524 INFO o.a.j.t.JMeterThread: Thread started: Thread Group 1-31
2026-03-10 00:54:33,537 INFO o.a.j.t.JMeterThread: Thread started: Thread Group 1-32
2026-03-10 00:54:33,550 INFO o.a.j.t.JMeterThread: Thread started: Thread Group 1-33
2026-03-10 00:54:33,557 INFO o.a.j.t.JMeterThread: Thread started: Thread Group 1-34
2026-03-10 00:54:33,569 INFO o.a.j.t.JMeterThread: Thread started: Thread Group 1-35
2026-03-10 00:54:33,578 INFO o.a.j.t.JMeterThread: Thread started: Thread Group 1-36
2026-03-10 00:54:33,582 INFO o.a.j.t.JMeterThread: Thread started: Thread Group 1-37
2026-03-10 00:54:33,596 INFO o.a.j.t.JMeterThread: Thread started: Thread Group 1-38
2026-03-10 00:54:33,602 INFO o.a.j.t.JMeterThread: Thread started: Thread Group 1-39
2026-03-10 00:54:33,613 INFO o.a.j.t.JMeterThread: Thread started: Thread Group 1-40
2026-03-10 00:54:33,622 INFO o.a.j.t.JMeterThread: Thread started: Thread Group 1-41
2026-03-10 00:54:33,633 INFO o.a.j.t.JMeterThread: Thread started: Thread Group 1-42
2026-03-10 00:54:33,641 INFO o.a.j.t.JMeterThread: Thread started: Thread Group 1-43
2026-03-10 00:54:33,652 INFO o.a.j.t.JMeterThread: Thread started: Thread Group 1-44
2026-03-10 00:54:33,662 INFO o.a.j.t.JMeterThread: Thread started: Thread Group 1-45
2026-03-10 00:54:33,672 INFO o.a.j.t.JMeterThread: Thread started: Thread Group 1-46
2026-03-10 00:54:33,683 INFO o.a.j.t.JMeterThread: Thread started: Thread Group 1-47
2026-03-10 00:54:33,691 INFO o.a.j.t.JMeterThread: Thread started: Thread Group 1-48
2026-03-10 00:54:33,699 INFO o.a.j.t.JMeterThread: Thread started: Thread Group 1-49
2026-03-10 00:54:33,708 INFO o.a.j.t.JMeterThread: Thread started: Thread Group 1-50
2026-03-10 00:54:33,722 INFO o.a.j.t.JMeterThread: Thread started: Thread Group 1-51
2026-03-10 00:54:33,734 INFO o.a.j.t.JMeterThread: Thread started: Thread Group 1-52
2026-03-10 00:54:33,743 INFO o.a.j.t.JMeterThread: Thread started: Thread Group 1-53
2026-03-10 00:54:33,753 INFO o.a.j.t.JMeterThread: Thread started: Thread Group 1-54
2026-03-10 00:54:33,764 INFO o.a.j.t.JMeterThread: Thread started: Thread Group 1-55
2026-03-10 00:54:33,773 INFO o.a.j.t.JMeterThread: Thread started: Thread Group 1-56
2026-03-10 00:54:33,783 INFO o.a.j.t.JMeterThread: Thread started: Thread Group 1-57
2026-03-10 00:54:33,791 INFO o.a.j.t.JMeterThread: Thread started: Thread Group 1-58
2026-03-10 00:54:33,802 INFO o.a.j.t.JMeterThread: Thread started: Thread Group 1-59
2026-03-10 00:54:33,812 INFO o.a.j.t.JMeterThread: Thread started: Thread Group 1-60
2026-03-10 00:54:33,825 INFO o.a.j.t.JMeterThread: Thread started: Thread Group 1-61
2026-03-10 00:54:33,839 INFO o.a.j.t.JMeterThread: Thread started: Thread Group 1-62
2026-03-10 00:54:33,844 INFO o.a.j.t.JMeterThread: Thread started: Thread Group 1-63
2026-03-10 00:54:33,854 INFO o.a.j.t.JMeterThread: Thread started: Thread Group 1-64
2026-03-10 00:54:33,872 INFO o.a.j.t.JMeterThread: Thread started: Thread Group 1-65
2026-03-10 00:54:33,875 INFO o.a.j.t.JMeterThread: Thread started: Thread Group 1-66
2026-03-10 00:54:33,885 INFO o.a.j.t.JMeterThread: Thread started: Thread Group 1-67
2026-03-10 00:54:33,898 INFO o.a.j.t.JMeterThread: Thread started: Thread Group 1-68
2026-03-10 00:54:33,903 INFO o.a.j.t.JMeterThread: Thread started: Thread Group 1-69
2026-03-10 00:54:33,918 INFO o.a.j.t.JMeterThread: Thread started: Thread Group 1-70
2026-03-10 00:54:33,929 INFO o.a.j.t.JMeterThread: Thread started: Thread Group 1-71
2026-03-10 00:54:33,937 INFO o.a.j.t.JMeterThread: Thread started: Thread Group 1-72
2026-03-10 00:54:33,942 INFO o.a.j.t.JMeterThread: Thread started: Thread Group 1-73
2026-03-10 00:54:33,952 INFO o.a.j.t.JMeterThread: Thread started: Thread Group 1-74
2026-03-10 00:54:33,962 INFO o.a.j.t.JMeterThread: Thread started: Thread Group 1-75
2026-03-10 00:54:33,972 INFO o.a.j.t.JMeterThread: Thread started: Thread Group 1-76
2026-03-10 00:54:33,983 INFO o.a.j.t.JMeterThread: Thread started: Thread Group 1-77
2026-03-10 00:54:33,992 INFO o.a.j.t.JMeterThread: Thread started: Thread Group 1-78
2026-03-10 00:54:34,002 INFO o.a.j.t.JMeterThread: Thread started: Thread Group 1-79
2026-03-10 00:54:34,012 INFO o.a.j.t.JMeterThread: Thread started: Thread Group 1-80
2026-03-10 00:54:34,019 INFO o.a.j.t.JMeterThread: Thread started: Thread Group 1-81
2026-03-10 00:54:34,031 INFO o.a.j.t.JMeterThread: Thread started: Thread Group 1-82
2026-03-10 00:54:34,041 INFO o.a.j.t.JMeterThread: Thread started: Thread Group 1-83
2026-03-10 00:54:34,053 INFO o.a.j.t.JMeterThread: Thread started: Thread Group 1-84
2026-03-10 00:54:34,063 INFO o.a.j.t.JMeterThread: Thread started: Thread Group 1-85
2026-03-10 00:54:34,072 INFO o.a.j.t.JMeterThread: Thread started: Thread Group 1-86
2026-03-10 00:54:34,082 INFO o.a.j.t.JMeterThread: Thread started: Thread Group 1-87
2026-03-10 00:54:34,092 INFO o.a.j.t.JMeterThread: Thread started: Thread Group 1-88
2026-03-10 00:54:34,103 INFO o.a.j.t.JMeterThread: Thread started: Thread Group 1-89
2026-03-10 00:54:34,113 INFO o.a.j.t.JMeterThread: Thread started: Thread Group 1-90
2026-03-10 00:54:34,119 INFO o.a.j.t.JMeterThread: Thread started: Thread Group 1-91
2026-03-10 00:54:34,132 INFO o.a.j.t.JMeterThread: Thread started: Thread Group 1-92
2026-03-10 00:54:34,140 INFO o.a.j.t.JMeterThread: Thread started: Thread Group 1-93
2026-03-10 00:54:34,149 INFO o.a.j.t.JMeterThread: Thread started: Thread Group 1-94
2026-03-10 00:54:34,161 INFO o.a.j.t.JMeterThread: Thread started: Thread Group 1-95
2026-03-10 00:54:34,173 INFO o.a.j.t.JMeterThread: Thread started: Thread Group 1-96
2026-03-10 00:54:34,182 INFO o.a.j.t.JMeterThread: Thread started: Thread Group 1-97
2026-03-10 00:54:34,191 INFO o.a.j.t.JMeterThread: Thread started: Thread Group 1-98
2026-03-10 00:54:34,202 INFO o.a.j.t.JMeterThread: Thread started: Thread Group 1-99
2026-03-10 00:54:34,211 INFO o.a.j.t.JMeterThread: Thread started: Thread Group 1-100
2026-03-10 00:54:40,295 INFO o.a.j.t.JMeterThread: Stop Thread seen for thread Thread Group 1-26, reason: org.apache.jorphan.util.JMeterStopThreadException: End of file:/Users/gimhuiheon/Documents/study/java-multi-threading/resources/throughput/search_words.csv detected for CSV DataSet:CSV Data Set Config configured with stopThread:true, recycle:false
2026-03-10 00:54:40,296 INFO o.a.j.t.JMeterThread: Thread finished: Thread Group 1-26
2026-03-10 00:54:40,298 INFO o.a.j.t.JMeterThread: Stop Thread seen for thread Thread Group 1-39, reason: org.apache.jorphan.util.JMeterStopThreadException: End of file:/Users/gimhuiheon/Documents/study/java-multi-threading/resources/throughput/search_words.csv detected for CSV DataSet:CSV Data Set Config configured with stopThread:true, recycle:false
2026-03-10 00:54:40,298 INFO o.a.j.t.JMeterThread: Thread finished: Thread Group 1-39
2026-03-10 00:54:40,302 INFO o.a.j.t.JMeterThread: Stop Thread seen for thread Thread Group 1-63, reason: org.apache.jorphan.util.JMeterStopThreadException: End of file:/Users/gimhuiheon/Documents/study/java-multi-threading/resources/throughput/search_words.csv detected for CSV DataSet:CSV Data Set Config configured with stopThread:true, recycle:false
2026-03-10 00:54:40,302 INFO o.a.j.t.JMeterThread: Thread finished: Thread Group 1-63
2026-03-10 00:54:40,305 INFO o.a.j.t.JMeterThread: Stop Thread seen for thread Thread Group 1-86, reason: org.apache.jorphan.util.JMeterStopThreadException: End of file:/Users/gimhuiheon/Documents/study/java-multi-threading/resources/throughput/search_words.csv detected for CSV DataSet:CSV Data Set Config configured with stopThread:true, recycle:false
2026-03-10 00:54:40,305 INFO o.a.j.t.JMeterThread: Thread finished: Thread Group 1-86
2026-03-10 00:54:40,308 INFO o.a.j.t.JMeterThread: Stop Thread seen for thread Thread Group 1-85, reason: org.apache.jorphan.util.JMeterStopThreadException: End of file:/Users/gimhuiheon/Documents/study/java-multi-threading/resources/throughput/search_words.csv detected for CSV DataSet:CSV Data Set Config configured with stopThread:true, recycle:false
2026-03-10 00:54:40,308 INFO o.a.j.t.JMeterThread: Thread finished: Thread Group 1-85
2026-03-10 00:54:40,311 INFO o.a.j.t.JMeterThread: Stop Thread seen for thread Thread Group 1-48, reason: org.apache.jorphan.util.JMeterStopThreadException: End of file:/Users/gimhuiheon/Documents/study/java-multi-threading/resources/throughput/search_words.csv detected for CSV DataSet:CSV Data Set Config configured with stopThread:true, recycle:false
2026-03-10 00:54:40,311 INFO o.a.j.t.JMeterThread: Thread finished: Thread Group 1-48
2026-03-10 00:54:40,314 INFO o.a.j.t.JMeterThread: Stop Thread seen for thread Thread Group 1-62, reason: org.apache.jorphan.util.JMeterStopThreadException: End of file:/Users/gimhuiheon/Documents/study/java-multi-threading/resources/throughput/search_words.csv detected for CSV DataSet:CSV Data Set Config configured with stopThread:true, recycle:false
2026-03-10 00:54:40,314 INFO o.a.j.t.JMeterThread: Thread finished: Thread Group 1-62
2026-03-10 00:54:40,317 INFO o.a.j.t.JMeterThread: Stop Thread seen for thread Thread Group 1-5, reason: org.apache.jorphan.util.JMeterStopThreadException: End of file:/Users/gimhuiheon/Documents/study/java-multi-threading/resources/throughput/search_words.csv detected for CSV DataSet:CSV Data Set Config configured with stopThread:true, recycle:false
2026-03-10 00:54:40,317 INFO o.a.j.t.JMeterThread: Thread finished: Thread Group 1-5
2026-03-10 00:54:40,320 INFO o.a.j.t.JMeterThread: Stop Thread seen for thread Thread Group 1-37, reason: org.apache.jorphan.util.JMeterStopThreadException: End of file:/Users/gimhuiheon/Documents/study/java-multi-threading/resources/throughput/search_words.csv detected for CSV DataSet:CSV Data Set Config configured with stopThread:true, recycle:false
2026-03-10 00:54:40,320 INFO o.a.j.t.JMeterThread: Thread finished: Thread Group 1-37
2026-03-10 00:54:40,324 INFO o.a.j.t.JMeterThread: Stop Thread seen for thread Thread Group 1-61, reason: org.apache.jorphan.util.JMeterStopThreadException: End of file:/Users/gimhuiheon/Documents/study/java-multi-threading/resources/throughput/search_words.csv detected for CSV DataSet:CSV Data Set Config configured with stopThread:true, recycle:false
2026-03-10 00:54:40,324 INFO o.a.j.t.JMeterThread: Thread finished: Thread Group 1-61
2026-03-10 00:54:40,327 INFO o.a.j.t.JMeterThread: Stop Thread seen for thread Thread Group 1-49, reason: org.apache.jorphan.util.JMeterStopThreadException: End of file:/Users/gimhuiheon/Documents/study/java-multi-threading/resources/throughput/search_words.csv detected for CSV DataSet:CSV Data Set Config configured with stopThread:true, recycle:false
2026-03-10 00:54:40,327 INFO o.a.j.t.JMeterThread: Thread finished: Thread Group 1-49
2026-03-10 00:54:40,330 INFO o.a.j.t.JMeterThread: Stop Thread seen for thread Thread Group 1-87, reason: org.apache.jorphan.util.JMeterStopThreadException: End of file:/Users/gimhuiheon/Documents/study/java-multi-threading/resources/throughput/search_words.csv detected for CSV DataSet:CSV Data Set Config configured with stopThread:true, recycle:false
2026-03-10 00:54:40,330 INFO o.a.j.t.JMeterThread: Thread finished: Thread Group 1-87
2026-03-10 00:54:40,333 INFO o.a.j.t.JMeterThread: Stop Thread seen for thread Thread Group 1-27, reason: org.apache.jorphan.util.JMeterStopThreadException: End of file:/Users/gimhuiheon/Documents/study/java-multi-threading/resources/throughput/search_words.csv detected for CSV DataSet:CSV Data Set Config configured with stopThread:true, recycle:false
2026-03-10 00:54:40,333 INFO o.a.j.t.JMeterThread: Thread finished: Thread Group 1-27
2026-03-10 00:54:40,337 INFO o.a.j.t.JMeterThread: Stop Thread seen for thread Thread Group 1-11, reason: org.apache.jorphan.util.JMeterStopThreadException: End of file:/Users/gimhuiheon/Documents/study/java-multi-threading/resources/throughput/search_words.csv detected for CSV DataSet:CSV Data Set Config configured with stopThread:true, recycle:false
2026-03-10 00:54:40,337 INFO o.a.j.t.JMeterThread: Thread finished: Thread Group 1-11
2026-03-10 00:54:40,340 INFO o.a.j.t.JMeterThread: Stop Thread seen for thread Thread Group 1-88, reason: org.apache.jorphan.util.JMeterStopThreadException: End of file:/Users/gimhuiheon/Documents/study/java-multi-threading/resources/throughput/search_words.csv detected for CSV DataSet:CSV Data Set Config configured with stopThread:true, recycle:false
2026-03-10 00:54:40,340 INFO o.a.j.t.JMeterThread: Thread finished: Thread Group 1-88
2026-03-10 00:54:40,343 INFO o.a.j.t.JMeterThread: Stop Thread seen for thread Thread Group 1-50, reason: org.apache.jorphan.util.JMeterStopThreadException: End of file:/Users/gimhuiheon/Documents/study/java-multi-threading/resources/throughput/search_words.csv detected for CSV DataSet:CSV Data Set Config configured with stopThread:true, recycle:false
2026-03-10 00:54:40,343 INFO o.a.j.t.JMeterThread: Thread finished: Thread Group 1-50
2026-03-10 00:54:40,346 INFO o.a.j.t.JMeterThread: Stop Thread seen for thread Thread Group 1-20, reason: org.apache.jorphan.util.JMeterStopThreadException: End of file:/Users/gimhuiheon/Documents/study/java-multi-threading/resources/throughput/search_words.csv detected for CSV DataSet:CSV Data Set Config configured with stopThread:true, recycle:false
2026-03-10 00:54:40,346 INFO o.a.j.t.JMeterThread: Thread finished: Thread Group 1-20
2026-03-10 00:54:40,349 INFO o.a.j.t.JMeterThread: Stop Thread seen for thread Thread Group 1-28, reason: org.apache.jorphan.util.JMeterStopThreadException: End of file:/Users/gimhuiheon/Documents/study/java-multi-threading/resources/throughput/search_words.csv detected for CSV DataSet:CSV Data Set Config configured with stopThread:true, recycle:false
2026-03-10 00:54:40,349 INFO o.a.j.t.JMeterThread: Thread finished: Thread Group 1-28
2026-03-10 00:54:40,352 INFO o.a.j.t.JMeterThread: Stop Thread seen for thread Thread Group 1-89, reason: org.apache.jorphan.util.JMeterStopThreadException: End of file:/Users/gimhuiheon/Documents/study/java-multi-threading/resources/throughput/search_words.csv detected for CSV DataSet:CSV Data Set Config configured with stopThread:true, recycle:false
2026-03-10 00:54:40,352 INFO o.a.j.t.JMeterThread: Thread finished: Thread Group 1-89
2026-03-10 00:54:40,355 INFO o.a.j.t.JMeterThread: Stop Thread seen for thread Thread Group 1-6, reason: org.apache.jorphan.util.JMeterStopThreadException: End of file:/Users/gimhuiheon/Documents/study/java-multi-threading/resources/throughput/search_words.csv detected for CSV DataSet:CSV Data Set Config configured with stopThread:true, recycle:false
2026-03-10 00:54:40,355 INFO o.a.j.t.JMeterThread: Thread finished: Thread Group 1-6
2026-03-10 00:54:40,358 INFO o.a.j.t.JMeterThread: Stop Thread seen for thread Thread Group 1-64, reason: org.apache.jorphan.util.JMeterStopThreadException: End of file:/Users/gimhuiheon/Documents/study/java-multi-threading/resources/throughput/search_words.csv detected for CSV DataSet:CSV Data Set Config configured with stopThread:true, recycle:false
2026-03-10 00:54:40,358 INFO o.a.j.t.JMeterThread: Thread finished: Thread Group 1-64
2026-03-10 00:54:40,361 INFO o.a.j.t.JMeterThread: Stop Thread seen for thread Thread Group 1-15, reason: org.apache.jorphan.util.JMeterStopThreadException: End of file:/Users/gimhuiheon/Documents/study/java-multi-threading/resources/throughput/search_words.csv detected for CSV DataSet:CSV Data Set Config configured with stopThread:true, recycle:false
2026-03-10 00:54:40,361 INFO o.a.j.t.JMeterThread: Thread finished: Thread Group 1-15
2026-03-10 00:54:40,364 INFO o.a.j.t.JMeterThread: Stop Thread seen for thread Thread Group 1-90, reason: org.apache.jorphan.util.JMeterStopThreadException: End of file:/Users/gimhuiheon/Documents/study/java-multi-threading/resources/throughput/search_words.csv detected for CSV DataSet:CSV Data Set Config configured with stopThread:true, recycle:false
2026-03-10 00:54:40,364 INFO o.a.j.t.JMeterThread: Thread finished: Thread Group 1-90
2026-03-10 00:54:40,367 INFO o.a.j.t.JMeterThread: Stop Thread seen for thread Thread Group 1-65, reason: org.apache.jorphan.util.JMeterStopThreadException: End of file:/Users/gimhuiheon/Documents/study/java-multi-threading/resources/throughput/search_words.csv detected for CSV DataSet:CSV Data Set Config configured with stopThread:true, recycle:false
2026-03-10 00:54:40,367 INFO o.a.j.t.JMeterThread: Thread finished: Thread Group 1-65
2026-03-10 00:54:40,370 INFO o.a.j.t.JMeterThread: Stop Thread seen for thread Thread Group 1-40, reason: org.apache.jorphan.util.JMeterStopThreadException: End of file:/Users/gimhuiheon/Documents/study/java-multi-threading/resources/throughput/search_words.csv detected for CSV DataSet:CSV Data Set Config configured with stopThread:true, recycle:false
2026-03-10 00:54:40,370 INFO o.a.j.t.JMeterThread: Thread finished: Thread Group 1-40
2026-03-10 00:54:40,373 INFO o.a.j.t.JMeterThread: Stop Thread seen for thread Thread Group 1-41, reason: org.apache.jorphan.util.JMeterStopThreadException: End of file:/Users/gimhuiheon/Documents/study/java-multi-threading/resources/throughput/search_words.csv detected for CSV DataSet:CSV Data Set Config configured with stopThread:true, recycle:false
2026-03-10 00:54:40,373 INFO o.a.j.t.JMeterThread: Thread finished: Thread Group 1-41
2026-03-10 00:54:40,376 INFO o.a.j.t.JMeterThread: Stop Thread seen for thread Thread Group 1-51, reason: org.apache.jorphan.util.JMeterStopThreadException: End of file:/Users/gimhuiheon/Documents/study/java-multi-threading/resources/throughput/search_words.csv detected for CSV DataSet:CSV Data Set Config configured with stopThread:true, recycle:false
2026-03-10 00:54:40,376 INFO o.a.j.t.JMeterThread: Thread finished: Thread Group 1-51
2026-03-10 00:54:40,379 INFO o.a.j.t.JMeterThread: Stop Thread seen for thread Thread Group 1-91, reason: org.apache.jorphan.util.JMeterStopThreadException: End of file:/Users/gimhuiheon/Documents/study/java-multi-threading/resources/throughput/search_words.csv detected for CSV DataSet:CSV Data Set Config configured with stopThread:true, recycle:false
2026-03-10 00:54:40,379 INFO o.a.j.t.JMeterThread: Thread finished: Thread Group 1-91
2026-03-10 00:54:40,382 INFO o.a.j.t.JMeterThread: Stop Thread seen for thread Thread Group 1-66, reason: org.apache.jorphan.util.JMeterStopThreadException: End of file:/Users/gimhuiheon/Documents/study/java-multi-threading/resources/throughput/search_words.csv detected for CSV DataSet:CSV Data Set Config configured with stopThread:true, recycle:false
2026-03-10 00:54:40,382 INFO o.a.j.t.JMeterThread: Thread finished: Thread Group 1-66
2026-03-10 00:54:40,386 INFO o.a.j.t.JMeterThread: Stop Thread seen for thread Thread Group 1-67, reason: org.apache.jorphan.util.JMeterStopThreadException: End of file:/Users/gimhuiheon/Documents/study/java-multi-threading/resources/throughput/search_words.csv detected for CSV DataSet:CSV Data Set Config configured with stopThread:true, recycle:false
2026-03-10 00:54:40,386 INFO o.a.j.t.JMeterThread: Thread finished: Thread Group 1-67
2026-03-10 00:54:40,389 INFO o.a.j.t.JMeterThread: Stop Thread seen for thread Thread Group 1-92, reason: org.apache.jorphan.util.JMeterStopThreadException: End of file:/Users/gimhuiheon/Documents/study/java-multi-threading/resources/throughput/search_words.csv detected for CSV DataSet:CSV Data Set Config configured with stopThread:true, recycle:false
2026-03-10 00:54:40,389 INFO o.a.j.t.JMeterThread: Thread finished: Thread Group 1-92
2026-03-10 00:54:40,391 INFO o.a.j.t.JMeterThread: Stop Thread seen for thread Thread Group 1-29, reason: org.apache.jorphan.util.JMeterStopThreadException: End of file:/Users/gimhuiheon/Documents/study/java-multi-threading/resources/throughput/search_words.csv detected for CSV DataSet:CSV Data Set Config configured with stopThread:true, recycle:false
2026-03-10 00:54:40,391 INFO o.a.j.t.JMeterThread: Thread finished: Thread Group 1-29
2026-03-10 00:54:40,394 INFO o.a.j.t.JMeterThread: Stop Thread seen for thread Thread Group 1-21, reason: org.apache.jorphan.util.JMeterStopThreadException: End of file:/Users/gimhuiheon/Documents/study/java-multi-threading/resources/throughput/search_words.csv detected for CSV DataSet:CSV Data Set Config configured with stopThread:true, recycle:false
2026-03-10 00:54:40,394 INFO o.a.j.t.JMeterThread: Thread finished: Thread Group 1-21
2026-03-10 00:54:40,397 INFO o.a.j.t.JMeterThread: Stop Thread seen for thread Thread Group 1-7, reason: org.apache.jorphan.util.JMeterStopThreadException: End of file:/Users/gimhuiheon/Documents/study/java-multi-threading/resources/throughput/search_words.csv detected for CSV DataSet:CSV Data Set Config configured with stopThread:true, recycle:false
2026-03-10 00:54:40,397 INFO o.a.j.t.JMeterThread: Thread finished: Thread Group 1-7
2026-03-10 00:54:40,400 INFO o.a.j.t.JMeterThread: Stop Thread seen for thread Thread Group 1-95, reason: org.apache.jorphan.util.JMeterStopThreadException: End of file:/Users/gimhuiheon/Documents/study/java-multi-threading/resources/throughput/search_words.csv detected for CSV DataSet:CSV Data Set Config configured with stopThread:true, recycle:false
2026-03-10 00:54:40,400 INFO o.a.j.t.JMeterThread: Thread finished: Thread Group 1-95
2026-03-10 00:54:40,403 INFO o.a.j.t.JMeterThread: Stop Thread seen for thread Thread Group 1-31, reason: org.apache.jorphan.util.JMeterStopThreadException: End of file:/Users/gimhuiheon/Documents/study/java-multi-threading/resources/throughput/search_words.csv detected for CSV DataSet:CSV Data Set Config configured with stopThread:true, recycle:false
2026-03-10 00:54:40,403 INFO o.a.j.t.JMeterThread: Thread finished: Thread Group 1-31
2026-03-10 00:54:40,407 INFO o.a.j.t.JMeterThread: Stop Thread seen for thread Thread Group 1-30, reason: org.apache.jorphan.util.JMeterStopThreadException: End of file:/Users/gimhuiheon/Documents/study/java-multi-threading/resources/throughput/search_words.csv detected for CSV DataSet:CSV Data Set Config configured with stopThread:true, recycle:false
2026-03-10 00:54:40,407 INFO o.a.j.t.JMeterThread: Thread finished: Thread Group 1-30
2026-03-10 00:54:40,410 INFO o.a.j.t.JMeterThread: Stop Thread seen for thread Thread Group 1-94, reason: org.apache.jorphan.util.JMeterStopThreadException: End of file:/Users/gimhuiheon/Documents/study/java-multi-threading/resources/throughput/search_words.csv detected for CSV DataSet:CSV Data Set Config configured with stopThread:true, recycle:false
2026-03-10 00:54:40,410 INFO o.a.j.t.JMeterThread: Thread finished: Thread Group 1-94
2026-03-10 00:54:40,414 INFO o.a.j.t.JMeterThread: Stop Thread seen for thread Thread Group 1-93, reason: org.apache.jorphan.util.JMeterStopThreadException: End of file:/Users/gimhuiheon/Documents/study/java-multi-threading/resources/throughput/search_words.csv detected for CSV DataSet:CSV Data Set Config configured with stopThread:true, recycle:false
2026-03-10 00:54:40,414 INFO o.a.j.t.JMeterThread: Thread finished: Thread Group 1-93
2026-03-10 00:54:40,418 INFO o.a.j.t.JMeterThread: Stop Thread seen for thread Thread Group 1-8, reason: org.apache.jorphan.util.JMeterStopThreadException: End of file:/Users/gimhuiheon/Documents/study/java-multi-threading/resources/throughput/search_words.csv detected for CSV DataSet:CSV Data Set Config configured with stopThread:true, recycle:false
2026-03-10 00:54:40,418 INFO o.a.j.t.JMeterThread: Thread finished: Thread Group 1-8
2026-03-10 00:54:40,422 INFO o.a.j.t.JMeterThread: Stop Thread seen for thread Thread Group 1-68, reason: org.apache.jorphan.util.JMeterStopThreadException: End of file:/Users/gimhuiheon/Documents/study/java-multi-threading/resources/throughput/search_words.csv detected for CSV DataSet:CSV Data Set Config configured with stopThread:true, recycle:false
2026-03-10 00:54:40,422 INFO o.a.j.t.JMeterThread: Thread finished: Thread Group 1-68
2026-03-10 00:54:40,424 INFO o.a.j.t.JMeterThread: Stop Thread seen for thread Thread Group 1-52, reason: org.apache.jorphan.util.JMeterStopThreadException: End of file:/Users/gimhuiheon/Documents/study/java-multi-threading/resources/throughput/search_words.csv detected for CSV DataSet:CSV Data Set Config configured with stopThread:true, recycle:false
2026-03-10 00:54:40,424 INFO o.a.j.t.JMeterThread: Thread finished: Thread Group 1-52
2026-03-10 00:54:40,428 INFO o.a.j.t.JMeterThread: Stop Thread seen for thread Thread Group 1-16, reason: org.apache.jorphan.util.JMeterStopThreadException: End of file:/Users/gimhuiheon/Documents/study/java-multi-threading/resources/throughput/search_words.csv detected for CSV DataSet:CSV Data Set Config configured with stopThread:true, recycle:false
2026-03-10 00:54:40,428 INFO o.a.j.t.JMeterThread: Thread finished: Thread Group 1-16
2026-03-10 00:54:40,431 INFO o.a.j.t.JMeterThread: Stop Thread seen for thread Thread Group 1-96, reason: org.apache.jorphan.util.JMeterStopThreadException: End of file:/Users/gimhuiheon/Documents/study/java-multi-threading/resources/throughput/search_words.csv detected for CSV DataSet:CSV Data Set Config configured with stopThread:true, recycle:false
2026-03-10 00:54:40,431 INFO o.a.j.t.JMeterThread: Thread finished: Thread Group 1-96
2026-03-10 00:54:40,435 INFO o.a.j.t.JMeterThread: Stop Thread seen for thread Thread Group 1-42, reason: org.apache.jorphan.util.JMeterStopThreadException: End of file:/Users/gimhuiheon/Documents/study/java-multi-threading/resources/throughput/search_words.csv detected for CSV DataSet:CSV Data Set Config configured with stopThread:true, recycle:false
2026-03-10 00:54:40,435 INFO o.a.j.t.JMeterThread: Thread finished: Thread Group 1-42
2026-03-10 00:54:40,439 INFO o.a.j.t.JMeterThread: Stop Thread seen for thread Thread Group 1-12, reason: org.apache.jorphan.util.JMeterStopThreadException: End of file:/Users/gimhuiheon/Documents/study/java-multi-threading/resources/throughput/search_words.csv detected for CSV DataSet:CSV Data Set Config configured with stopThread:true, recycle:false
2026-03-10 00:54:40,439 INFO o.a.j.t.JMeterThread: Thread finished: Thread Group 1-12
2026-03-10 00:54:40,444 INFO o.a.j.t.JMeterThread: Stop Thread seen for thread Thread Group 1-97, reason: org.apache.jorphan.util.JMeterStopThreadException: End of file:/Users/gimhuiheon/Documents/study/java-multi-threading/resources/throughput/search_words.csv detected for CSV DataSet:CSV Data Set Config configured with stopThread:true, recycle:false
2026-03-10 00:54:40,444 INFO o.a.j.t.JMeterThread: Thread finished: Thread Group 1-97
2026-03-10 00:54:40,447 INFO o.a.j.t.JMeterThread: Stop Thread seen for thread Thread Group 1-98, reason: org.apache.jorphan.util.JMeterStopThreadException: End of file:/Users/gimhuiheon/Documents/study/java-multi-threading/resources/throughput/search_words.csv detected for CSV DataSet:CSV Data Set Config configured with stopThread:true, recycle:false
2026-03-10 00:54:40,447 INFO o.a.j.t.JMeterThread: Thread finished: Thread Group 1-98
2026-03-10 00:54:40,451 INFO o.a.j.t.JMeterThread: Stop Thread seen for thread Thread Group 1-1, reason: org.apache.jorphan.util.JMeterStopThreadException: End of file:/Users/gimhuiheon/Documents/study/java-multi-threading/resources/throughput/search_words.csv detected for CSV DataSet:CSV Data Set Config configured with stopThread:true, recycle:false
2026-03-10 00:54:40,451 INFO o.a.j.t.JMeterThread: Thread finished: Thread Group 1-1
2026-03-10 00:54:40,456 INFO o.a.j.t.JMeterThread: Stop Thread seen for thread Thread Group 1-53, reason: org.apache.jorphan.util.JMeterStopThreadException: End of file:/Users/gimhuiheon/Documents/study/java-multi-threading/resources/throughput/search_words.csv detected for CSV DataSet:CSV Data Set Config configured with stopThread:true, recycle:false
2026-03-10 00:54:40,456 INFO o.a.j.t.JMeterThread: Thread finished: Thread Group 1-53
2026-03-10 00:54:40,460 INFO o.a.j.t.JMeterThread: Stop Thread seen for thread Thread Group 1-22, reason: org.apache.jorphan.util.JMeterStopThreadException: End of file:/Users/gimhuiheon/Documents/study/java-multi-threading/resources/throughput/search_words.csv detected for CSV DataSet:CSV Data Set Config configured with stopThread:true, recycle:false
2026-03-10 00:54:40,460 INFO o.a.j.t.JMeterThread: Thread finished: Thread Group 1-22
2026-03-10 00:54:40,463 INFO o.a.j.t.JMeterThread: Stop Thread seen for thread Thread Group 1-69, reason: org.apache.jorphan.util.JMeterStopThreadException: End of file:/Users/gimhuiheon/Documents/study/java-multi-threading/resources/throughput/search_words.csv detected for CSV DataSet:CSV Data Set Config configured with stopThread:true, recycle:false
2026-03-10 00:54:40,463 INFO o.a.j.t.JMeterThread: Thread finished: Thread Group 1-69
2026-03-10 00:54:40,468 INFO o.a.j.t.JMeterThread: Stop Thread seen for thread Thread Group 1-32, reason: org.apache.jorphan.util.JMeterStopThreadException: End of file:/Users/gimhuiheon/Documents/study/java-multi-threading/resources/throughput/search_words.csv detected for CSV DataSet:CSV Data Set Config configured with stopThread:true, recycle:false
2026-03-10 00:54:40,468 INFO o.a.j.t.JMeterThread: Thread finished: Thread Group 1-32
2026-03-10 00:54:40,472 INFO o.a.j.t.JMeterThread: Stop Thread seen for thread Thread Group 1-70, reason: org.apache.jorphan.util.JMeterStopThreadException: End of file:/Users/gimhuiheon/Documents/study/java-multi-threading/resources/throughput/search_words.csv detected for CSV DataSet:CSV Data Set Config configured with stopThread:true, recycle:false
2026-03-10 00:54:40,472 INFO o.a.j.t.JMeterThread: Thread finished: Thread Group 1-70
2026-03-10 00:54:40,476 INFO o.a.j.t.JMeterThread: Stop Thread seen for thread Thread Group 1-99, reason: org.apache.jorphan.util.JMeterStopThreadException: End of file:/Users/gimhuiheon/Documents/study/java-multi-threading/resources/throughput/search_words.csv detected for CSV DataSet:CSV Data Set Config configured with stopThread:true, recycle:false
2026-03-10 00:54:40,476 INFO o.a.j.t.JMeterThread: Thread finished: Thread Group 1-99
2026-03-10 00:54:40,481 INFO o.a.j.t.JMeterThread: Stop Thread seen for thread Thread Group 1-43, reason: org.apache.jorphan.util.JMeterStopThreadException: End of file:/Users/gimhuiheon/Documents/study/java-multi-threading/resources/throughput/search_words.csv detected for CSV DataSet:CSV Data Set Config configured with stopThread:true, recycle:false
2026-03-10 00:54:40,481 INFO o.a.j.t.JMeterThread: Thread finished: Thread Group 1-43
2026-03-10 00:54:40,483 INFO o.a.j.t.JMeterThread: Stop Thread seen for thread Thread Group 1-33, reason: org.apache.jorphan.util.JMeterStopThreadException: End of file:/Users/gimhuiheon/Documents/study/java-multi-threading/resources/throughput/search_words.csv detected for CSV DataSet:CSV Data Set Config configured with stopThread:true, recycle:false
2026-03-10 00:54:40,483 INFO o.a.j.t.JMeterThread: Thread finished: Thread Group 1-33
2026-03-10 00:54:40,487 INFO o.a.j.t.JMeterThread: Stop Thread seen for thread Thread Group 1-9, reason: org.apache.jorphan.util.JMeterStopThreadException: End of file:/Users/gimhuiheon/Documents/study/java-multi-threading/resources/throughput/search_words.csv detected for CSV DataSet:CSV Data Set Config configured with stopThread:true, recycle:false
2026-03-10 00:54:40,488 INFO o.a.j.t.JMeterThread: Thread finished: Thread Group 1-9
2026-03-10 00:54:40,512 INFO o.a.j.t.JMeterThread: Stop Thread seen for thread Thread Group 1-17, reason: org.apache.jorphan.util.JMeterStopThreadException: End of file:/Users/gimhuiheon/Documents/study/java-multi-threading/resources/throughput/search_words.csv detected for CSV DataSet:CSV Data Set Config configured with stopThread:true, recycle:false
2026-03-10 00:54:40,512 INFO o.a.j.t.JMeterThread: Stop Thread seen for thread Thread Group 1-72, reason: org.apache.jorphan.util.JMeterStopThreadException: End of file:/Users/gimhuiheon/Documents/study/java-multi-threading/resources/throughput/search_words.csv detected for CSV DataSet:CSV Data Set Config configured with stopThread:true, recycle:false
2026-03-10 00:54:40,512 INFO o.a.j.t.JMeterThread: Stop Thread seen for thread Thread Group 1-71, reason: org.apache.jorphan.util.JMeterStopThreadException: End of file:/Users/gimhuiheon/Documents/study/java-multi-threading/resources/throughput/search_words.csv detected for CSV DataSet:CSV Data Set Config configured with stopThread:true, recycle:false
2026-03-10 00:54:40,512 INFO o.a.j.t.JMeterThread: Thread finished: Thread Group 1-72
2026-03-10 00:54:40,512 INFO o.a.j.t.JMeterThread: Stop Thread seen for thread Thread Group 1-75, reason: org.apache.jorphan.util.JMeterStopThreadException: End of file:/Users/gimhuiheon/Documents/study/java-multi-threading/resources/throughput/search_words.csv detected for CSV DataSet:CSV Data Set Config configured with stopThread:true, recycle:false
2026-03-10 00:54:40,512 INFO o.a.j.t.JMeterThread: Stop Thread seen for thread Thread Group 1-54, reason: org.apache.jorphan.util.JMeterStopThreadException: End of file:/Users/gimhuiheon/Documents/study/java-multi-threading/resources/throughput/search_words.csv detected for CSV DataSet:CSV Data Set Config configured with stopThread:true, recycle:false
2026-03-10 00:54:40,512 INFO o.a.j.t.JMeterThread: Thread finished: Thread Group 1-75
2026-03-10 00:54:40,512 INFO o.a.j.t.JMeterThread: Stop Thread seen for thread Thread Group 1-55, reason: org.apache.jorphan.util.JMeterStopThreadException: End of file:/Users/gimhuiheon/Documents/study/java-multi-threading/resources/throughput/search_words.csv detected for CSV DataSet:CSV Data Set Config configured with stopThread:true, recycle:false
2026-03-10 00:54:40,512 INFO o.a.j.t.JMeterThread: Thread finished: Thread Group 1-71
2026-03-10 00:54:40,512 INFO o.a.j.t.JMeterThread: Thread finished: Thread Group 1-17
2026-03-10 00:54:40,513 INFO o.a.j.t.JMeterThread: Thread finished: Thread Group 1-55
2026-03-10 00:54:40,513 INFO o.a.j.t.JMeterThread: Thread finished: Thread Group 1-54
2026-03-10 00:54:40,514 INFO o.a.j.t.JMeterThread: Stop Thread seen for thread Thread Group 1-73, reason: org.apache.jorphan.util.JMeterStopThreadException: End of file:/Users/gimhuiheon/Documents/study/java-multi-threading/resources/throughput/search_words.csv detected for CSV DataSet:CSV Data Set Config configured with stopThread:true, recycle:false
2026-03-10 00:54:40,515 INFO o.a.j.t.JMeterThread: Thread finished: Thread Group 1-73
2026-03-10 00:54:40,518 INFO o.a.j.t.JMeterThread: Stop Thread seen for thread Thread Group 1-56, reason: org.apache.jorphan.util.JMeterStopThreadException: End of file:/Users/gimhuiheon/Documents/study/java-multi-threading/resources/throughput/search_words.csv detected for CSV DataSet:CSV Data Set Config configured with stopThread:true, recycle:false
2026-03-10 00:54:40,518 INFO o.a.j.t.JMeterThread: Thread finished: Thread Group 1-56
2026-03-10 00:54:40,522 INFO o.a.j.t.JMeterThread: Stop Thread seen for thread Thread Group 1-100, reason: org.apache.jorphan.util.JMeterStopThreadException: End of file:/Users/gimhuiheon/Documents/study/java-multi-threading/resources/throughput/search_words.csv detected for CSV DataSet:CSV Data Set Config configured with stopThread:true, recycle:false
2026-03-10 00:54:40,522 INFO o.a.j.t.JMeterThread: Thread finished: Thread Group 1-100
2026-03-10 00:54:40,525 INFO o.a.j.t.JMeterThread: Stop Thread seen for thread Thread Group 1-74, reason: org.apache.jorphan.util.JMeterStopThreadException: End of file:/Users/gimhuiheon/Documents/study/java-multi-threading/resources/throughput/search_words.csv detected for CSV DataSet:CSV Data Set Config configured with stopThread:true, recycle:false
2026-03-10 00:54:40,525 INFO o.a.j.t.JMeterThread: Thread finished: Thread Group 1-74
2026-03-10 00:54:40,529 INFO o.a.j.t.JMeterThread: Stop Thread seen for thread Thread Group 1-2, reason: org.apache.jorphan.util.JMeterStopThreadException: End of file:/Users/gimhuiheon/Documents/study/java-multi-threading/resources/throughput/search_words.csv detected for CSV DataSet:CSV Data Set Config configured with stopThread:true, recycle:false
2026-03-10 00:54:40,529 INFO o.a.j.t.JMeterThread: Thread finished: Thread Group 1-2
2026-03-10 00:54:40,532 INFO o.a.j.t.JMeterThread: Stop Thread seen for thread Thread Group 1-57, reason: org.apache.jorphan.util.JMeterStopThreadException: End of file:/Users/gimhuiheon/Documents/study/java-multi-threading/resources/throughput/search_words.csv detected for CSV DataSet:CSV Data Set Config configured with stopThread:true, recycle:false
2026-03-10 00:54:40,532 INFO o.a.j.t.JMeterThread: Thread finished: Thread Group 1-57
2026-03-10 00:54:40,536 INFO o.a.j.t.JMeterThread: Stop Thread seen for thread Thread Group 1-77, reason: org.apache.jorphan.util.JMeterStopThreadException: End of file:/Users/gimhuiheon/Documents/study/java-multi-threading/resources/throughput/search_words.csv detected for CSV DataSet:CSV Data Set Config configured with stopThread:true, recycle:false
2026-03-10 00:54:40,536 INFO o.a.j.t.JMeterThread: Thread finished: Thread Group 1-77
2026-03-10 00:54:40,540 INFO o.a.j.t.JMeterThread: Stop Thread seen for thread Thread Group 1-44, reason: org.apache.jorphan.util.JMeterStopThreadException: End of file:/Users/gimhuiheon/Documents/study/java-multi-threading/resources/throughput/search_words.csv detected for CSV DataSet:CSV Data Set Config configured with stopThread:true, recycle:false
2026-03-10 00:54:40,540 INFO o.a.j.t.JMeterThread: Thread finished: Thread Group 1-44
2026-03-10 00:54:40,543 INFO o.a.j.t.JMeterThread: Stop Thread seen for thread Thread Group 1-34, reason: org.apache.jorphan.util.JMeterStopThreadException: End of file:/Users/gimhuiheon/Documents/study/java-multi-threading/resources/throughput/search_words.csv detected for CSV DataSet:CSV Data Set Config configured with stopThread:true, recycle:false
2026-03-10 00:54:40,543 INFO o.a.j.t.JMeterThread: Thread finished: Thread Group 1-34
2026-03-10 00:54:40,547 INFO o.a.j.t.JMeterThread: Stop Thread seen for thread Thread Group 1-13, reason: org.apache.jorphan.util.JMeterStopThreadException: End of file:/Users/gimhuiheon/Documents/study/java-multi-threading/resources/throughput/search_words.csv detected for CSV DataSet:CSV Data Set Config configured with stopThread:true, recycle:false
2026-03-10 00:54:40,547 INFO o.a.j.t.JMeterThread: Thread finished: Thread Group 1-13
2026-03-10 00:54:40,551 INFO o.a.j.t.JMeterThread: Stop Thread seen for thread Thread Group 1-76, reason: org.apache.jorphan.util.JMeterStopThreadException: End of file:/Users/gimhuiheon/Documents/study/java-multi-threading/resources/throughput/search_words.csv detected for CSV DataSet:CSV Data Set Config configured with stopThread:true, recycle:false
2026-03-10 00:54:40,551 INFO o.a.j.t.JMeterThread: Thread finished: Thread Group 1-76
2026-03-10 00:54:40,553 INFO o.a.j.t.JMeterThread: Stop Thread seen for thread Thread Group 1-78, reason: org.apache.jorphan.util.JMeterStopThreadException: End of file:/Users/gimhuiheon/Documents/study/java-multi-threading/resources/throughput/search_words.csv detected for CSV DataSet:CSV Data Set Config configured with stopThread:true, recycle:false
2026-03-10 00:54:40,553 INFO o.a.j.t.JMeterThread: Thread finished: Thread Group 1-78
2026-03-10 00:54:40,556 INFO o.a.j.t.JMeterThread: Stop Thread seen for thread Thread Group 1-35, reason: org.apache.jorphan.util.JMeterStopThreadException: End of file:/Users/gimhuiheon/Documents/study/java-multi-threading/resources/throughput/search_words.csv detected for CSV DataSet:CSV Data Set Config configured with stopThread:true, recycle:false
2026-03-10 00:54:40,556 INFO o.a.j.t.JMeterThread: Thread finished: Thread Group 1-35
2026-03-10 00:54:40,558 INFO o.a.j.t.JMeterThread: Stop Thread seen for thread Thread Group 1-3, reason: org.apache.jorphan.util.JMeterStopThreadException: End of file:/Users/gimhuiheon/Documents/study/java-multi-threading/resources/throughput/search_words.csv detected for CSV DataSet:CSV Data Set Config configured with stopThread:true, recycle:false
2026-03-10 00:54:40,558 INFO o.a.j.t.JMeterThread: Thread finished: Thread Group 1-3
2026-03-10 00:54:40,560 INFO o.a.j.t.JMeterThread: Stop Thread seen for thread Thread Group 1-45, reason: org.apache.jorphan.util.JMeterStopThreadException: End of file:/Users/gimhuiheon/Documents/study/java-multi-threading/resources/throughput/search_words.csv detected for CSV DataSet:CSV Data Set Config configured with stopThread:true, recycle:false
2026-03-10 00:54:40,560 INFO o.a.j.t.JMeterThread: Thread finished: Thread Group 1-45
2026-03-10 00:54:40,563 INFO o.a.j.t.JMeterThread: Stop Thread seen for thread Thread Group 1-24, reason: org.apache.jorphan.util.JMeterStopThreadException: End of file:/Users/gimhuiheon/Documents/study/java-multi-threading/resources/throughput/search_words.csv detected for CSV DataSet:CSV Data Set Config configured with stopThread:true, recycle:false
2026-03-10 00:54:40,563 INFO o.a.j.t.JMeterThread: Thread finished: Thread Group 1-24
2026-03-10 00:54:40,565 INFO o.a.j.t.JMeterThread: Stop Thread seen for thread Thread Group 1-58, reason: org.apache.jorphan.util.JMeterStopThreadException: End of file:/Users/gimhuiheon/Documents/study/java-multi-threading/resources/throughput/search_words.csv detected for CSV DataSet:CSV Data Set Config configured with stopThread:true, recycle:false
2026-03-10 00:54:40,565 INFO o.a.j.t.JMeterThread: Thread finished: Thread Group 1-58
2026-03-10 00:54:40,567 INFO o.a.j.t.JMeterThread: Stop Thread seen for thread Thread Group 1-23, reason: org.apache.jorphan.util.JMeterStopThreadException: End of file:/Users/gimhuiheon/Documents/study/java-multi-threading/resources/throughput/search_words.csv detected for CSV DataSet:CSV Data Set Config configured with stopThread:true, recycle:false
2026-03-10 00:54:40,567 INFO o.a.j.t.JMeterThread: Thread finished: Thread Group 1-23
2026-03-10 00:54:40,569 INFO o.a.j.t.JMeterThread: Stop Thread seen for thread Thread Group 1-79, reason: org.apache.jorphan.util.JMeterStopThreadException: End of file:/Users/gimhuiheon/Documents/study/java-multi-threading/resources/throughput/search_words.csv detected for CSV DataSet:CSV Data Set Config configured with stopThread:true, recycle:false
2026-03-10 00:54:40,569 INFO o.a.j.t.JMeterThread: Thread finished: Thread Group 1-79
2026-03-10 00:54:40,571 INFO o.a.j.t.JMeterThread: Stop Thread seen for thread Thread Group 1-14, reason: org.apache.jorphan.util.JMeterStopThreadException: End of file:/Users/gimhuiheon/Documents/study/java-multi-threading/resources/throughput/search_words.csv detected for CSV DataSet:CSV Data Set Config configured with stopThread:true, recycle:false
2026-03-10 00:54:40,571 INFO o.a.j.t.JMeterThread: Thread finished: Thread Group 1-14
2026-03-10 00:54:40,574 INFO o.a.j.t.JMeterThread: Stop Thread seen for thread Thread Group 1-18, reason: org.apache.jorphan.util.JMeterStopThreadException: End of file:/Users/gimhuiheon/Documents/study/java-multi-threading/resources/throughput/search_words.csv detected for CSV DataSet:CSV Data Set Config configured with stopThread:true, recycle:false
2026-03-10 00:54:40,574 INFO o.a.j.t.JMeterThread: Thread finished: Thread Group 1-18
2026-03-10 00:54:40,576 INFO o.a.j.t.JMeterThread: Stop Thread seen for thread Thread Group 1-59, reason: org.apache.jorphan.util.JMeterStopThreadException: End of file:/Users/gimhuiheon/Documents/study/java-multi-threading/resources/throughput/search_words.csv detected for CSV DataSet:CSV Data Set Config configured with stopThread:true, recycle:false
2026-03-10 00:54:40,576 INFO o.a.j.t.JMeterThread: Thread finished: Thread Group 1-59
2026-03-10 00:54:40,578 INFO o.a.j.t.JMeterThread: Stop Thread seen for thread Thread Group 1-80, reason: org.apache.jorphan.util.JMeterStopThreadException: End of file:/Users/gimhuiheon/Documents/study/java-multi-threading/resources/throughput/search_words.csv detected for CSV DataSet:CSV Data Set Config configured with stopThread:true, recycle:false
2026-03-10 00:54:40,578 INFO o.a.j.t.JMeterThread: Thread finished: Thread Group 1-80
2026-03-10 00:54:40,581 INFO o.a.j.t.JMeterThread: Stop Thread seen for thread Thread Group 1-46, reason: org.apache.jorphan.util.JMeterStopThreadException: End of file:/Users/gimhuiheon/Documents/study/java-multi-threading/resources/throughput/search_words.csv detected for CSV DataSet:CSV Data Set Config configured with stopThread:true, recycle:false
2026-03-10 00:54:40,581 INFO o.a.j.t.JMeterThread: Thread finished: Thread Group 1-46
2026-03-10 00:54:40,583 INFO o.a.j.t.JMeterThread: Stop Thread seen for thread Thread Group 1-25, reason: org.apache.jorphan.util.JMeterStopThreadException: End of file:/Users/gimhuiheon/Documents/study/java-multi-threading/resources/throughput/search_words.csv detected for CSV DataSet:CSV Data Set Config configured with stopThread:true, recycle:false
2026-03-10 00:54:40,583 INFO o.a.j.t.JMeterThread: Thread finished: Thread Group 1-25
2026-03-10 00:54:40,585 INFO o.a.j.t.JMeterThread: Stop Thread seen for thread Thread Group 1-81, reason: org.apache.jorphan.util.JMeterStopThreadException: End of file:/Users/gimhuiheon/Documents/study/java-multi-threading/resources/throughput/search_words.csv detected for CSV DataSet:CSV Data Set Config configured with stopThread:true, recycle:false
2026-03-10 00:54:40,586 INFO o.a.j.t.JMeterThread: Thread finished: Thread Group 1-81
2026-03-10 00:54:40,588 INFO o.a.j.t.JMeterThread: Stop Thread seen for thread Thread Group 1-10, reason: org.apache.jorphan.util.JMeterStopThreadException: End of file:/Users/gimhuiheon/Documents/study/java-multi-threading/resources/throughput/search_words.csv detected for CSV DataSet:CSV Data Set Config configured with stopThread:true, recycle:false
2026-03-10 00:54:40,588 INFO o.a.j.t.JMeterThread: Thread finished: Thread Group 1-10
2026-03-10 00:54:40,590 INFO o.a.j.t.JMeterThread: Stop Thread seen for thread Thread Group 1-36, reason: org.apache.jorphan.util.JMeterStopThreadException: End of file:/Users/gimhuiheon/Documents/study/java-multi-threading/resources/throughput/search_words.csv detected for CSV DataSet:CSV Data Set Config configured with stopThread:true, recycle:false
2026-03-10 00:54:40,590 INFO o.a.j.t.JMeterThread: Thread finished: Thread Group 1-36
2026-03-10 00:54:40,592 INFO o.a.j.t.JMeterThread: Stop Thread seen for thread Thread Group 1-60, reason: org.apache.jorphan.util.JMeterStopThreadException: End of file:/Users/gimhuiheon/Documents/study/java-multi-threading/resources/throughput/search_words.csv detected for CSV DataSet:CSV Data Set Config configured with stopThread:true, recycle:false
2026-03-10 00:54:40,592 INFO o.a.j.t.JMeterThread: Thread finished: Thread Group 1-60
2026-03-10 00:54:40,595 INFO o.a.j.t.JMeterThread: Stop Thread seen for thread Thread Group 1-19, reason: org.apache.jorphan.util.JMeterStopThreadException: End of file:/Users/gimhuiheon/Documents/study/java-multi-threading/resources/throughput/search_words.csv detected for CSV DataSet:CSV Data Set Config configured with stopThread:true, recycle:false
2026-03-10 00:54:40,595 INFO o.a.j.t.JMeterThread: Thread finished: Thread Group 1-19
2026-03-10 00:54:40,597 INFO o.a.j.t.JMeterThread: Stop Thread seen for thread Thread Group 1-82, reason: org.apache.jorphan.util.JMeterStopThreadException: End of file:/Users/gimhuiheon/Documents/study/java-multi-threading/resources/throughput/search_words.csv detected for CSV DataSet:CSV Data Set Config configured with stopThread:true, recycle:false
2026-03-10 00:54:40,597 INFO o.a.j.t.JMeterThread: Thread finished: Thread Group 1-82
2026-03-10 00:54:40,599 INFO o.a.j.t.JMeterThread: Stop Thread seen for thread Thread Group 1-4, reason: org.apache.jorphan.util.JMeterStopThreadException: End of file:/Users/gimhuiheon/Documents/study/java-multi-threading/resources/throughput/search_words.csv detected for CSV DataSet:CSV Data Set Config configured with stopThread:true, recycle:false
2026-03-10 00:54:40,599 INFO o.a.j.t.JMeterThread: Thread finished: Thread Group 1-4
2026-03-10 00:54:40,602 INFO o.a.j.t.JMeterThread: Stop Thread seen for thread Thread Group 1-47, reason: org.apache.jorphan.util.JMeterStopThreadException: End of file:/Users/gimhuiheon/Documents/study/java-multi-threading/resources/throughput/search_words.csv detected for CSV DataSet:CSV Data Set Config configured with stopThread:true, recycle:false
2026-03-10 00:54:40,602 INFO o.a.j.t.JMeterThread: Thread finished: Thread Group 1-47
2026-03-10 00:54:40,604 INFO o.a.j.t.JMeterThread: Stop Thread seen for thread Thread Group 1-83, reason: org.apache.jorphan.util.JMeterStopThreadException: End of file:/Users/gimhuiheon/Documents/study/java-multi-threading/resources/throughput/search_words.csv detected for CSV DataSet:CSV Data Set Config configured with stopThread:true, recycle:false
2026-03-10 00:54:40,604 INFO o.a.j.t.JMeterThread: Thread finished: Thread Group 1-83
2026-03-10 00:54:40,606 INFO o.a.j.t.JMeterThread: Stop Thread seen for thread Thread Group 1-38, reason: org.apache.jorphan.util.JMeterStopThreadException: End of file:/Users/gimhuiheon/Documents/study/java-multi-threading/resources/throughput/search_words.csv detected for CSV DataSet:CSV Data Set Config configured with stopThread:true, recycle:false
2026-03-10 00:54:40,606 INFO o.a.j.t.JMeterThread: Thread finished: Thread Group 1-38
2026-03-10 00:54:40,608 INFO o.a.j.t.JMeterThread: Stop Thread seen for thread Thread Group 1-84, reason: org.apache.jorphan.util.JMeterStopThreadException: End of file:/Users/gimhuiheon/Documents/study/java-multi-threading/resources/throughput/search_words.csv detected for CSV DataSet:CSV Data Set Config configured with stopThread:true, recycle:false
2026-03-10 00:54:40,608 INFO o.a.j.t.JMeterThread: Thread finished: Thread Group 1-84
2026-03-10 00:54:40,609 INFO o.a.j.e.StandardJMeterEngine: Notifying test listeners of end of test
2026-03-10 00:54:40,609 INFO o.a.j.s.FileServer: Close: /Users/gimhuiheon/Documents/study/java-multi-threading/resources/throughput/search_words.csv
2026-03-10 00:54:40,609 INFO o.a.j.g.u.JMeterMenuBar: setRunning(false, *local*)
2026-03-10 00:54:50,596 INFO o.a.j.e.StandardJMeterEngine: Running the test!
2026-03-10 00:54:50,596 INFO o.a.j.s.SampleEvent: List of sample_variables: []
2026-03-10 00:54:50,596 INFO o.a.j.g.u.JMeterMenuBar: setRunning(true, *local*)
2026-03-10 00:54:50,626 INFO o.a.j.e.StandardJMeterEngine: Starting ThreadGroup: 1 : Thread Group
2026-03-10 00:54:50,626 INFO o.a.j.e.StandardJMeterEngine: Starting 100 threads for group Thread Group.
2026-03-10 00:54:50,626 INFO o.a.j.e.StandardJMeterEngine: Thread will continue on error
2026-03-10 00:54:50,626 INFO o.a.j.t.ThreadGroup: Starting thread group... number=1 threads=100 ramp-up=1 delayedStart=false
2026-03-10 00:54:50,627 INFO o.a.j.t.JMeterThread: Thread started: Thread Group 1-1
2026-03-10 00:54:50,627 INFO o.a.j.s.FileServer: Stored: /Users/gimhuiheon/Documents/study/java-multi-threading/resources/throughput/search_words.csv
2026-03-10 00:54:50,636 INFO o.a.j.t.JMeterThread: Thread started: Thread Group 1-2
2026-03-10 00:54:50,638 INFO o.a.j.t.ThreadGroup: Started thread group number 1
2026-03-10 00:54:50,638 INFO o.a.j.e.StandardJMeterEngine: All thread groups have been started
2026-03-10 00:54:50,646 INFO o.a.j.t.JMeterThread: Thread started: Thread Group 1-3
2026-03-10 00:54:50,659 INFO o.a.j.t.JMeterThread: Thread started: Thread Group 1-4
2026-03-10 00:54:50,669 INFO o.a.j.t.JMeterThread: Thread started: Thread Group 1-5
2026-03-10 00:54:50,678 INFO o.a.j.t.JMeterThread: Thread started: Thread Group 1-6
2026-03-10 00:54:50,691 INFO o.a.j.t.JMeterThread: Thread started: Thread Group 1-7
2026-03-10 00:54:50,700 INFO o.a.j.t.JMeterThread: Thread started: Thread Group 1-8
2026-03-10 00:54:50,707 INFO o.a.j.t.JMeterThread: Thread started: Thread Group 1-9
2026-03-10 00:54:50,719 INFO o.a.j.t.JMeterThread: Thread started: Thread Group 1-10
2026-03-10 00:54:50,731 INFO o.a.j.t.JMeterThread: Thread started: Thread Group 1-11
2026-03-10 00:54:50,740 INFO o.a.j.t.JMeterThread: Thread started: Thread Group 1-12
2026-03-10 00:54:50,749 INFO o.a.j.t.JMeterThread: Thread started: Thread Group 1-13
2026-03-10 00:54:50,757 INFO o.a.j.t.JMeterThread: Thread started: Thread Group 1-14
2026-03-10 00:54:50,766 INFO o.a.j.t.JMeterThread: Thread started: Thread Group 1-15
2026-03-10 00:54:50,781 INFO o.a.j.t.JMeterThread: Thread started: Thread Group 1-16
2026-03-10 00:54:50,787 INFO o.a.j.t.JMeterThread: Thread started: Thread Group 1-17
2026-03-10 00:54:50,801 INFO o.a.j.t.JMeterThread: Thread started: Thread Group 1-18
2026-03-10 00:54:50,807 INFO o.a.j.t.JMeterThread: Thread started: Thread Group 1-19
2026-03-10 00:54:50,821 INFO o.a.j.t.JMeterThread: Thread started: Thread Group 1-20
2026-03-10 00:54:50,832 INFO o.a.j.t.JMeterThread: Thread started: Thread Group 1-21
2026-03-10 00:54:50,841 INFO o.a.j.t.JMeterThread: Thread started: Thread Group 1-22
2026-03-10 00:54:50,852 INFO o.a.j.t.JMeterThread: Thread started: Thread Group 1-23
2026-03-10 00:54:50,860 INFO o.a.j.t.JMeterThread: Thread started: Thread Group 1-24
2026-03-10 00:54:50,869 INFO o.a.j.t.JMeterThread: Thread started: Thread Group 1-25
2026-03-10 00:54:50,876 INFO o.a.j.t.JMeterThread: Thread started: Thread Group 1-26
2026-03-10 00:54:50,886 INFO o.a.j.t.JMeterThread: Thread started: Thread Group 1-27
2026-03-10 00:54:50,899 INFO o.a.j.t.JMeterThread: Thread started: Thread Group 1-28
2026-03-10 00:54:50,907 INFO o.a.j.t.JMeterThread: Thread started: Thread Group 1-29
2026-03-10 00:54:50,919 INFO o.a.j.t.JMeterThread: Thread started: Thread Group 1-30
2026-03-10 00:54:50,931 INFO o.a.j.t.JMeterThread: Thread started: Thread Group 1-31
2026-03-10 00:54:50,941 INFO o.a.j.t.JMeterThread: Thread started: Thread Group 1-32
2026-03-10 00:54:50,950 INFO o.a.j.t.JMeterThread: Thread started: Thread Group 1-33
2026-03-10 00:54:50,961 INFO o.a.j.t.JMeterThread: Thread started: Thread Group 1-34
2026-03-10 00:54:50,971 INFO o.a.j.t.JMeterThread: Thread started: Thread Group 1-35
2026-03-10 00:54:50,982 INFO o.a.j.t.JMeterThread: Thread started: Thread Group 1-36
2026-03-10 00:54:50,989 INFO o.a.j.t.JMeterThread: Thread started: Thread Group 1-37
2026-03-10 00:54:50,999 INFO o.a.j.t.JMeterThread: Thread started: Thread Group 1-38
2026-03-10 00:54:51,007 INFO o.a.j.t.JMeterThread: Thread started: Thread Group 1-39
2026-03-10 00:54:51,021 INFO o.a.j.t.JMeterThread: Thread started: Thread Group 1-40
2026-03-10 00:54:51,027 INFO o.a.j.t.JMeterThread: Thread started: Thread Group 1-41
2026-03-10 00:54:51,041 INFO o.a.j.t.JMeterThread: Thread started: Thread Group 1-42
2026-03-10 00:54:51,049 INFO o.a.j.t.JMeterThread: Thread started: Thread Group 1-43
2026-03-10 00:54:51,057 INFO o.a.j.t.JMeterThread: Thread started: Thread Group 1-44
2026-03-10 00:54:51,071 INFO o.a.j.t.JMeterThread: Thread started: Thread Group 1-45
2026-03-10 00:54:51,082 INFO o.a.j.t.JMeterThread: Thread started: Thread Group 1-46
2026-03-10 00:54:51,090 INFO o.a.j.t.JMeterThread: Thread started: Thread Group 1-47
2026-03-10 00:54:51,099 INFO o.a.j.t.JMeterThread: Thread started: Thread Group 1-48
2026-03-10 00:54:51,107 INFO o.a.j.t.JMeterThread: Thread started: Thread Group 1-49
2026-03-10 00:54:51,118 INFO o.a.j.t.JMeterThread: Thread started: Thread Group 1-50
2026-03-10 00:54:51,132 INFO o.a.j.t.JMeterThread: Thread started: Thread Group 1-51
2026-03-10 00:54:51,141 INFO o.a.j.t.JMeterThread: Thread started: Thread Group 1-52
2026-03-10 00:54:51,151 INFO o.a.j.t.JMeterThread: Thread started: Thread Group 1-53
2026-03-10 00:54:51,161 INFO o.a.j.t.JMeterThread: Thread started: Thread Group 1-54
2026-03-10 00:54:51,171 INFO o.a.j.t.JMeterThread: Thread started: Thread Group 1-55
2026-03-10 00:54:51,181 INFO o.a.j.t.JMeterThread: Thread started: Thread Group 1-56
2026-03-10 00:54:51,190 INFO o.a.j.t.JMeterThread: Thread started: Thread Group 1-57
2026-03-10 00:54:51,197 INFO o.a.j.t.JMeterThread: Thread started: Thread Group 1-58
2026-03-10 00:54:51,206 INFO o.a.j.t.JMeterThread: Thread started: Thread Group 1-59
2026-03-10 00:54:51,219 INFO o.a.j.t.JMeterThread: Thread started: Thread Group 1-60
2026-03-10 00:54:51,228 INFO o.a.j.t.JMeterThread: Thread started: Thread Group 1-61
2026-03-10 00:54:51,237 INFO o.a.j.t.JMeterThread: Thread started: Thread Group 1-62
2026-03-10 00:54:51,249 INFO o.a.j.t.JMeterThread: Thread started: Thread Group 1-63
2026-03-10 00:54:51,257 INFO o.a.j.t.JMeterThread: Thread started: Thread Group 1-64
2026-03-10 00:54:51,268 INFO o.a.j.t.JMeterThread: Thread started: Thread Group 1-65
2026-03-10 00:54:51,281 INFO o.a.j.t.JMeterThread: Thread started: Thread Group 1-66
2026-03-10 00:54:51,288 INFO o.a.j.t.JMeterThread: Thread started: Thread Group 1-67
2026-03-10 00:54:51,299 INFO o.a.j.t.JMeterThread: Thread started: Thread Group 1-68
2026-03-10 00:54:51,306 INFO o.a.j.t.JMeterThread: Thread started: Thread Group 1-69
2026-03-10 00:54:51,321 INFO o.a.j.t.JMeterThread: Thread started: Thread Group 1-70
2026-03-10 00:54:51,331 INFO o.a.j.t.JMeterThread: Thread started: Thread Group 1-71
2026-03-10 00:54:51,338 INFO o.a.j.t.JMeterThread: Thread started: Thread Group 1-72
2026-03-10 00:54:51,348 INFO o.a.j.t.JMeterThread: Thread started: Thread Group 1-73
2026-03-10 00:54:51,357 INFO o.a.j.t.JMeterThread: Thread started: Thread Group 1-74
2026-03-10 00:54:51,366 INFO o.a.j.t.JMeterThread: Thread started: Thread Group 1-75
2026-03-10 00:54:51,376 INFO o.a.j.t.JMeterThread: Thread started: Thread Group 1-76
2026-03-10 00:54:51,390 INFO o.a.j.t.JMeterThread: Thread started: Thread Group 1-77
2026-03-10 00:54:51,398 INFO o.a.j.t.JMeterThread: Thread started: Thread Group 1-78
2026-03-10 00:54:51,411 INFO o.a.j.t.JMeterThread: Thread started: Thread Group 1-79
2026-03-10 00:54:51,422 INFO o.a.j.t.JMeterThread: Thread started: Thread Group 1-80
2026-03-10 00:54:51,431 INFO o.a.j.t.JMeterThread: Thread started: Thread Group 1-81
2026-03-10 00:54:51,440 INFO o.a.j.t.JMeterThread: Thread started: Thread Group 1-82
2026-03-10 00:54:51,451 INFO o.a.j.t.JMeterThread: Thread started: Thread Group 1-83
2026-03-10 00:54:51,456 INFO o.a.j.t.JMeterThread: Thread started: Thread Group 1-84
2026-03-10 00:54:51,471 INFO o.a.j.t.JMeterThread: Thread started: Thread Group 1-85
2026-03-10 00:54:51,481 INFO o.a.j.t.JMeterThread: Thread started: Thread Group 1-86
2026-03-10 00:54:51,490 INFO o.a.j.t.JMeterThread: Thread started: Thread Group 1-87
2026-03-10 00:54:51,501 INFO o.a.j.t.JMeterThread: Thread started: Thread Group 1-88
2026-03-10 00:54:51,509 INFO o.a.j.t.JMeterThread: Thread started: Thread Group 1-89
2026-03-10 00:54:51,520 INFO o.a.j.t.JMeterThread: Thread started: Thread Group 1-90
2026-03-10 00:54:51,531 INFO o.a.j.t.JMeterThread: Thread started: Thread Group 1-91
2026-03-10 00:54:51,541 INFO o.a.j.t.JMeterThread: Thread started: Thread Group 1-92
2026-03-10 00:54:51,549 INFO o.a.j.t.JMeterThread: Thread started: Thread Group 1-93
2026-03-10 00:54:51,562 INFO o.a.j.t.JMeterThread: Thread started: Thread Group 1-94
2026-03-10 00:54:51,568 INFO o.a.j.t.JMeterThread: Thread started: Thread Group 1-95
2026-03-10 00:54:51,581 INFO o.a.j.t.JMeterThread: Thread started: Thread Group 1-96
2026-03-10 00:54:51,590 INFO o.a.j.t.JMeterThread: Thread started: Thread Group 1-97
2026-03-10 00:54:51,601 INFO o.a.j.t.JMeterThread: Thread started: Thread Group 1-98
2026-03-10 00:54:51,607 INFO o.a.j.t.JMeterThread: Thread started: Thread Group 1-99
2026-03-10 00:54:51,626 INFO o.a.j.t.JMeterThread: Thread started: Thread Group 1-100
2026-03-10 00:54:52,405 INFO o.a.j.t.JMeterThread: Stop Thread seen for thread Thread Group 1-61, reason: org.apache.jorphan.util.JMeterStopThreadException: End of file:/Users/gimhuiheon/Documents/study/java-multi-threading/resources/throughput/search_words.csv detected for CSV DataSet:CSV Data Set Config configured with stopThread:true, recycle:false
2026-03-10 00:54:52,405 INFO o.a.j.t.JMeterThread: Thread finished: Thread Group 1-61
2026-03-10 00:54:52,405 INFO o.a.j.t.JMeterThread: Stop Thread seen for thread Thread Group 1-44, reason: org.apache.jorphan.util.JMeterStopThreadException: End of file:/Users/gimhuiheon/Documents/study/java-multi-threading/resources/throughput/search_words.csv detected for CSV DataSet:CSV Data Set Config configured with stopThread:true, recycle:false
2026-03-10 00:54:52,406 INFO o.a.j.t.JMeterThread: Thread finished: Thread Group 1-44
2026-03-10 00:54:52,406 INFO o.a.j.t.JMeterThread: Stop Thread seen for thread Thread Group 1-56, reason: org.apache.jorphan.util.JMeterStopThreadException: End of file:/Users/gimhuiheon/Documents/study/java-multi-threading/resources/throughput/search_words.csv detected for CSV DataSet:CSV Data Set Config configured with stopThread:true, recycle:false
2026-03-10 00:54:52,406 INFO o.a.j.t.JMeterThread: Thread finished: Thread Group 1-56
2026-03-10 00:54:52,407 INFO o.a.j.t.JMeterThread: Stop Thread seen for thread Thread Group 1-51, reason: org.apache.jorphan.util.JMeterStopThreadException: End of file:/Users/gimhuiheon/Documents/study/java-multi-threading/resources/throughput/search_words.csv detected for CSV DataSet:CSV Data Set Config configured with stopThread:true, recycle:false
2026-03-10 00:54:52,407 INFO o.a.j.t.JMeterThread: Thread finished: Thread Group 1-51
2026-03-10 00:54:52,407 INFO o.a.j.t.JMeterThread: Stop Thread seen for thread Thread Group 1-30, reason: org.apache.jorphan.util.JMeterStopThreadException: End of file:/Users/gimhuiheon/Documents/study/java-multi-threading/resources/throughput/search_words.csv detected for CSV DataSet:CSV Data Set Config configured with stopThread:true, recycle:false
2026-03-10 00:54:52,407 INFO o.a.j.t.JMeterThread: Thread finished: Thread Group 1-30
2026-03-10 00:54:52,408 INFO o.a.j.t.JMeterThread: Stop Thread seen for thread Thread Group 1-29, reason: org.apache.jorphan.util.JMeterStopThreadException: End of file:/Users/gimhuiheon/Documents/study/java-multi-threading/resources/throughput/search_words.csv detected for CSV DataSet:CSV Data Set Config configured with stopThread:true, recycle:false
2026-03-10 00:54:52,409 INFO o.a.j.t.JMeterThread: Thread finished: Thread Group 1-29
2026-03-10 00:54:52,409 INFO o.a.j.t.JMeterThread: Stop Thread seen for thread Thread Group 1-97, reason: org.apache.jorphan.util.JMeterStopThreadException: End of file:/Users/gimhuiheon/Documents/study/java-multi-threading/resources/throughput/search_words.csv detected for CSV DataSet:CSV Data Set Config configured with stopThread:true, recycle:false
2026-03-10 00:54:52,409 INFO o.a.j.t.JMeterThread: Thread finished: Thread Group 1-97
2026-03-10 00:54:52,409 INFO o.a.j.t.JMeterThread: Stop Thread seen for thread Thread Group 1-13, reason: org.apache.jorphan.util.JMeterStopThreadException: End of file:/Users/gimhuiheon/Documents/study/java-multi-threading/resources/throughput/search_words.csv detected for CSV DataSet:CSV Data Set Config configured with stopThread:true, recycle:false
2026-03-10 00:54:52,409 INFO o.a.j.t.JMeterThread: Thread finished: Thread Group 1-13
2026-03-10 00:54:52,410 INFO o.a.j.t.JMeterThread: Stop Thread seen for thread Thread Group 1-87, reason: org.apache.jorphan.util.JMeterStopThreadException: End of file:/Users/gimhuiheon/Documents/study/java-multi-threading/resources/throughput/search_words.csv detected for CSV DataSet:CSV Data Set Config configured with stopThread:true, recycle:false
2026-03-10 00:54:52,410 INFO o.a.j.t.JMeterThread: Thread finished: Thread Group 1-87
2026-03-10 00:54:52,412 INFO o.a.j.t.JMeterThread: Stop Thread seen for thread Thread Group 1-10, reason: org.apache.jorphan.util.JMeterStopThreadException: End of file:/Users/gimhuiheon/Documents/study/java-multi-threading/resources/throughput/search_words.csv detected for CSV DataSet:CSV Data Set Config configured with stopThread:true, recycle:false
2026-03-10 00:54:52,412 INFO o.a.j.t.JMeterThread: Thread finished: Thread Group 1-10
2026-03-10 00:54:52,412 INFO o.a.j.t.JMeterThread: Stop Thread seen for thread Thread Group 1-15, reason: org.apache.jorphan.util.JMeterStopThreadException: End of file:/Users/gimhuiheon/Documents/study/java-multi-threading/resources/throughput/search_words.csv detected for CSV DataSet:CSV Data Set Config configured with stopThread:true, recycle:false
2026-03-10 00:54:52,412 INFO o.a.j.t.JMeterThread: Thread finished: Thread Group 1-15
2026-03-10 00:54:52,412 INFO o.a.j.t.JMeterThread: Stop Thread seen for thread Thread Group 1-63, reason: org.apache.jorphan.util.JMeterStopThreadException: End of file:/Users/gimhuiheon/Documents/study/java-multi-threading/resources/throughput/search_words.csv detected for CSV DataSet:CSV Data Set Config configured with stopThread:true, recycle:false
2026-03-10 00:54:52,412 INFO o.a.j.t.JMeterThread: Thread finished: Thread Group 1-63
2026-03-10 00:54:52,413 INFO o.a.j.t.JMeterThread: Stop Thread seen for thread Thread Group 1-6, reason: org.apache.jorphan.util.JMeterStopThreadException: End of file:/Users/gimhuiheon/Documents/study/java-multi-threading/resources/throughput/search_words.csv detected for CSV DataSet:CSV Data Set Config configured with stopThread:true, recycle:false
2026-03-10 00:54:52,413 INFO o.a.j.t.JMeterThread: Thread finished: Thread Group 1-6
2026-03-10 00:54:52,415 INFO o.a.j.t.JMeterThread: Stop Thread seen for thread Thread Group 1-5, reason: org.apache.jorphan.util.JMeterStopThreadException: End of file:/Users/gimhuiheon/Documents/study/java-multi-threading/resources/throughput/search_words.csv detected for CSV DataSet:CSV Data Set Config configured with stopThread:true, recycle:false
2026-03-10 00:54:52,415 INFO o.a.j.t.JMeterThread: Thread finished: Thread Group 1-5
2026-03-10 00:54:52,415 INFO o.a.j.t.JMeterThread: Stop Thread seen for thread Thread Group 1-38, reason: org.apache.jorphan.util.JMeterStopThreadException: End of file:/Users/gimhuiheon/Documents/study/java-multi-threading/resources/throughput/search_words.csv detected for CSV DataSet:CSV Data Set Config configured with stopThread:true, recycle:false
2026-03-10 00:54:52,415 INFO o.a.j.t.JMeterThread: Thread finished: Thread Group 1-38
2026-03-10 00:54:52,415 INFO o.a.j.t.JMeterThread: Stop Thread seen for thread Thread Group 1-50, reason: org.apache.jorphan.util.JMeterStopThreadException: End of file:/Users/gimhuiheon/Documents/study/java-multi-threading/resources/throughput/search_words.csv detected for CSV DataSet:CSV Data Set Config configured with stopThread:true, recycle:false
2026-03-10 00:54:52,415 INFO o.a.j.t.JMeterThread: Thread finished: Thread Group 1-50
2026-03-10 00:54:52,417 INFO o.a.j.t.JMeterThread: Stop Thread seen for thread Thread Group 1-78, reason: org.apache.jorphan.util.JMeterStopThreadException: End of file:/Users/gimhuiheon/Documents/study/java-multi-threading/resources/throughput/search_words.csv detected for CSV DataSet:CSV Data Set Config configured with stopThread:true, recycle:false
2026-03-10 00:54:52,417 INFO o.a.j.t.JMeterThread: Thread finished: Thread Group 1-78
2026-03-10 00:54:52,417 INFO o.a.j.t.JMeterThread: Stop Thread seen for thread Thread Group 1-47, reason: org.apache.jorphan.util.JMeterStopThreadException: End of file:/Users/gimhuiheon/Documents/study/java-multi-threading/resources/throughput/search_words.csv detected for CSV DataSet:CSV Data Set Config configured with stopThread:true, recycle:false
2026-03-10 00:54:52,417 INFO o.a.j.t.JMeterThread: Thread finished: Thread Group 1-47
2026-03-10 00:54:52,419 INFO o.a.j.t.JMeterThread: Stop Thread seen for thread Thread Group 1-82, reason: org.apache.jorphan.util.JMeterStopThreadException: End of file:/Users/gimhuiheon/Documents/study/java-multi-threading/resources/throughput/search_words.csv detected for CSV DataSet:CSV Data Set Config configured with stopThread:true, recycle:false
2026-03-10 00:54:52,419 INFO o.a.j.t.JMeterThread: Stop Thread seen for thread Thread Group 1-24, reason: org.apache.jorphan.util.JMeterStopThreadException: End of file:/Users/gimhuiheon/Documents/study/java-multi-threading/resources/throughput/search_words.csv detected for CSV DataSet:CSV Data Set Config configured with stopThread:true, recycle:false
2026-03-10 00:54:52,419 INFO o.a.j.t.JMeterThread: Thread finished: Thread Group 1-24
2026-03-10 00:54:52,419 INFO o.a.j.t.JMeterThread: Thread finished: Thread Group 1-82
2026-03-10 00:54:52,420 INFO o.a.j.t.JMeterThread: Stop Thread seen for thread Thread Group 1-73, reason: org.apache.jorphan.util.JMeterStopThreadException: End of file:/Users/gimhuiheon/Documents/study/java-multi-threading/resources/throughput/search_words.csv detected for CSV DataSet:CSV Data Set Config configured with stopThread:true, recycle:false
2026-03-10 00:54:52,420 INFO o.a.j.t.JMeterThread: Thread finished: Thread Group 1-73
2026-03-10 00:54:52,420 INFO o.a.j.t.JMeterThread: Stop Thread seen for thread Thread Group 1-21, reason: org.apache.jorphan.util.JMeterStopThreadException: End of file:/Users/gimhuiheon/Documents/study/java-multi-threading/resources/throughput/search_words.csv detected for CSV DataSet:CSV Data Set Config configured with stopThread:true, recycle:false
2026-03-10 00:54:52,421 INFO o.a.j.t.JMeterThread: Thread finished: Thread Group 1-21
2026-03-10 00:54:52,421 INFO o.a.j.t.JMeterThread: Stop Thread seen for thread Thread Group 1-7, reason: org.apache.jorphan.util.JMeterStopThreadException: End of file:/Users/gimhuiheon/Documents/study/java-multi-threading/resources/throughput/search_words.csv detected for CSV DataSet:CSV Data Set Config configured with stopThread:true, recycle:false
2026-03-10 00:54:52,421 INFO o.a.j.t.JMeterThread: Thread finished: Thread Group 1-7
2026-03-10 00:54:52,422 INFO o.a.j.t.JMeterThread: Stop Thread seen for thread Thread Group 1-68, reason: org.apache.jorphan.util.JMeterStopThreadException: End of file:/Users/gimhuiheon/Documents/study/java-multi-threading/resources/throughput/search_words.csv detected for CSV DataSet:CSV Data Set Config configured with stopThread:true, recycle:false
2026-03-10 00:54:52,422 INFO o.a.j.t.JMeterThread: Thread finished: Thread Group 1-68
2026-03-10 00:54:52,423 INFO o.a.j.t.JMeterThread: Stop Thread seen for thread Thread Group 1-60, reason: org.apache.jorphan.util.JMeterStopThreadException: End of file:/Users/gimhuiheon/Documents/study/java-multi-threading/resources/throughput/search_words.csv detected for CSV DataSet:CSV Data Set Config configured with stopThread:true, recycle:false
2026-03-10 00:54:52,423 INFO o.a.j.t.JMeterThread: Thread finished: Thread Group 1-60
2026-03-10 00:54:52,423 INFO o.a.j.t.JMeterThread: Stop Thread seen for thread Thread Group 1-92, reason: org.apache.jorphan.util.JMeterStopThreadException: End of file:/Users/gimhuiheon/Documents/study/java-multi-threading/resources/throughput/search_words.csv detected for CSV DataSet:CSV Data Set Config configured with stopThread:true, recycle:false
2026-03-10 00:54:52,423 INFO o.a.j.t.JMeterThread: Thread finished: Thread Group 1-92
2026-03-10 00:54:52,424 INFO o.a.j.t.JMeterThread: Stop Thread seen for thread Thread Group 1-16, reason: org.apache.jorphan.util.JMeterStopThreadException: End of file:/Users/gimhuiheon/Documents/study/java-multi-threading/resources/throughput/search_words.csv detected for CSV DataSet:CSV Data Set Config configured with stopThread:true, recycle:false
2026-03-10 00:54:52,424 INFO o.a.j.t.JMeterThread: Thread finished: Thread Group 1-16
2026-03-10 00:54:52,426 INFO o.a.j.t.JMeterThread: Stop Thread seen for thread Thread Group 1-26, reason: org.apache.jorphan.util.JMeterStopThreadException: End of file:/Users/gimhuiheon/Documents/study/java-multi-threading/resources/throughput/search_words.csv detected for CSV DataSet:CSV Data Set Config configured with stopThread:true, recycle:false
2026-03-10 00:54:52,426 INFO o.a.j.t.JMeterThread: Thread finished: Thread Group 1-26
2026-03-10 00:54:52,426 INFO o.a.j.t.JMeterThread: Stop Thread seen for thread Thread Group 1-98, reason: org.apache.jorphan.util.JMeterStopThreadException: End of file:/Users/gimhuiheon/Documents/study/java-multi-threading/resources/throughput/search_words.csv detected for CSV DataSet:CSV Data Set Config configured with stopThread:true, recycle:false
2026-03-10 00:54:52,426 INFO o.a.j.t.JMeterThread: Thread finished: Thread Group 1-98
2026-03-10 00:54:52,426 INFO o.a.j.t.JMeterThread: Stop Thread seen for thread Thread Group 1-53, reason: org.apache.jorphan.util.JMeterStopThreadException: End of file:/Users/gimhuiheon/Documents/study/java-multi-threading/resources/throughput/search_words.csv detected for CSV DataSet:CSV Data Set Config configured with stopThread:true, recycle:false
2026-03-10 00:54:52,426 INFO o.a.j.t.JMeterThread: Thread finished: Thread Group 1-53
2026-03-10 00:54:52,427 INFO o.a.j.t.JMeterThread: Stop Thread seen for thread Thread Group 1-12, reason: org.apache.jorphan.util.JMeterStopThreadException: End of file:/Users/gimhuiheon/Documents/study/java-multi-threading/resources/throughput/search_words.csv detected for CSV DataSet:CSV Data Set Config configured with stopThread:true, recycle:false
2026-03-10 00:54:52,427 INFO o.a.j.t.JMeterThread: Thread finished: Thread Group 1-12
2026-03-10 00:54:52,428 INFO o.a.j.t.JMeterThread: Stop Thread seen for thread Thread Group 1-33, reason: org.apache.jorphan.util.JMeterStopThreadException: End of file:/Users/gimhuiheon/Documents/study/java-multi-threading/resources/throughput/search_words.csv detected for CSV DataSet:CSV Data Set Config configured with stopThread:true, recycle:false
2026-03-10 00:54:52,428 INFO o.a.j.t.JMeterThread: Thread finished: Thread Group 1-33
2026-03-10 00:54:52,428 INFO o.a.j.t.JMeterThread: Stop Thread seen for thread Thread Group 1-64, reason: org.apache.jorphan.util.JMeterStopThreadException: End of file:/Users/gimhuiheon/Documents/study/java-multi-threading/resources/throughput/search_words.csv detected for CSV DataSet:CSV Data Set Config configured with stopThread:true, recycle:false
2026-03-10 00:54:52,428 INFO o.a.j.t.JMeterThread: Thread finished: Thread Group 1-64
2026-03-10 00:54:52,429 INFO o.a.j.t.JMeterThread: Stop Thread seen for thread Thread Group 1-88, reason: org.apache.jorphan.util.JMeterStopThreadException: End of file:/Users/gimhuiheon/Documents/study/java-multi-threading/resources/throughput/search_words.csv detected for CSV DataSet:CSV Data Set Config configured with stopThread:true, recycle:false
2026-03-10 00:54:52,429 INFO o.a.j.t.JMeterThread: Stop Thread seen for thread Thread Group 1-93, reason: org.apache.jorphan.util.JMeterStopThreadException: End of file:/Users/gimhuiheon/Documents/study/java-multi-threading/resources/throughput/search_words.csv detected for CSV DataSet:CSV Data Set Config configured with stopThread:true, recycle:false
2026-03-10 00:54:52,430 INFO o.a.j.t.JMeterThread: Thread finished: Thread Group 1-93
2026-03-10 00:54:52,430 INFO o.a.j.t.JMeterThread: Thread finished: Thread Group 1-88
2026-03-10 00:54:52,431 INFO o.a.j.t.JMeterThread: Stop Thread seen for thread Thread Group 1-69, reason: org.apache.jorphan.util.JMeterStopThreadException: End of file:/Users/gimhuiheon/Documents/study/java-multi-threading/resources/throughput/search_words.csv detected for CSV DataSet:CSV Data Set Config configured with stopThread:true, recycle:false
2026-03-10 00:54:52,431 INFO o.a.j.t.JMeterThread: Stop Thread seen for thread Thread Group 1-57, reason: org.apache.jorphan.util.JMeterStopThreadException: End of file:/Users/gimhuiheon/Documents/study/java-multi-threading/resources/throughput/search_words.csv detected for CSV DataSet:CSV Data Set Config configured with stopThread:true, recycle:false
2026-03-10 00:54:52,431 INFO o.a.j.t.JMeterThread: Thread finished: Thread Group 1-69
2026-03-10 00:54:52,431 INFO o.a.j.t.JMeterThread: Thread finished: Thread Group 1-57
2026-03-10 00:54:52,432 INFO o.a.j.t.JMeterThread: Stop Thread seen for thread Thread Group 1-83, reason: org.apache.jorphan.util.JMeterStopThreadException: End of file:/Users/gimhuiheon/Documents/study/java-multi-threading/resources/throughput/search_words.csv detected for CSV DataSet:CSV Data Set Config configured with stopThread:true, recycle:false
2026-03-10 00:54:52,432 INFO o.a.j.t.JMeterThread: Thread finished: Thread Group 1-83
2026-03-10 00:54:52,433 INFO o.a.j.t.JMeterThread: Stop Thread seen for thread Thread Group 1-4, reason: org.apache.jorphan.util.JMeterStopThreadException: End of file:/Users/gimhuiheon/Documents/study/java-multi-threading/resources/throughput/search_words.csv detected for CSV DataSet:CSV Data Set Config configured with stopThread:true, recycle:false
2026-03-10 00:54:52,433 INFO o.a.j.t.JMeterThread: Thread finished: Thread Group 1-4
2026-03-10 00:54:52,435 INFO o.a.j.t.JMeterThread: Stop Thread seen for thread Thread Group 1-99, reason: org.apache.jorphan.util.JMeterStopThreadException: End of file:/Users/gimhuiheon/Documents/study/java-multi-threading/resources/throughput/search_words.csv detected for CSV DataSet:CSV Data Set Config configured with stopThread:true, recycle:false
2026-03-10 00:54:52,435 INFO o.a.j.t.JMeterThread: Thread finished: Thread Group 1-99
2026-03-10 00:54:52,436 INFO o.a.j.t.JMeterThread: Stop Thread seen for thread Thread Group 1-31, reason: org.apache.jorphan.util.JMeterStopThreadException: End of file:/Users/gimhuiheon/Documents/study/java-multi-threading/resources/throughput/search_words.csv detected for CSV DataSet:CSV Data Set Config configured with stopThread:true, recycle:false
2026-03-10 00:54:52,437 INFO o.a.j.t.JMeterThread: Thread finished: Thread Group 1-31
2026-03-10 00:54:52,437 INFO o.a.j.t.JMeterThread: Stop Thread seen for thread Thread Group 1-42, reason: org.apache.jorphan.util.JMeterStopThreadException: End of file:/Users/gimhuiheon/Documents/study/java-multi-threading/resources/throughput/search_words.csv detected for CSV DataSet:CSV Data Set Config configured with stopThread:true, recycle:false
2026-03-10 00:54:52,437 INFO o.a.j.t.JMeterThread: Thread finished: Thread Group 1-42
2026-03-10 00:54:52,437 INFO o.a.j.t.JMeterThread: Stop Thread seen for thread Thread Group 1-37, reason: org.apache.jorphan.util.JMeterStopThreadException: End of file:/Users/gimhuiheon/Documents/study/java-multi-threading/resources/throughput/search_words.csv detected for CSV DataSet:CSV Data Set Config configured with stopThread:true, recycle:false
2026-03-10 00:54:52,437 INFO o.a.j.t.JMeterThread: Thread finished: Thread Group 1-37
2026-03-10 00:54:52,438 INFO o.a.j.t.JMeterThread: Stop Thread seen for thread Thread Group 1-79, reason: org.apache.jorphan.util.JMeterStopThreadException: End of file:/Users/gimhuiheon/Documents/study/java-multi-threading/resources/throughput/search_words.csv detected for CSV DataSet:CSV Data Set Config configured with stopThread:true, recycle:false
2026-03-10 00:54:52,438 INFO o.a.j.t.JMeterThread: Thread finished: Thread Group 1-79
2026-03-10 00:54:52,439 INFO o.a.j.t.JMeterThread: Stop Thread seen for thread Thread Group 1-84, reason: org.apache.jorphan.util.JMeterStopThreadException: End of file:/Users/gimhuiheon/Documents/study/java-multi-threading/resources/throughput/search_words.csv detected for CSV DataSet:CSV Data Set Config configured with stopThread:true, recycle:false
2026-03-10 00:54:52,439 INFO o.a.j.t.JMeterThread: Thread finished: Thread Group 1-84
2026-03-10 00:54:52,440 INFO o.a.j.t.JMeterThread: Stop Thread seen for thread Thread Group 1-48, reason: org.apache.jorphan.util.JMeterStopThreadException: End of file:/Users/gimhuiheon/Documents/study/java-multi-threading/resources/throughput/search_words.csv detected for CSV DataSet:CSV Data Set Config configured with stopThread:true, recycle:false
2026-03-10 00:54:52,440 INFO o.a.j.t.JMeterThread: Thread finished: Thread Group 1-48
2026-03-10 00:54:52,441 INFO o.a.j.t.JMeterThread: Stop Thread seen for thread Thread Group 1-35, reason: org.apache.jorphan.util.JMeterStopThreadException: End of file:/Users/gimhuiheon/Documents/study/java-multi-threading/resources/throughput/search_words.csv detected for CSV DataSet:CSV Data Set Config configured with stopThread:true, recycle:false
2026-03-10 00:54:52,441 INFO o.a.j.t.JMeterThread: Thread finished: Thread Group 1-35
2026-03-10 00:54:52,442 INFO o.a.j.t.JMeterThread: Stop Thread seen for thread Thread Group 1-17, reason: org.apache.jorphan.util.JMeterStopThreadException: End of file:/Users/gimhuiheon/Documents/study/java-multi-threading/resources/throughput/search_words.csv detected for CSV DataSet:CSV Data Set Config configured with stopThread:true, recycle:false
2026-03-10 00:54:52,442 INFO o.a.j.t.JMeterThread: Thread finished: Thread Group 1-17
2026-03-10 00:54:52,443 INFO o.a.j.t.JMeterThread: Stop Thread seen for thread Thread Group 1-20, reason: org.apache.jorphan.util.JMeterStopThreadException: End of file:/Users/gimhuiheon/Documents/study/java-multi-threading/resources/throughput/search_words.csv detected for CSV DataSet:CSV Data Set Config configured with stopThread:true, recycle:false
2026-03-10 00:54:52,443 INFO o.a.j.t.JMeterThread: Thread finished: Thread Group 1-20
2026-03-10 00:54:52,443 INFO o.a.j.t.JMeterThread: Stop Thread seen for thread Thread Group 1-74, reason: org.apache.jorphan.util.JMeterStopThreadException: End of file:/Users/gimhuiheon/Documents/study/java-multi-threading/resources/throughput/search_words.csv detected for CSV DataSet:CSV Data Set Config configured with stopThread:true, recycle:false
2026-03-10 00:54:52,443 INFO o.a.j.t.JMeterThread: Thread finished: Thread Group 1-74
2026-03-10 00:54:52,445 INFO o.a.j.t.JMeterThread: Stop Thread seen for thread Thread Group 1-95, reason: org.apache.jorphan.util.JMeterStopThreadException: End of file:/Users/gimhuiheon/Documents/study/java-multi-threading/resources/throughput/search_words.csv detected for CSV DataSet:CSV Data Set Config configured with stopThread:true, recycle:false
2026-03-10 00:54:52,445 INFO o.a.j.t.JMeterThread: Thread finished: Thread Group 1-95
2026-03-10 00:54:52,445 INFO o.a.j.t.JMeterThread: Stop Thread seen for thread Thread Group 1-34, reason: org.apache.jorphan.util.JMeterStopThreadException: End of file:/Users/gimhuiheon/Documents/study/java-multi-threading/resources/throughput/search_words.csv detected for CSV DataSet:CSV Data Set Config configured with stopThread:true, recycle:false
2026-03-10 00:54:52,445 INFO o.a.j.t.JMeterThread: Thread finished: Thread Group 1-34
2026-03-10 00:54:52,446 INFO o.a.j.t.JMeterThread: Stop Thread seen for thread Thread Group 1-89, reason: org.apache.jorphan.util.JMeterStopThreadException: End of file:/Users/gimhuiheon/Documents/study/java-multi-threading/resources/throughput/search_words.csv detected for CSV DataSet:CSV Data Set Config configured with stopThread:true, recycle:false
2026-03-10 00:54:52,446 INFO o.a.j.t.JMeterThread: Thread finished: Thread Group 1-89
2026-03-10 00:54:52,447 INFO o.a.j.t.JMeterThread: Stop Thread seen for thread Thread Group 1-54, reason: org.apache.jorphan.util.JMeterStopThreadException: End of file:/Users/gimhuiheon/Documents/study/java-multi-threading/resources/throughput/search_words.csv detected for CSV DataSet:CSV Data Set Config configured with stopThread:true, recycle:false
2026-03-10 00:54:52,447 INFO o.a.j.t.JMeterThread: Thread finished: Thread Group 1-54
2026-03-10 00:54:52,448 INFO o.a.j.t.JMeterThread: Stop Thread seen for thread Thread Group 1-94, reason: org.apache.jorphan.util.JMeterStopThreadException: End of file:/Users/gimhuiheon/Documents/study/java-multi-threading/resources/throughput/search_words.csv detected for CSV DataSet:CSV Data Set Config configured with stopThread:true, recycle:false
2026-03-10 00:54:52,448 INFO o.a.j.t.JMeterThread: Thread finished: Thread Group 1-94
2026-03-10 00:54:52,449 INFO o.a.j.t.JMeterThread: Stop Thread seen for thread Thread Group 1-59, reason: org.apache.jorphan.util.JMeterStopThreadException: End of file:/Users/gimhuiheon/Documents/study/java-multi-threading/resources/throughput/search_words.csv detected for CSV DataSet:CSV Data Set Config configured with stopThread:true, recycle:false
2026-03-10 00:54:52,449 INFO o.a.j.t.JMeterThread: Thread finished: Thread Group 1-59
2026-03-10 00:54:52,450 INFO o.a.j.t.JMeterThread: Stop Thread seen for thread Thread Group 1-62, reason: org.apache.jorphan.util.JMeterStopThreadException: End of file:/Users/gimhuiheon/Documents/study/java-multi-threading/resources/throughput/search_words.csv detected for CSV DataSet:CSV Data Set Config configured with stopThread:true, recycle:false
2026-03-10 00:54:52,450 INFO o.a.j.t.JMeterThread: Thread finished: Thread Group 1-62
2026-03-10 00:54:52,450 INFO o.a.j.t.JMeterThread: Stop Thread seen for thread Thread Group 1-71, reason: org.apache.jorphan.util.JMeterStopThreadException: End of file:/Users/gimhuiheon/Documents/study/java-multi-threading/resources/throughput/search_words.csv detected for CSV DataSet:CSV Data Set Config configured with stopThread:true, recycle:false
2026-03-10 00:54:52,450 INFO o.a.j.t.JMeterThread: Thread finished: Thread Group 1-71
2026-03-10 00:54:52,452 INFO o.a.j.t.JMeterThread: Stop Thread seen for thread Thread Group 1-100, reason: org.apache.jorphan.util.JMeterStopThreadException: End of file:/Users/gimhuiheon/Documents/study/java-multi-threading/resources/throughput/search_words.csv detected for CSV DataSet:CSV Data Set Config configured with stopThread:true, recycle:false
2026-03-10 00:54:52,452 INFO o.a.j.t.JMeterThread: Thread finished: Thread Group 1-100
2026-03-10 00:54:52,452 INFO o.a.j.t.JMeterThread: Stop Thread seen for thread Thread Group 1-28, reason: org.apache.jorphan.util.JMeterStopThreadException: End of file:/Users/gimhuiheon/Documents/study/java-multi-threading/resources/throughput/search_words.csv detected for CSV DataSet:CSV Data Set Config configured with stopThread:true, recycle:false
2026-03-10 00:54:52,452 INFO o.a.j.t.JMeterThread: Thread finished: Thread Group 1-28
2026-03-10 00:54:52,454 INFO o.a.j.t.JMeterThread: Stop Thread seen for thread Thread Group 1-85, reason: org.apache.jorphan.util.JMeterStopThreadException: End of file:/Users/gimhuiheon/Documents/study/java-multi-threading/resources/throughput/search_words.csv detected for CSV DataSet:CSV Data Set Config configured with stopThread:true, recycle:false
2026-03-10 00:54:52,454 INFO o.a.j.t.JMeterThread: Thread finished: Thread Group 1-85
2026-03-10 00:54:52,454 INFO o.a.j.t.JMeterThread: Stop Thread seen for thread Thread Group 1-76, reason: org.apache.jorphan.util.JMeterStopThreadException: End of file:/Users/gimhuiheon/Documents/study/java-multi-threading/resources/throughput/search_words.csv detected for CSV DataSet:CSV Data Set Config configured with stopThread:true, recycle:false
2026-03-10 00:54:52,454 INFO o.a.j.t.JMeterThread: Thread finished: Thread Group 1-76
2026-03-10 00:54:52,456 INFO o.a.j.t.JMeterThread: Stop Thread seen for thread Thread Group 1-58, reason: org.apache.jorphan.util.JMeterStopThreadException: End of file:/Users/gimhuiheon/Documents/study/java-multi-threading/resources/throughput/search_words.csv detected for CSV DataSet:CSV Data Set Config configured with stopThread:true, recycle:false
2026-03-10 00:54:52,456 INFO o.a.j.t.JMeterThread: Thread finished: Thread Group 1-58
2026-03-10 00:54:52,457 INFO o.a.j.t.JMeterThread: Stop Thread seen for thread Thread Group 1-14, reason: org.apache.jorphan.util.JMeterStopThreadException: End of file:/Users/gimhuiheon/Documents/study/java-multi-threading/resources/throughput/search_words.csv detected for CSV DataSet:CSV Data Set Config configured with stopThread:true, recycle:false
2026-03-10 00:54:52,457 INFO o.a.j.t.JMeterThread: Thread finished: Thread Group 1-14
2026-03-10 00:54:52,457 INFO o.a.j.t.JMeterThread: Stop Thread seen for thread Thread Group 1-90, reason: org.apache.jorphan.util.JMeterStopThreadException: End of file:/Users/gimhuiheon/Documents/study/java-multi-threading/resources/throughput/search_words.csv detected for CSV DataSet:CSV Data Set Config configured with stopThread:true, recycle:false
2026-03-10 00:54:52,458 INFO o.a.j.t.JMeterThread: Thread finished: Thread Group 1-90
2026-03-10 00:54:52,458 INFO o.a.j.t.JMeterThread: Stop Thread seen for thread Thread Group 1-55, reason: org.apache.jorphan.util.JMeterStopThreadException: End of file:/Users/gimhuiheon/Documents/study/java-multi-threading/resources/throughput/search_words.csv detected for CSV DataSet:CSV Data Set Config configured with stopThread:true, recycle:false
2026-03-10 00:54:52,458 INFO o.a.j.t.JMeterThread: Thread finished: Thread Group 1-55
2026-03-10 00:54:52,460 INFO o.a.j.t.JMeterThread: Stop Thread seen for thread Thread Group 1-27, reason: org.apache.jorphan.util.JMeterStopThreadException: End of file:/Users/gimhuiheon/Documents/study/java-multi-threading/resources/throughput/search_words.csv detected for CSV DataSet:CSV Data Set Config configured with stopThread:true, recycle:false
2026-03-10 00:54:52,460 INFO o.a.j.t.JMeterThread: Thread finished: Thread Group 1-27
2026-03-10 00:54:52,460 INFO o.a.j.t.JMeterThread: Stop Thread seen for thread Thread Group 1-49, reason: org.apache.jorphan.util.JMeterStopThreadException: End of file:/Users/gimhuiheon/Documents/study/java-multi-threading/resources/throughput/search_words.csv detected for CSV DataSet:CSV Data Set Config configured with stopThread:true, recycle:false
2026-03-10 00:54:52,460 INFO o.a.j.t.JMeterThread: Thread finished: Thread Group 1-49
2026-03-10 00:54:52,461 INFO o.a.j.t.JMeterThread: Stop Thread seen for thread Thread Group 1-80, reason: org.apache.jorphan.util.JMeterStopThreadException: End of file:/Users/gimhuiheon/Documents/study/java-multi-threading/resources/throughput/search_words.csv detected for CSV DataSet:CSV Data Set Config configured with stopThread:true, recycle:false
2026-03-10 00:54:52,461 INFO o.a.j.t.JMeterThread: Thread finished: Thread Group 1-80
2026-03-10 00:54:52,461 INFO o.a.j.t.JMeterThread: Stop Thread seen for thread Thread Group 1-46, reason: org.apache.jorphan.util.JMeterStopThreadException: End of file:/Users/gimhuiheon/Documents/study/java-multi-threading/resources/throughput/search_words.csv detected for CSV DataSet:CSV Data Set Config configured with stopThread:true, recycle:false
2026-03-10 00:54:52,461 INFO o.a.j.t.JMeterThread: Thread finished: Thread Group 1-46
2026-03-10 00:54:52,464 INFO o.a.j.t.JMeterThread: Stop Thread seen for thread Thread Group 1-75, reason: org.apache.jorphan.util.JMeterStopThreadException: End of file:/Users/gimhuiheon/Documents/study/java-multi-threading/resources/throughput/search_words.csv detected for CSV DataSet:CSV Data Set Config configured with stopThread:true, recycle:false
2026-03-10 00:54:52,464 INFO o.a.j.t.JMeterThread: Stop Thread seen for thread Thread Group 1-2, reason: org.apache.jorphan.util.JMeterStopThreadException: End of file:/Users/gimhuiheon/Documents/study/java-multi-threading/resources/throughput/search_words.csv detected for CSV DataSet:CSV Data Set Config configured with stopThread:true, recycle:false
2026-03-10 00:54:52,464 INFO o.a.j.t.JMeterThread: Thread finished: Thread Group 1-75
2026-03-10 00:54:52,464 INFO o.a.j.t.JMeterThread: Thread finished: Thread Group 1-2
2026-03-10 00:54:52,464 INFO o.a.j.t.JMeterThread: Stop Thread seen for thread Thread Group 1-1, reason: org.apache.jorphan.util.JMeterStopThreadException: End of file:/Users/gimhuiheon/Documents/study/java-multi-threading/resources/throughput/search_words.csv detected for CSV DataSet:CSV Data Set Config configured with stopThread:true, recycle:false
2026-03-10 00:54:52,464 INFO o.a.j.t.JMeterThread: Thread finished: Thread Group 1-1
2026-03-10 00:54:52,465 INFO o.a.j.t.JMeterThread: Stop Thread seen for thread Thread Group 1-70, reason: org.apache.jorphan.util.JMeterStopThreadException: End of file:/Users/gimhuiheon/Documents/study/java-multi-threading/resources/throughput/search_words.csv detected for CSV DataSet:CSV Data Set Config configured with stopThread:true, recycle:false
2026-03-10 00:54:52,465 INFO o.a.j.t.JMeterThread: Thread finished: Thread Group 1-70
2026-03-10 00:54:52,466 INFO o.a.j.t.JMeterThread: Stop Thread seen for thread Thread Group 1-11, reason: org.apache.jorphan.util.JMeterStopThreadException: End of file:/Users/gimhuiheon/Documents/study/java-multi-threading/resources/throughput/search_words.csv detected for CSV DataSet:CSV Data Set Config configured with stopThread:true, recycle:false
2026-03-10 00:54:52,466 INFO o.a.j.t.JMeterThread: Thread finished: Thread Group 1-11
2026-03-10 00:54:52,467 INFO o.a.j.t.JMeterThread: Stop Thread seen for thread Thread Group 1-23, reason: org.apache.jorphan.util.JMeterStopThreadException: End of file:/Users/gimhuiheon/Documents/study/java-multi-threading/resources/throughput/search_words.csv detected for CSV DataSet:CSV Data Set Config configured with stopThread:true, recycle:false
2026-03-10 00:54:52,467 INFO o.a.j.t.JMeterThread: Thread finished: Thread Group 1-23
2026-03-10 00:54:52,467 INFO o.a.j.t.JMeterThread: Stop Thread seen for thread Thread Group 1-65, reason: org.apache.jorphan.util.JMeterStopThreadException: End of file:/Users/gimhuiheon/Documents/study/java-multi-threading/resources/throughput/search_words.csv detected for CSV DataSet:CSV Data Set Config configured with stopThread:true, recycle:false
2026-03-10 00:54:52,467 INFO o.a.j.t.JMeterThread: Thread finished: Thread Group 1-65
2026-03-10 00:54:52,467 INFO o.a.j.t.JMeterThread: Stop Thread seen for thread Thread Group 1-18, reason: org.apache.jorphan.util.JMeterStopThreadException: End of file:/Users/gimhuiheon/Documents/study/java-multi-threading/resources/throughput/search_words.csv detected for CSV DataSet:CSV Data Set Config configured with stopThread:true, recycle:false
2026-03-10 00:54:52,467 INFO o.a.j.t.JMeterThread: Thread finished: Thread Group 1-18
2026-03-10 00:54:52,469 INFO o.a.j.t.JMeterThread: Stop Thread seen for thread Thread Group 1-22, reason: org.apache.jorphan.util.JMeterStopThreadException: End of file:/Users/gimhuiheon/Documents/study/java-multi-threading/resources/throughput/search_words.csv detected for CSV DataSet:CSV Data Set Config configured with stopThread:true, recycle:false
2026-03-10 00:54:52,469 INFO o.a.j.t.JMeterThread: Thread finished: Thread Group 1-22
2026-03-10 00:54:52,469 INFO o.a.j.t.JMeterThread: Stop Thread seen for thread Thread Group 1-3, reason: org.apache.jorphan.util.JMeterStopThreadException: End of file:/Users/gimhuiheon/Documents/study/java-multi-threading/resources/throughput/search_words.csv detected for CSV DataSet:CSV Data Set Config configured with stopThread:true, recycle:false
2026-03-10 00:54:52,469 INFO o.a.j.t.JMeterThread: Thread finished: Thread Group 1-3
2026-03-10 00:54:52,470 INFO o.a.j.t.JMeterThread: Stop Thread seen for thread Thread Group 1-9, reason: org.apache.jorphan.util.JMeterStopThreadException: End of file:/Users/gimhuiheon/Documents/study/java-multi-threading/resources/throughput/search_words.csv detected for CSV DataSet:CSV Data Set Config configured with stopThread:true, recycle:false
2026-03-10 00:54:52,470 INFO o.a.j.t.JMeterThread: Thread finished: Thread Group 1-9
2026-03-10 00:54:52,470 INFO o.a.j.t.JMeterThread: Stop Thread seen for thread Thread Group 1-25, reason: org.apache.jorphan.util.JMeterStopThreadException: End of file:/Users/gimhuiheon/Documents/study/java-multi-threading/resources/throughput/search_words.csv detected for CSV DataSet:CSV Data Set Config configured with stopThread:true, recycle:false
2026-03-10 00:54:52,470 INFO o.a.j.t.JMeterThread: Thread finished: Thread Group 1-25
2026-03-10 00:54:52,470 INFO o.a.j.t.JMeterThread: Stop Thread seen for thread Thread Group 1-36, reason: org.apache.jorphan.util.JMeterStopThreadException: End of file:/Users/gimhuiheon/Documents/study/java-multi-threading/resources/throughput/search_words.csv detected for CSV DataSet:CSV Data Set Config configured with stopThread:true, recycle:false
2026-03-10 00:54:52,470 INFO o.a.j.t.JMeterThread: Thread finished: Thread Group 1-36
2026-03-10 00:54:52,472 INFO o.a.j.t.JMeterThread: Stop Thread seen for thread Thread Group 1-8, reason: org.apache.jorphan.util.JMeterStopThreadException: End of file:/Users/gimhuiheon/Documents/study/java-multi-threading/resources/throughput/search_words.csv detected for CSV DataSet:CSV Data Set Config configured with stopThread:true, recycle:false
2026-03-10 00:54:52,472 INFO o.a.j.t.JMeterThread: Thread finished: Thread Group 1-8
2026-03-10 00:54:52,472 INFO o.a.j.t.JMeterThread: Stop Thread seen for thread Thread Group 1-72, reason: org.apache.jorphan.util.JMeterStopThreadException: End of file:/Users/gimhuiheon/Documents/study/java-multi-threading/resources/throughput/search_words.csv detected for CSV DataSet:CSV Data Set Config configured with stopThread:true, recycle:false
2026-03-10 00:54:52,472 INFO o.a.j.t.JMeterThread: Thread finished: Thread Group 1-72
2026-03-10 00:54:52,473 INFO o.a.j.t.JMeterThread: Stop Thread seen for thread Thread Group 1-40, reason: org.apache.jorphan.util.JMeterStopThreadException: End of file:/Users/gimhuiheon/Documents/study/java-multi-threading/resources/throughput/search_words.csv detected for CSV DataSet:CSV Data Set Config configured with stopThread:true, recycle:false
2026-03-10 00:54:52,473 INFO o.a.j.t.JMeterThread: Thread finished: Thread Group 1-40
2026-03-10 00:54:52,473 INFO o.a.j.t.JMeterThread: Stop Thread seen for thread Thread Group 1-19, reason: org.apache.jorphan.util.JMeterStopThreadException: End of file:/Users/gimhuiheon/Documents/study/java-multi-threading/resources/throughput/search_words.csv detected for CSV DataSet:CSV Data Set Config configured with stopThread:true, recycle:false
2026-03-10 00:54:52,473 INFO o.a.j.t.JMeterThread: Thread finished: Thread Group 1-19
2026-03-10 00:54:52,475 INFO o.a.j.t.JMeterThread: Stop Thread seen for thread Thread Group 1-45, reason: org.apache.jorphan.util.JMeterStopThreadException: End of file:/Users/gimhuiheon/Documents/study/java-multi-threading/resources/throughput/search_words.csv detected for CSV DataSet:CSV Data Set Config configured with stopThread:true, recycle:false
2026-03-10 00:54:52,475 INFO o.a.j.t.JMeterThread: Thread finished: Thread Group 1-45
2026-03-10 00:54:52,475 INFO o.a.j.t.JMeterThread: Stop Thread seen for thread Thread Group 1-91, reason: org.apache.jorphan.util.JMeterStopThreadException: End of file:/Users/gimhuiheon/Documents/study/java-multi-threading/resources/throughput/search_words.csv detected for CSV DataSet:CSV Data Set Config configured with stopThread:true, recycle:false
2026-03-10 00:54:52,475 INFO o.a.j.t.JMeterThread: Thread finished: Thread Group 1-91
2026-03-10 00:54:52,475 INFO o.a.j.t.JMeterThread: Stop Thread seen for thread Thread Group 1-32, reason: org.apache.jorphan.util.JMeterStopThreadException: End of file:/Users/gimhuiheon/Documents/study/java-multi-threading/resources/throughput/search_words.csv detected for CSV DataSet:CSV Data Set Config configured with stopThread:true, recycle:false
2026-03-10 00:54:52,475 INFO o.a.j.t.JMeterThread: Thread finished: Thread Group 1-32
2026-03-10 00:54:52,475 INFO o.a.j.t.JMeterThread: Stop Thread seen for thread Thread Group 1-43, reason: org.apache.jorphan.util.JMeterStopThreadException: End of file:/Users/gimhuiheon/Documents/study/java-multi-threading/resources/throughput/search_words.csv detected for CSV DataSet:CSV Data Set Config configured with stopThread:true, recycle:false
2026-03-10 00:54:52,475 INFO o.a.j.t.JMeterThread: Thread finished: Thread Group 1-43
2026-03-10 00:54:52,477 INFO o.a.j.t.JMeterThread: Stop Thread seen for thread Thread Group 1-96, reason: org.apache.jorphan.util.JMeterStopThreadException: End of file:/Users/gimhuiheon/Documents/study/java-multi-threading/resources/throughput/search_words.csv detected for CSV DataSet:CSV Data Set Config configured with stopThread:true, recycle:false
2026-03-10 00:54:52,477 INFO o.a.j.t.JMeterThread: Thread finished: Thread Group 1-96
2026-03-10 00:54:52,477 INFO o.a.j.t.JMeterThread: Stop Thread seen for thread Thread Group 1-77, reason: org.apache.jorphan.util.JMeterStopThreadException: End of file:/Users/gimhuiheon/Documents/study/java-multi-threading/resources/throughput/search_words.csv detected for CSV DataSet:CSV Data Set Config configured with stopThread:true, recycle:false
2026-03-10 00:54:52,477 INFO o.a.j.t.JMeterThread: Thread finished: Thread Group 1-77
2026-03-10 00:54:52,477 INFO o.a.j.t.JMeterThread: Stop Thread seen for thread Thread Group 1-39, reason: org.apache.jorphan.util.JMeterStopThreadException: End of file:/Users/gimhuiheon/Documents/study/java-multi-threading/resources/throughput/search_words.csv detected for CSV DataSet:CSV Data Set Config configured with stopThread:true, recycle:false
2026-03-10 00:54:52,478 INFO o.a.j.t.JMeterThread: Thread finished: Thread Group 1-39
2026-03-10 00:54:52,478 INFO o.a.j.t.JMeterThread: Stop Thread seen for thread Thread Group 1-67, reason: org.apache.jorphan.util.JMeterStopThreadException: End of file:/Users/gimhuiheon/Documents/study/java-multi-threading/resources/throughput/search_words.csv detected for CSV DataSet:CSV Data Set Config configured with stopThread:true, recycle:false
2026-03-10 00:54:52,478 INFO o.a.j.t.JMeterThread: Thread finished: Thread Group 1-67
2026-03-10 00:54:52,480 INFO o.a.j.t.JMeterThread: Stop Thread seen for thread Thread Group 1-41, reason: org.apache.jorphan.util.JMeterStopThreadException: End of file:/Users/gimhuiheon/Documents/study/java-multi-threading/resources/throughput/search_words.csv detected for CSV DataSet:CSV Data Set Config configured with stopThread:true, recycle:false
2026-03-10 00:54:52,480 INFO o.a.j.t.JMeterThread: Thread finished: Thread Group 1-41
2026-03-10 00:54:52,480 INFO o.a.j.t.JMeterThread: Stop Thread seen for thread Thread Group 1-81, reason: org.apache.jorphan.util.JMeterStopThreadException: End of file:/Users/gimhuiheon/Documents/study/java-multi-threading/resources/throughput/search_words.csv detected for CSV DataSet:CSV Data Set Config configured with stopThread:true, recycle:false
2026-03-10 00:54:52,480 INFO o.a.j.t.JMeterThread: Thread finished: Thread Group 1-81
2026-03-10 00:54:52,480 INFO o.a.j.t.JMeterThread: Stop Thread seen for thread Thread Group 1-52, reason: org.apache.jorphan.util.JMeterStopThreadException: End of file:/Users/gimhuiheon/Documents/study/java-multi-threading/resources/throughput/search_words.csv detected for CSV DataSet:CSV Data Set Config configured with stopThread:true, recycle:false
2026-03-10 00:54:52,480 INFO o.a.j.t.JMeterThread: Thread finished: Thread Group 1-52
2026-03-10 00:54:52,480 INFO o.a.j.t.JMeterThread: Stop Thread seen for thread Thread Group 1-86, reason: org.apache.jorphan.util.JMeterStopThreadException: End of file:/Users/gimhuiheon/Documents/study/java-multi-threading/resources/throughput/search_words.csv detected for CSV DataSet:CSV Data Set Config configured with stopThread:true, recycle:false
2026-03-10 00:54:52,480 INFO o.a.j.t.JMeterThread: Thread finished: Thread Group 1-86
2026-03-10 00:54:52,482 INFO o.a.j.t.JMeterThread: Stop Thread seen for thread Thread Group 1-66, reason: org.apache.jorphan.util.JMeterStopThreadException: End of file:/Users/gimhuiheon/Documents/study/java-multi-threading/resources/throughput/search_words.csv detected for CSV DataSet:CSV Data Set Config configured with stopThread:true, recycle:false
2026-03-10 00:54:52,482 INFO o.a.j.t.JMeterThread: Thread finished: Thread Group 1-66
2026-03-10 00:54:52,482 INFO o.a.j.e.StandardJMeterEngine: Notifying test listeners of end of test
2026-03-10 00:54:52,482 INFO o.a.j.s.FileServer: Close: /Users/gimhuiheon/Documents/study/java-multi-threading/resources/throughput/search_words.csv
2026-03-10 00:54:52,482 INFO o.a.j.g.u.JMeterMenuBar: setRunning(false, *local*)
2026-03-10 00:54:56,062 INFO o.a.j.e.StandardJMeterEngine: Running the test!
2026-03-10 00:54:56,062 INFO o.a.j.s.SampleEvent: List of sample_variables: []
2026-03-10 00:54:56,062 INFO o.a.j.g.u.JMeterMenuBar: setRunning(true, *local*)
2026-03-10 00:54:56,090 INFO o.a.j.e.StandardJMeterEngine: Starting ThreadGroup: 1 : Thread Group
2026-03-10 00:54:56,091 INFO o.a.j.e.StandardJMeterEngine: Starting 100 threads for group Thread Group.
2026-03-10 00:54:56,091 INFO o.a.j.e.StandardJMeterEngine: Thread will continue on error
2026-03-10 00:54:56,091 INFO o.a.j.t.ThreadGroup: Starting thread group... number=1 threads=100 ramp-up=1 delayedStart=false
2026-03-10 00:54:56,092 INFO o.a.j.t.JMeterThread: Thread started: Thread Group 1-1
2026-03-10 00:54:56,092 INFO o.a.j.s.FileServer: Stored: /Users/gimhuiheon/Documents/study/java-multi-threading/resources/throughput/search_words.csv
2026-03-10 00:54:56,103 INFO o.a.j.t.ThreadGroup: Started thread group number 1
2026-03-10 00:54:56,103 INFO o.a.j.e.StandardJMeterEngine: All thread groups have been started
2026-03-10 00:54:56,104 INFO o.a.j.t.JMeterThread: Thread started: Thread Group 1-2
2026-03-10 00:54:56,117 INFO o.a.j.t.JMeterThread: Thread started: Thread Group 1-3
2026-03-10 00:54:56,122 INFO o.a.j.t.JMeterThread: Thread started: Thread Group 1-4
2026-03-10 00:54:56,131 INFO o.a.j.t.JMeterThread: Thread started: Thread Group 1-5
2026-03-10 00:54:56,146 INFO o.a.j.t.JMeterThread: Thread started: Thread Group 1-6
2026-03-10 00:54:56,156 INFO o.a.j.t.JMeterThread: Thread started: Thread Group 1-7
2026-03-10 00:54:56,165 INFO o.a.j.t.JMeterThread: Thread started: Thread Group 1-8
2026-03-10 00:54:56,172 INFO o.a.j.t.JMeterThread: Thread started: Thread Group 1-9
2026-03-10 00:54:56,182 INFO o.a.j.t.JMeterThread: Thread started: Thread Group 1-10
2026-03-10 00:54:56,197 INFO o.a.j.t.JMeterThread: Thread started: Thread Group 1-11
2026-03-10 00:54:56,202 INFO o.a.j.t.JMeterThread: Thread started: Thread Group 1-12
2026-03-10 00:54:56,215 INFO o.a.j.t.JMeterThread: Thread started: Thread Group 1-13
2026-03-10 00:54:56,223 INFO o.a.j.t.JMeterThread: Thread started: Thread Group 1-14
2026-03-10 00:54:56,232 INFO o.a.j.t.JMeterThread: Thread started: Thread Group 1-15
2026-03-10 00:54:56,246 INFO o.a.j.t.JMeterThread: Thread started: Thread Group 1-16
2026-03-10 00:54:56,253 INFO o.a.j.t.JMeterThread: Thread started: Thread Group 1-17
2026-03-10 00:54:56,266 INFO o.a.j.t.JMeterThread: Thread started: Thread Group 1-18
2026-03-10 00:54:56,274 INFO o.a.j.t.JMeterThread: Thread started: Thread Group 1-19
2026-03-10 00:54:56,285 INFO o.a.j.t.JMeterThread: Thread started: Thread Group 1-20
2026-03-10 00:54:56,296 INFO o.a.j.t.JMeterThread: Thread started: Thread Group 1-21
2026-03-10 00:54:56,307 INFO o.a.j.t.JMeterThread: Thread started: Thread Group 1-22
2026-03-10 00:54:56,315 INFO o.a.j.t.JMeterThread: Thread started: Thread Group 1-23
2026-03-10 00:54:56,326 INFO o.a.j.t.JMeterThread: Thread started: Thread Group 1-24
2026-03-10 00:54:56,336 INFO o.a.j.t.JMeterThread: Thread started: Thread Group 1-25
2026-03-10 00:54:56,344 INFO o.a.j.t.JMeterThread: Thread started: Thread Group 1-26
2026-03-10 00:54:56,356 INFO o.a.j.t.JMeterThread: Thread started: Thread Group 1-27
2026-03-10 00:54:56,365 INFO o.a.j.t.JMeterThread: Thread started: Thread Group 1-28
2026-03-10 00:54:56,375 INFO o.a.j.t.JMeterThread: Thread started: Thread Group 1-29
2026-03-10 00:54:56,383 INFO o.a.j.t.JMeterThread: Thread started: Thread Group 1-30
2026-03-10 00:54:56,396 INFO o.a.j.t.JMeterThread: Thread started: Thread Group 1-31
2026-03-10 00:54:56,406 INFO o.a.j.t.JMeterThread: Thread started: Thread Group 1-32
2026-03-10 00:54:56,416 INFO o.a.j.t.JMeterThread: Thread started: Thread Group 1-33
2026-03-10 00:54:56,425 INFO o.a.j.t.JMeterThread: Thread started: Thread Group 1-34
2026-03-10 00:54:56,432 INFO o.a.j.t.JMeterThread: Thread started: Thread Group 1-35
2026-03-10 00:54:56,446 INFO o.a.j.t.JMeterThread: Thread started: Thread Group 1-36
2026-03-10 00:54:56,456 INFO o.a.j.t.JMeterThread: Thread started: Thread Group 1-37
2026-03-10 00:54:56,465 INFO o.a.j.t.JMeterThread: Thread started: Thread Group 1-38
2026-03-10 00:54:56,471 INFO o.a.j.t.JMeterThread: Thread started: Thread Group 1-39
2026-03-10 00:54:56,486 INFO o.a.j.t.JMeterThread: Thread started: Thread Group 1-40
2026-03-10 00:54:56,496 INFO o.a.j.t.JMeterThread: Thread started: Thread Group 1-41
2026-03-10 00:54:56,506 INFO o.a.j.t.JMeterThread: Thread started: Thread Group 1-42
2026-03-10 00:54:56,516 INFO o.a.j.t.JMeterThread: Thread started: Thread Group 1-43
2026-03-10 00:54:56,523 INFO o.a.j.t.JMeterThread: Thread started: Thread Group 1-44
2026-03-10 00:54:56,538 INFO o.a.j.t.JMeterThread: Thread started: Thread Group 1-45
2026-03-10 00:54:56,547 INFO o.a.j.t.JMeterThread: Thread started: Thread Group 1-46
2026-03-10 00:54:56,556 INFO o.a.j.t.JMeterThread: Thread started: Thread Group 1-47
2026-03-10 00:54:56,563 INFO o.a.j.t.JMeterThread: Thread started: Thread Group 1-48
2026-03-10 00:54:56,573 INFO o.a.j.t.JMeterThread: Thread started: Thread Group 1-49
2026-03-10 00:54:56,586 INFO o.a.j.t.JMeterThread: Thread started: Thread Group 1-50
2026-03-10 00:54:56,595 INFO o.a.j.t.JMeterThread: Thread started: Thread Group 1-51
2026-03-10 00:54:56,606 INFO o.a.j.t.JMeterThread: Thread started: Thread Group 1-52
2026-03-10 00:54:56,615 INFO o.a.j.t.JMeterThread: Thread started: Thread Group 1-53
2026-03-10 00:54:56,627 INFO o.a.j.t.JMeterThread: Thread started: Thread Group 1-54
2026-03-10 00:54:56,635 INFO o.a.j.t.JMeterThread: Thread started: Thread Group 1-55
2026-03-10 00:54:56,646 INFO o.a.j.t.JMeterThread: Thread started: Thread Group 1-56
2026-03-10 00:54:56,651 INFO o.a.j.t.JMeterThread: Thread started: Thread Group 1-57
2026-03-10 00:54:56,665 INFO o.a.j.t.JMeterThread: Thread started: Thread Group 1-58
2026-03-10 00:54:56,672 INFO o.a.j.t.JMeterThread: Thread started: Thread Group 1-59
2026-03-10 00:54:56,682 INFO o.a.j.t.JMeterThread: Thread started: Thread Group 1-60
2026-03-10 00:54:56,693 INFO o.a.j.t.JMeterThread: Thread started: Thread Group 1-61
2026-03-10 00:54:56,703 INFO o.a.j.t.JMeterThread: Thread started: Thread Group 1-62
2026-03-10 00:54:56,717 INFO o.a.j.t.JMeterThread: Thread started: Thread Group 1-63
2026-03-10 00:54:56,723 INFO o.a.j.t.JMeterThread: Thread started: Thread Group 1-64
2026-03-10 00:54:56,737 INFO o.a.j.t.JMeterThread: Thread started: Thread Group 1-65
2026-03-10 00:54:56,746 INFO o.a.j.t.JMeterThread: Thread started: Thread Group 1-66
2026-03-10 00:54:56,756 INFO o.a.j.t.JMeterThread: Thread started: Thread Group 1-67
2026-03-10 00:54:56,764 INFO o.a.j.t.JMeterThread: Thread started: Thread Group 1-68
2026-03-10 00:54:56,776 INFO o.a.j.t.JMeterThread: Thread started: Thread Group 1-69
2026-03-10 00:54:56,786 INFO o.a.j.t.JMeterThread: Thread started: Thread Group 1-70
2026-03-10 00:54:56,797 INFO o.a.j.t.JMeterThread: Thread started: Thread Group 1-71
2026-03-10 00:54:56,806 INFO o.a.j.t.JMeterThread: Thread started: Thread Group 1-72
2026-03-10 00:54:56,816 INFO o.a.j.t.JMeterThread: Thread started: Thread Group 1-73
2026-03-10 00:54:56,825 INFO o.a.j.t.JMeterThread: Thread started: Thread Group 1-74
2026-03-10 00:54:56,832 INFO o.a.j.t.JMeterThread: Thread started: Thread Group 1-75
2026-03-10 00:54:56,844 INFO o.a.j.t.JMeterThread: Thread started: Thread Group 1-76
2026-03-10 00:54:56,852 INFO o.a.j.t.JMeterThread: Thread started: Thread Group 1-77
2026-03-10 00:54:56,866 INFO o.a.j.t.JMeterThread: Thread started: Thread Group 1-78
2026-03-10 00:54:56,875 INFO o.a.j.t.JMeterThread: Thread started: Thread Group 1-79
2026-03-10 00:54:56,882 INFO o.a.j.t.JMeterThread: Thread started: Thread Group 1-80
2026-03-10 00:54:56,896 INFO o.a.j.t.JMeterThread: Thread started: Thread Group 1-81
2026-03-10 00:54:56,906 INFO o.a.j.t.JMeterThread: Thread started: Thread Group 1-82
2026-03-10 00:54:56,916 INFO o.a.j.t.JMeterThread: Thread started: Thread Group 1-83
2026-03-10 00:54:56,923 INFO o.a.j.t.JMeterThread: Thread started: Thread Group 1-84
2026-03-10 00:54:56,932 INFO o.a.j.t.JMeterThread: Thread started: Thread Group 1-85
2026-03-10 00:54:56,944 INFO o.a.j.t.JMeterThread: Thread started: Thread Group 1-86
2026-03-10 00:54:56,956 INFO o.a.j.t.JMeterThread: Thread started: Thread Group 1-87
2026-03-10 00:54:56,965 INFO o.a.j.t.JMeterThread: Thread started: Thread Group 1-88
2026-03-10 00:54:56,973 INFO o.a.j.t.JMeterThread: Thread started: Thread Group 1-89
2026-03-10 00:54:56,982 INFO o.a.j.t.JMeterThread: Thread started: Thread Group 1-90
2026-03-10 00:54:56,991 INFO o.a.j.t.JMeterThread: Thread started: Thread Group 1-91
2026-03-10 00:54:57,001 INFO o.a.j.t.JMeterThread: Thread started: Thread Group 1-92
2026-03-10 00:54:57,011 INFO o.a.j.t.JMeterThread: Thread started: Thread Group 1-93
2026-03-10 00:54:57,025 INFO o.a.j.t.JMeterThread: Thread started: Thread Group 1-94
2026-03-10 00:54:57,031 INFO o.a.j.t.JMeterThread: Thread started: Thread Group 1-95
2026-03-10 00:54:57,046 INFO o.a.j.t.JMeterThread: Thread started: Thread Group 1-96
2026-03-10 00:54:57,052 INFO o.a.j.t.JMeterThread: Thread started: Thread Group 1-97
2026-03-10 00:54:57,066 INFO o.a.j.t.JMeterThread: Thread started: Thread Group 1-98
2026-03-10 00:54:57,073 INFO o.a.j.t.JMeterThread: Thread started: Thread Group 1-99
2026-03-10 00:54:57,082 INFO o.a.j.t.JMeterThread: Thread started: Thread Group 1-100
2026-03-10 00:54:57,807 INFO o.a.j.t.JMeterThread: Stop Thread seen for thread Thread Group 1-73, reason: org.apache.jorphan.util.JMeterStopThreadException: End of file:/Users/gimhuiheon/Documents/study/java-multi-threading/resources/throughput/search_words.csv detected for CSV DataSet:CSV Data Set Config configured with stopThread:true, recycle:false
2026-03-10 00:54:57,807 INFO o.a.j.t.JMeterThread: Thread finished: Thread Group 1-73
2026-03-10 00:54:57,808 INFO o.a.j.t.JMeterThread: Stop Thread seen for thread Thread Group 1-65, reason: org.apache.jorphan.util.JMeterStopThreadException: End of file:/Users/gimhuiheon/Documents/study/java-multi-threading/resources/throughput/search_words.csv detected for CSV DataSet:CSV Data Set Config configured with stopThread:true, recycle:false
2026-03-10 00:54:57,808 INFO o.a.j.t.JMeterThread: Thread finished: Thread Group 1-65
2026-03-10 00:54:57,808 INFO o.a.j.t.JMeterThread: Stop Thread seen for thread Thread Group 1-43, reason: org.apache.jorphan.util.JMeterStopThreadException: End of file:/Users/gimhuiheon/Documents/study/java-multi-threading/resources/throughput/search_words.csv detected for CSV DataSet:CSV Data Set Config configured with stopThread:true, recycle:false
2026-03-10 00:54:57,808 INFO o.a.j.t.JMeterThread: Thread finished: Thread Group 1-43
2026-03-10 00:54:57,810 INFO o.a.j.t.JMeterThread: Stop Thread seen for thread Thread Group 1-53, reason: org.apache.jorphan.util.JMeterStopThreadException: End of file:/Users/gimhuiheon/Documents/study/java-multi-threading/resources/throughput/search_words.csv detected for CSV DataSet:CSV Data Set Config configured with stopThread:true, recycle:false
2026-03-10 00:54:57,810 INFO o.a.j.t.JMeterThread: Thread finished: Thread Group 1-53
2026-03-10 00:54:57,810 INFO o.a.j.t.JMeterThread: Stop Thread seen for thread Thread Group 1-86, reason: org.apache.jorphan.util.JMeterStopThreadException: End of file:/Users/gimhuiheon/Documents/study/java-multi-threading/resources/throughput/search_words.csv detected for CSV DataSet:CSV Data Set Config configured with stopThread:true, recycle:false
2026-03-10 00:54:57,810 INFO o.a.j.t.JMeterThread: Thread finished: Thread Group 1-86
2026-03-10 00:54:57,811 INFO o.a.j.t.JMeterThread: Stop Thread seen for thread Thread Group 1-16, reason: org.apache.jorphan.util.JMeterStopThreadException: End of file:/Users/gimhuiheon/Documents/study/java-multi-threading/resources/throughput/search_words.csv detected for CSV DataSet:CSV Data Set Config configured with stopThread:true, recycle:false
2026-03-10 00:54:57,811 INFO o.a.j.t.JMeterThread: Thread finished: Thread Group 1-16
2026-03-10 00:54:57,811 INFO o.a.j.t.JMeterThread: Stop Thread seen for thread Thread Group 1-1, reason: org.apache.jorphan.util.JMeterStopThreadException: End of file:/Users/gimhuiheon/Documents/study/java-multi-threading/resources/throughput/search_words.csv detected for CSV DataSet:CSV Data Set Config configured with stopThread:true, recycle:false
2026-03-10 00:54:57,811 INFO o.a.j.t.JMeterThread: Thread finished: Thread Group 1-1
2026-03-10 00:54:57,813 INFO o.a.j.t.JMeterThread: Stop Thread seen for thread Thread Group 1-69, reason: org.apache.jorphan.util.JMeterStopThreadException: End of file:/Users/gimhuiheon/Documents/study/java-multi-threading/resources/throughput/search_words.csv detected for CSV DataSet:CSV Data Set Config configured with stopThread:true, recycle:false
2026-03-10 00:54:57,813 INFO o.a.j.t.JMeterThread: Thread finished: Thread Group 1-69
2026-03-10 00:54:57,813 INFO o.a.j.t.JMeterThread: Stop Thread seen for thread Thread Group 1-49, reason: org.apache.jorphan.util.JMeterStopThreadException: End of file:/Users/gimhuiheon/Documents/study/java-multi-threading/resources/throughput/search_words.csv detected for CSV DataSet:CSV Data Set Config configured with stopThread:true, recycle:false
2026-03-10 00:54:57,813 INFO o.a.j.t.JMeterThread: Thread finished: Thread Group 1-49
2026-03-10 00:54:57,814 INFO o.a.j.t.JMeterThread: Stop Thread seen for thread Thread Group 1-81, reason: org.apache.jorphan.util.JMeterStopThreadException: End of file:/Users/gimhuiheon/Documents/study/java-multi-threading/resources/throughput/search_words.csv detected for CSV DataSet:CSV Data Set Config configured with stopThread:true, recycle:false
2026-03-10 00:54:57,814 INFO o.a.j.t.JMeterThread: Thread finished: Thread Group 1-81
2026-03-10 00:54:57,814 INFO o.a.j.t.JMeterThread: Stop Thread seen for thread Thread Group 1-39, reason: org.apache.jorphan.util.JMeterStopThreadException: End of file:/Users/gimhuiheon/Documents/study/java-multi-threading/resources/throughput/search_words.csv detected for CSV DataSet:CSV Data Set Config configured with stopThread:true, recycle:false
2026-03-10 00:54:57,814 INFO o.a.j.t.JMeterThread: Thread finished: Thread Group 1-39
2026-03-10 00:54:57,816 INFO o.a.j.t.JMeterThread: Stop Thread seen for thread Thread Group 1-92, reason: org.apache.jorphan.util.JMeterStopThreadException: End of file:/Users/gimhuiheon/Documents/study/java-multi-threading/resources/throughput/search_words.csv detected for CSV DataSet:CSV Data Set Config configured with stopThread:true, recycle:false
2026-03-10 00:54:57,816 INFO o.a.j.t.JMeterThread: Thread finished: Thread Group 1-92
2026-03-10 00:54:57,816 INFO o.a.j.t.JMeterThread: Stop Thread seen for thread Thread Group 1-46, reason: org.apache.jorphan.util.JMeterStopThreadException: End of file:/Users/gimhuiheon/Documents/study/java-multi-threading/resources/throughput/search_words.csv detected for CSV DataSet:CSV Data Set Config configured with stopThread:true, recycle:false
2026-03-10 00:54:57,816 INFO o.a.j.t.JMeterThread: Thread finished: Thread Group 1-46
2026-03-10 00:54:57,817 INFO o.a.j.t.JMeterThread: Stop Thread seen for thread Thread Group 1-19, reason: org.apache.jorphan.util.JMeterStopThreadException: End of file:/Users/gimhuiheon/Documents/study/java-multi-threading/resources/throughput/search_words.csv detected for CSV DataSet:CSV Data Set Config configured with stopThread:true, recycle:false
2026-03-10 00:54:57,817 INFO o.a.j.t.JMeterThread: Thread finished: Thread Group 1-19
2026-03-10 00:54:57,817 INFO o.a.j.t.JMeterThread: Stop Thread seen for thread Thread Group 1-13, reason: org.apache.jorphan.util.JMeterStopThreadException: End of file:/Users/gimhuiheon/Documents/study/java-multi-threading/resources/throughput/search_words.csv detected for CSV DataSet:CSV Data Set Config configured with stopThread:true, recycle:false
2026-03-10 00:54:57,817 INFO o.a.j.t.JMeterThread: Thread finished: Thread Group 1-13
2026-03-10 00:54:57,819 INFO o.a.j.t.JMeterThread: Stop Thread seen for thread Thread Group 1-62, reason: org.apache.jorphan.util.JMeterStopThreadException: End of file:/Users/gimhuiheon/Documents/study/java-multi-threading/resources/throughput/search_words.csv detected for CSV DataSet:CSV Data Set Config configured with stopThread:true, recycle:false
2026-03-10 00:54:57,819 INFO o.a.j.t.JMeterThread: Thread finished: Thread Group 1-62
2026-03-10 00:54:57,820 INFO o.a.j.t.JMeterThread: Stop Thread seen for thread Thread Group 1-17, reason: org.apache.jorphan.util.JMeterStopThreadException: End of file:/Users/gimhuiheon/Documents/study/java-multi-threading/resources/throughput/search_words.csv detected for CSV DataSet:CSV Data Set Config configured with stopThread:true, recycle:false
2026-03-10 00:54:57,820 INFO o.a.j.t.JMeterThread: Thread finished: Thread Group 1-17
2026-03-10 00:54:57,820 INFO o.a.j.t.JMeterThread: Stop Thread seen for thread Thread Group 1-18, reason: org.apache.jorphan.util.JMeterStopThreadException: End of file:/Users/gimhuiheon/Documents/study/java-multi-threading/resources/throughput/search_words.csv detected for CSV DataSet:CSV Data Set Config configured with stopThread:true, recycle:false
2026-03-10 00:54:57,820 INFO o.a.j.t.JMeterThread: Thread finished: Thread Group 1-18
2026-03-10 00:54:57,820 INFO o.a.j.t.JMeterThread: Stop Thread seen for thread Thread Group 1-100, reason: org.apache.jorphan.util.JMeterStopThreadException: End of file:/Users/gimhuiheon/Documents/study/java-multi-threading/resources/throughput/search_words.csv detected for CSV DataSet:CSV Data Set Config configured with stopThread:true, recycle:false
2026-03-10 00:54:57,820 INFO o.a.j.t.JMeterThread: Thread finished: Thread Group 1-100
2026-03-10 00:54:57,823 INFO o.a.j.t.JMeterThread: Stop Thread seen for thread Thread Group 1-34, reason: org.apache.jorphan.util.JMeterStopThreadException: End of file:/Users/gimhuiheon/Documents/study/java-multi-threading/resources/throughput/search_words.csv detected for CSV DataSet:CSV Data Set Config configured with stopThread:true, recycle:false
2026-03-10 00:54:57,823 INFO o.a.j.t.JMeterThread: Thread finished: Thread Group 1-34
2026-03-10 00:54:57,823 INFO o.a.j.t.JMeterThread: Stop Thread seen for thread Thread Group 1-88, reason: org.apache.jorphan.util.JMeterStopThreadException: End of file:/Users/gimhuiheon/Documents/study/java-multi-threading/resources/throughput/search_words.csv detected for CSV DataSet:CSV Data Set Config configured with stopThread:true, recycle:false
2026-03-10 00:54:57,823 INFO o.a.j.t.JMeterThread: Thread finished: Thread Group 1-88
2026-03-10 00:54:57,823 INFO o.a.j.t.JMeterThread: Stop Thread seen for thread Thread Group 1-38, reason: org.apache.jorphan.util.JMeterStopThreadException: End of file:/Users/gimhuiheon/Documents/study/java-multi-threading/resources/throughput/search_words.csv detected for CSV DataSet:CSV Data Set Config configured with stopThread:true, recycle:false
2026-03-10 00:54:57,823 INFO o.a.j.t.JMeterThread: Thread finished: Thread Group 1-38
2026-03-10 00:54:57,823 INFO o.a.j.t.JMeterThread: Stop Thread seen for thread Thread Group 1-30, reason: org.apache.jorphan.util.JMeterStopThreadException: End of file:/Users/gimhuiheon/Documents/study/java-multi-threading/resources/throughput/search_words.csv detected for CSV DataSet:CSV Data Set Config configured with stopThread:true, recycle:false
2026-03-10 00:54:57,823 INFO o.a.j.t.JMeterThread: Thread finished: Thread Group 1-30
2026-03-10 00:54:57,826 INFO o.a.j.t.JMeterThread: Stop Thread seen for thread Thread Group 1-70, reason: org.apache.jorphan.util.JMeterStopThreadException: End of file:/Users/gimhuiheon/Documents/study/java-multi-threading/resources/throughput/search_words.csv detected for CSV DataSet:CSV Data Set Config configured with stopThread:true, recycle:false
2026-03-10 00:54:57,826 INFO o.a.j.t.JMeterThread: Thread finished: Thread Group 1-70
2026-03-10 00:54:57,826 INFO o.a.j.t.JMeterThread: Stop Thread seen for thread Thread Group 1-74, reason: org.apache.jorphan.util.JMeterStopThreadException: End of file:/Users/gimhuiheon/Documents/study/java-multi-threading/resources/throughput/search_words.csv detected for CSV DataSet:CSV Data Set Config configured with stopThread:true, recycle:false
2026-03-10 00:54:57,826 INFO o.a.j.t.JMeterThread: Thread finished: Thread Group 1-74
2026-03-10 00:54:57,826 INFO o.a.j.t.JMeterThread: Stop Thread seen for thread Thread Group 1-48, reason: org.apache.jorphan.util.JMeterStopThreadException: End of file:/Users/gimhuiheon/Documents/study/java-multi-threading/resources/throughput/search_words.csv detected for CSV DataSet:CSV Data Set Config configured with stopThread:true, recycle:false
2026-03-10 00:54:57,826 INFO o.a.j.t.JMeterThread: Thread finished: Thread Group 1-48
2026-03-10 00:54:57,826 INFO o.a.j.t.JMeterThread: Stop Thread seen for thread Thread Group 1-83, reason: org.apache.jorphan.util.JMeterStopThreadException: End of file:/Users/gimhuiheon/Documents/study/java-multi-threading/resources/throughput/search_words.csv detected for CSV DataSet:CSV Data Set Config configured with stopThread:true, recycle:false
2026-03-10 00:54:57,826 INFO o.a.j.t.JMeterThread: Thread finished: Thread Group 1-83
2026-03-10 00:54:57,829 INFO o.a.j.t.JMeterThread: Stop Thread seen for thread Thread Group 1-78, reason: org.apache.jorphan.util.JMeterStopThreadException: End of file:/Users/gimhuiheon/Documents/study/java-multi-threading/resources/throughput/search_words.csv detected for CSV DataSet:CSV Data Set Config configured with stopThread:true, recycle:false
2026-03-10 00:54:57,829 INFO o.a.j.t.JMeterThread: Thread finished: Thread Group 1-78
2026-03-10 00:54:57,829 INFO o.a.j.t.JMeterThread: Stop Thread seen for thread Thread Group 1-28, reason: org.apache.jorphan.util.JMeterStopThreadException: End of file:/Users/gimhuiheon/Documents/study/java-multi-threading/resources/throughput/search_words.csv detected for CSV DataSet:CSV Data Set Config configured with stopThread:true, recycle:false
2026-03-10 00:54:57,829 INFO o.a.j.t.JMeterThread: Thread finished: Thread Group 1-28
2026-03-10 00:54:57,829 INFO o.a.j.t.JMeterThread: Stop Thread seen for thread Thread Group 1-67, reason: org.apache.jorphan.util.JMeterStopThreadException: End of file:/Users/gimhuiheon/Documents/study/java-multi-threading/resources/throughput/search_words.csv detected for CSV DataSet:CSV Data Set Config configured with stopThread:true, recycle:false
2026-03-10 00:54:57,829 INFO o.a.j.t.JMeterThread: Thread finished: Thread Group 1-67
2026-03-10 00:54:57,829 INFO o.a.j.t.JMeterThread: Stop Thread seen for thread Thread Group 1-54, reason: org.apache.jorphan.util.JMeterStopThreadException: End of file:/Users/gimhuiheon/Documents/study/java-multi-threading/resources/throughput/search_words.csv detected for CSV DataSet:CSV Data Set Config configured with stopThread:true, recycle:false
2026-03-10 00:54:57,829 INFO o.a.j.t.JMeterThread: Thread finished: Thread Group 1-54
2026-03-10 00:54:57,831 INFO o.a.j.t.JMeterThread: Stop Thread seen for thread Thread Group 1-45, reason: org.apache.jorphan.util.JMeterStopThreadException: End of file:/Users/gimhuiheon/Documents/study/java-multi-threading/resources/throughput/search_words.csv detected for CSV DataSet:CSV Data Set Config configured with stopThread:true, recycle:false
2026-03-10 00:54:57,831 INFO o.a.j.t.JMeterThread: Thread finished: Thread Group 1-45
2026-03-10 00:54:57,831 INFO o.a.j.t.JMeterThread: Stop Thread seen for thread Thread Group 1-79, reason: org.apache.jorphan.util.JMeterStopThreadException: End of file:/Users/gimhuiheon/Documents/study/java-multi-threading/resources/throughput/search_words.csv detected for CSV DataSet:CSV Data Set Config configured with stopThread:true, recycle:false
2026-03-10 00:54:57,831 INFO o.a.j.t.JMeterThread: Thread finished: Thread Group 1-79
2026-03-10 00:54:57,832 INFO o.a.j.t.JMeterThread: Stop Thread seen for thread Thread Group 1-75, reason: org.apache.jorphan.util.JMeterStopThreadException: End of file:/Users/gimhuiheon/Documents/study/java-multi-threading/resources/throughput/search_words.csv detected for CSV DataSet:CSV Data Set Config configured with stopThread:true, recycle:false
2026-03-10 00:54:57,832 INFO o.a.j.t.JMeterThread: Thread finished: Thread Group 1-75
2026-03-10 00:54:57,832 INFO o.a.j.t.JMeterThread: Stop Thread seen for thread Thread Group 1-32, reason: org.apache.jorphan.util.JMeterStopThreadException: End of file:/Users/gimhuiheon/Documents/study/java-multi-threading/resources/throughput/search_words.csv detected for CSV DataSet:CSV Data Set Config configured with stopThread:true, recycle:false
2026-03-10 00:54:57,832 INFO o.a.j.t.JMeterThread: Thread finished: Thread Group 1-32
2026-03-10 00:54:57,834 INFO o.a.j.t.JMeterThread: Stop Thread seen for thread Thread Group 1-58, reason: org.apache.jorphan.util.JMeterStopThreadException: End of file:/Users/gimhuiheon/Documents/study/java-multi-threading/resources/throughput/search_words.csv detected for CSV DataSet:CSV Data Set Config configured with stopThread:true, recycle:false
2026-03-10 00:54:57,834 INFO o.a.j.t.JMeterThread: Thread finished: Thread Group 1-58
2026-03-10 00:54:57,835 INFO o.a.j.t.JMeterThread: Stop Thread seen for thread Thread Group 1-23, reason: org.apache.jorphan.util.JMeterStopThreadException: End of file:/Users/gimhuiheon/Documents/study/java-multi-threading/resources/throughput/search_words.csv detected for CSV DataSet:CSV Data Set Config configured with stopThread:true, recycle:false
2026-03-10 00:54:57,835 INFO o.a.j.t.JMeterThread: Thread finished: Thread Group 1-23
2026-03-10 00:54:57,835 INFO o.a.j.t.JMeterThread: Stop Thread seen for thread Thread Group 1-40, reason: org.apache.jorphan.util.JMeterStopThreadException: End of file:/Users/gimhuiheon/Documents/study/java-multi-threading/resources/throughput/search_words.csv detected for CSV DataSet:CSV Data Set Config configured with stopThread:true, recycle:false
2026-03-10 00:54:57,835 INFO o.a.j.t.JMeterThread: Thread finished: Thread Group 1-40
2026-03-10 00:54:57,837 INFO o.a.j.t.JMeterThread: Stop Thread seen for thread Thread Group 1-89, reason: org.apache.jorphan.util.JMeterStopThreadException: End of file:/Users/gimhuiheon/Documents/study/java-multi-threading/resources/throughput/search_words.csv detected for CSV DataSet:CSV Data Set Config configured with stopThread:true, recycle:false
2026-03-10 00:54:57,837 INFO o.a.j.t.JMeterThread: Thread finished: Thread Group 1-89
2026-03-10 00:54:57,837 INFO o.a.j.t.JMeterThread: Stop Thread seen for thread Thread Group 1-94, reason: org.apache.jorphan.util.JMeterStopThreadException: End of file:/Users/gimhuiheon/Documents/study/java-multi-threading/resources/throughput/search_words.csv detected for CSV DataSet:CSV Data Set Config configured with stopThread:true, recycle:false
2026-03-10 00:54:57,837 INFO o.a.j.t.JMeterThread: Thread finished: Thread Group 1-94
2026-03-10 00:54:57,838 INFO o.a.j.t.JMeterThread: Stop Thread seen for thread Thread Group 1-52, reason: org.apache.jorphan.util.JMeterStopThreadException: End of file:/Users/gimhuiheon/Documents/study/java-multi-threading/resources/throughput/search_words.csv detected for CSV DataSet:CSV Data Set Config configured with stopThread:true, recycle:false
2026-03-10 00:54:57,838 INFO o.a.j.t.JMeterThread: Thread finished: Thread Group 1-52
2026-03-10 00:54:57,839 INFO o.a.j.t.JMeterThread: Stop Thread seen for thread Thread Group 1-21, reason: org.apache.jorphan.util.JMeterStopThreadException: End of file:/Users/gimhuiheon/Documents/study/java-multi-threading/resources/throughput/search_words.csv detected for CSV DataSet:CSV Data Set Config configured with stopThread:true, recycle:false
2026-03-10 00:54:57,839 INFO o.a.j.t.JMeterThread: Thread finished: Thread Group 1-21
2026-03-10 00:54:57,840 INFO o.a.j.t.JMeterThread: Stop Thread seen for thread Thread Group 1-10, reason: org.apache.jorphan.util.JMeterStopThreadException: End of file:/Users/gimhuiheon/Documents/study/java-multi-threading/resources/throughput/search_words.csv detected for CSV DataSet:CSV Data Set Config configured with stopThread:true, recycle:false
2026-03-10 00:54:57,840 INFO o.a.j.t.JMeterThread: Thread finished: Thread Group 1-10
2026-03-10 00:54:57,841 INFO o.a.j.t.JMeterThread: Stop Thread seen for thread Thread Group 1-64, reason: org.apache.jorphan.util.JMeterStopThreadException: End of file:/Users/gimhuiheon/Documents/study/java-multi-threading/resources/throughput/search_words.csv detected for CSV DataSet:CSV Data Set Config configured with stopThread:true, recycle:false
2026-03-10 00:54:57,841 INFO o.a.j.t.JMeterThread: Thread finished: Thread Group 1-64
2026-03-10 00:54:57,841 INFO o.a.j.t.JMeterThread: Stop Thread seen for thread Thread Group 1-95, reason: org.apache.jorphan.util.JMeterStopThreadException: End of file:/Users/gimhuiheon/Documents/study/java-multi-threading/resources/throughput/search_words.csv detected for CSV DataSet:CSV Data Set Config configured with stopThread:true, recycle:false
2026-03-10 00:54:57,841 INFO o.a.j.t.JMeterThread: Thread finished: Thread Group 1-95
2026-03-10 00:54:57,844 INFO o.a.j.t.JMeterThread: Stop Thread seen for thread Thread Group 1-6, reason: org.apache.jorphan.util.JMeterStopThreadException: End of file:/Users/gimhuiheon/Documents/study/java-multi-threading/resources/throughput/search_words.csv detected for CSV DataSet:CSV Data Set Config configured with stopThread:true, recycle:false
2026-03-10 00:54:57,844 INFO o.a.j.t.JMeterThread: Thread finished: Thread Group 1-6
2026-03-10 00:54:57,844 INFO o.a.j.t.JMeterThread: Stop Thread seen for thread Thread Group 1-97, reason: org.apache.jorphan.util.JMeterStopThreadException: End of file:/Users/gimhuiheon/Documents/study/java-multi-threading/resources/throughput/search_words.csv detected for CSV DataSet:CSV Data Set Config configured with stopThread:true, recycle:false
2026-03-10 00:54:57,844 INFO o.a.j.t.JMeterThread: Thread finished: Thread Group 1-97
2026-03-10 00:54:57,844 INFO o.a.j.t.JMeterThread: Stop Thread seen for thread Thread Group 1-91, reason: org.apache.jorphan.util.JMeterStopThreadException: End of file:/Users/gimhuiheon/Documents/study/java-multi-threading/resources/throughput/search_words.csv detected for CSV DataSet:CSV Data Set Config configured with stopThread:true, recycle:false
2026-03-10 00:54:57,844 INFO o.a.j.t.JMeterThread: Thread finished: Thread Group 1-91
2026-03-10 00:54:57,845 INFO o.a.j.t.JMeterThread: Stop Thread seen for thread Thread Group 1-51, reason: org.apache.jorphan.util.JMeterStopThreadException: End of file:/Users/gimhuiheon/Documents/study/java-multi-threading/resources/throughput/search_words.csv detected for CSV DataSet:CSV Data Set Config configured with stopThread:true, recycle:false
2026-03-10 00:54:57,845 INFO o.a.j.t.JMeterThread: Thread finished: Thread Group 1-51
2026-03-10 00:54:57,847 INFO o.a.j.t.JMeterThread: Stop Thread seen for thread Thread Group 1-41, reason: org.apache.jorphan.util.JMeterStopThreadException: End of file:/Users/gimhuiheon/Documents/study/java-multi-threading/resources/throughput/search_words.csv detected for CSV DataSet:CSV Data Set Config configured with stopThread:true, recycle:false
2026-03-10 00:54:57,847 INFO o.a.j.t.JMeterThread: Thread finished: Thread Group 1-41
2026-03-10 00:54:57,848 INFO o.a.j.t.JMeterThread: Stop Thread seen for thread Thread Group 1-85, reason: org.apache.jorphan.util.JMeterStopThreadException: End of file:/Users/gimhuiheon/Documents/study/java-multi-threading/resources/throughput/search_words.csv detected for CSV DataSet:CSV Data Set Config configured with stopThread:true, recycle:false
2026-03-10 00:54:57,848 INFO o.a.j.t.JMeterThread: Thread finished: Thread Group 1-85
2026-03-10 00:54:57,848 INFO o.a.j.t.JMeterThread: Stop Thread seen for thread Thread Group 1-44, reason: org.apache.jorphan.util.JMeterStopThreadException: End of file:/Users/gimhuiheon/Documents/study/java-multi-threading/resources/throughput/search_words.csv detected for CSV DataSet:CSV Data Set Config configured with stopThread:true, recycle:false
2026-03-10 00:54:57,848 INFO o.a.j.t.JMeterThread: Thread finished: Thread Group 1-44
2026-03-10 00:54:57,848 INFO o.a.j.t.JMeterThread: Stop Thread seen for thread Thread Group 1-33, reason: org.apache.jorphan.util.JMeterStopThreadException: End of file:/Users/gimhuiheon/Documents/study/java-multi-threading/resources/throughput/search_words.csv detected for CSV DataSet:CSV Data Set Config configured with stopThread:true, recycle:false
2026-03-10 00:54:57,848 INFO o.a.j.t.JMeterThread: Thread finished: Thread Group 1-33
2026-03-10 00:54:57,851 INFO o.a.j.t.JMeterThread: Stop Thread seen for thread Thread Group 1-71, reason: org.apache.jorphan.util.JMeterStopThreadException: End of file:/Users/gimhuiheon/Documents/study/java-multi-threading/resources/throughput/search_words.csv detected for CSV DataSet:CSV Data Set Config configured with stopThread:true, recycle:false
2026-03-10 00:54:57,851 INFO o.a.j.t.JMeterThread: Thread finished: Thread Group 1-71
2026-03-10 00:54:57,851 INFO o.a.j.t.JMeterThread: Stop Thread seen for thread Thread Group 1-76, reason: org.apache.jorphan.util.JMeterStopThreadException: End of file:/Users/gimhuiheon/Documents/study/java-multi-threading/resources/throughput/search_words.csv detected for CSV DataSet:CSV Data Set Config configured with stopThread:true, recycle:false
2026-03-10 00:54:57,851 INFO o.a.j.t.JMeterThread: Thread finished: Thread Group 1-76
2026-03-10 00:54:57,852 INFO o.a.j.t.JMeterThread: Stop Thread seen for thread Thread Group 1-96, reason: org.apache.jorphan.util.JMeterStopThreadException: End of file:/Users/gimhuiheon/Documents/study/java-multi-threading/resources/throughput/search_words.csv detected for CSV DataSet:CSV Data Set Config configured with stopThread:true, recycle:false
2026-03-10 00:54:57,852 INFO o.a.j.t.JMeterThread: Thread finished: Thread Group 1-96
2026-03-10 00:54:57,852 INFO o.a.j.t.JMeterThread: Stop Thread seen for thread Thread Group 1-60, reason: org.apache.jorphan.util.JMeterStopThreadException: End of file:/Users/gimhuiheon/Documents/study/java-multi-threading/resources/throughput/search_words.csv detected for CSV DataSet:CSV Data Set Config configured with stopThread:true, recycle:false
2026-03-10 00:54:57,852 INFO o.a.j.t.JMeterThread: Thread finished: Thread Group 1-60
2026-03-10 00:54:57,854 INFO o.a.j.t.JMeterThread: Stop Thread seen for thread Thread Group 1-26, reason: org.apache.jorphan.util.JMeterStopThreadException: End of file:/Users/gimhuiheon/Documents/study/java-multi-threading/resources/throughput/search_words.csv detected for CSV DataSet:CSV Data Set Config configured with stopThread:true, recycle:false
2026-03-10 00:54:57,854 INFO o.a.j.t.JMeterThread: Thread finished: Thread Group 1-26
2026-03-10 00:54:57,854 INFO o.a.j.t.JMeterThread: Stop Thread seen for thread Thread Group 1-4, reason: org.apache.jorphan.util.JMeterStopThreadException: End of file:/Users/gimhuiheon/Documents/study/java-multi-threading/resources/throughput/search_words.csv detected for CSV DataSet:CSV Data Set Config configured with stopThread:true, recycle:false
2026-03-10 00:54:57,854 INFO o.a.j.t.JMeterThread: Thread finished: Thread Group 1-4
2026-03-10 00:54:57,855 INFO o.a.j.t.JMeterThread: Stop Thread seen for thread Thread Group 1-14, reason: org.apache.jorphan.util.JMeterStopThreadException: End of file:/Users/gimhuiheon/Documents/study/java-multi-threading/resources/throughput/search_words.csv detected for CSV DataSet:CSV Data Set Config configured with stopThread:true, recycle:false
2026-03-10 00:54:57,855 INFO o.a.j.t.JMeterThread: Thread finished: Thread Group 1-14
2026-03-10 00:54:57,855 INFO o.a.j.t.JMeterThread: Stop Thread seen for thread Thread Group 1-77, reason: org.apache.jorphan.util.JMeterStopThreadException: End of file:/Users/gimhuiheon/Documents/study/java-multi-threading/resources/throughput/search_words.csv detected for CSV DataSet:CSV Data Set Config configured with stopThread:true, recycle:false
2026-03-10 00:54:57,855 INFO o.a.j.t.JMeterThread: Thread finished: Thread Group 1-77
2026-03-10 00:54:57,857 INFO o.a.j.t.JMeterThread: Stop Thread seen for thread Thread Group 1-20, reason: org.apache.jorphan.util.JMeterStopThreadException: End of file:/Users/gimhuiheon/Documents/study/java-multi-threading/resources/throughput/search_words.csv detected for CSV DataSet:CSV Data Set Config configured with stopThread:true, recycle:false
2026-03-10 00:54:57,857 INFO o.a.j.t.JMeterThread: Thread finished: Thread Group 1-20
2026-03-10 00:54:57,858 INFO o.a.j.t.JMeterThread: Stop Thread seen for thread Thread Group 1-31, reason: org.apache.jorphan.util.JMeterStopThreadException: End of file:/Users/gimhuiheon/Documents/study/java-multi-threading/resources/throughput/search_words.csv detected for CSV DataSet:CSV Data Set Config configured with stopThread:true, recycle:false
2026-03-10 00:54:57,858 INFO o.a.j.t.JMeterThread: Thread finished: Thread Group 1-31
2026-03-10 00:54:57,858 INFO o.a.j.t.JMeterThread: Stop Thread seen for thread Thread Group 1-68, reason: org.apache.jorphan.util.JMeterStopThreadException: End of file:/Users/gimhuiheon/Documents/study/java-multi-threading/resources/throughput/search_words.csv detected for CSV DataSet:CSV Data Set Config configured with stopThread:true, recycle:false
2026-03-10 00:54:57,858 INFO o.a.j.t.JMeterThread: Thread finished: Thread Group 1-68
2026-03-10 00:54:57,859 INFO o.a.j.t.JMeterThread: Stop Thread seen for thread Thread Group 1-80, reason: org.apache.jorphan.util.JMeterStopThreadException: End of file:/Users/gimhuiheon/Documents/study/java-multi-threading/resources/throughput/search_words.csv detected for CSV DataSet:CSV Data Set Config configured with stopThread:true, recycle:false
2026-03-10 00:54:57,859 INFO o.a.j.t.JMeterThread: Thread finished: Thread Group 1-80
2026-03-10 00:54:57,861 INFO o.a.j.t.JMeterThread: Stop Thread seen for thread Thread Group 1-55, reason: org.apache.jorphan.util.JMeterStopThreadException: End of file:/Users/gimhuiheon/Documents/study/java-multi-threading/resources/throughput/search_words.csv detected for CSV DataSet:CSV Data Set Config configured with stopThread:true, recycle:false
2026-03-10 00:54:57,861 INFO o.a.j.t.JMeterThread: Thread finished: Thread Group 1-55
2026-03-10 00:54:57,861 INFO o.a.j.t.JMeterThread: Stop Thread seen for thread Thread Group 1-37, reason: org.apache.jorphan.util.JMeterStopThreadException: End of file:/Users/gimhuiheon/Documents/study/java-multi-threading/resources/throughput/search_words.csv detected for CSV DataSet:CSV Data Set Config configured with stopThread:true, recycle:false
2026-03-10 00:54:57,861 INFO o.a.j.t.JMeterThread: Thread finished: Thread Group 1-37
2026-03-10 00:54:57,862 INFO o.a.j.t.JMeterThread: Stop Thread seen for thread Thread Group 1-11, reason: org.apache.jorphan.util.JMeterStopThreadException: End of file:/Users/gimhuiheon/Documents/study/java-multi-threading/resources/throughput/search_words.csv detected for CSV DataSet:CSV Data Set Config configured with stopThread:true, recycle:false
2026-03-10 00:54:57,862 INFO o.a.j.t.JMeterThread: Thread finished: Thread Group 1-11
2026-03-10 00:54:57,863 INFO o.a.j.t.JMeterThread: Stop Thread seen for thread Thread Group 1-63, reason: org.apache.jorphan.util.JMeterStopThreadException: End of file:/Users/gimhuiheon/Documents/study/java-multi-threading/resources/throughput/search_words.csv detected for CSV DataSet:CSV Data Set Config configured with stopThread:true, recycle:false
2026-03-10 00:54:57,863 INFO o.a.j.t.JMeterThread: Thread finished: Thread Group 1-63
2026-03-10 00:54:57,864 INFO o.a.j.t.JMeterThread: Stop Thread seen for thread Thread Group 1-47, reason: org.apache.jorphan.util.JMeterStopThreadException: End of file:/Users/gimhuiheon/Documents/study/java-multi-threading/resources/throughput/search_words.csv detected for CSV DataSet:CSV Data Set Config configured with stopThread:true, recycle:false
2026-03-10 00:54:57,864 INFO o.a.j.t.JMeterThread: Thread finished: Thread Group 1-47
2026-03-10 00:54:57,864 INFO o.a.j.t.JMeterThread: Stop Thread seen for thread Thread Group 1-84, reason: org.apache.jorphan.util.JMeterStopThreadException: End of file:/Users/gimhuiheon/Documents/study/java-multi-threading/resources/throughput/search_words.csv detected for CSV DataSet:CSV Data Set Config configured with stopThread:true, recycle:false
2026-03-10 00:54:57,864 INFO o.a.j.t.JMeterThread: Thread finished: Thread Group 1-84
2026-03-10 00:54:57,865 INFO o.a.j.t.JMeterThread: Stop Thread seen for thread Thread Group 1-90, reason: org.apache.jorphan.util.JMeterStopThreadException: End of file:/Users/gimhuiheon/Documents/study/java-multi-threading/resources/throughput/search_words.csv detected for CSV DataSet:CSV Data Set Config configured with stopThread:true, recycle:false
2026-03-10 00:54:57,865 INFO o.a.j.t.JMeterThread: Thread finished: Thread Group 1-90
2026-03-10 00:54:57,866 INFO o.a.j.t.JMeterThread: Stop Thread seen for thread Thread Group 1-72, reason: org.apache.jorphan.util.JMeterStopThreadException: End of file:/Users/gimhuiheon/Documents/study/java-multi-threading/resources/throughput/search_words.csv detected for CSV DataSet:CSV Data Set Config configured with stopThread:true, recycle:false
2026-03-10 00:54:57,866 INFO o.a.j.t.JMeterThread: Thread finished: Thread Group 1-72
2026-03-10 00:54:57,868 INFO o.a.j.t.JMeterThread: Stop Thread seen for thread Thread Group 1-36, reason: org.apache.jorphan.util.JMeterStopThreadException: End of file:/Users/gimhuiheon/Documents/study/java-multi-threading/resources/throughput/search_words.csv detected for CSV DataSet:CSV Data Set Config configured with stopThread:true, recycle:false
2026-03-10 00:54:57,868 INFO o.a.j.t.JMeterThread: Thread finished: Thread Group 1-36
2026-03-10 00:54:57,868 INFO o.a.j.t.JMeterThread: Stop Thread seen for thread Thread Group 1-59, reason: org.apache.jorphan.util.JMeterStopThreadException: End of file:/Users/gimhuiheon/Documents/study/java-multi-threading/resources/throughput/search_words.csv detected for CSV DataSet:CSV Data Set Config configured with stopThread:true, recycle:false
2026-03-10 00:54:57,868 INFO o.a.j.t.JMeterThread: Thread finished: Thread Group 1-59
2026-03-10 00:54:57,868 INFO o.a.j.t.JMeterThread: Stop Thread seen for thread Thread Group 1-8, reason: org.apache.jorphan.util.JMeterStopThreadException: End of file:/Users/gimhuiheon/Documents/study/java-multi-threading/resources/throughput/search_words.csv detected for CSV DataSet:CSV Data Set Config configured with stopThread:true, recycle:false
2026-03-10 00:54:57,872 INFO o.a.j.t.JMeterThread: Thread finished: Thread Group 1-8
2026-03-10 00:54:57,872 INFO o.a.j.t.JMeterThread: Stop Thread seen for thread Thread Group 1-22, reason: org.apache.jorphan.util.JMeterStopThreadException: End of file:/Users/gimhuiheon/Documents/study/java-multi-threading/resources/throughput/search_words.csv detected for CSV DataSet:CSV Data Set Config configured with stopThread:true, recycle:false
2026-03-10 00:54:57,873 INFO o.a.j.t.JMeterThread: Thread finished: Thread Group 1-22
2026-03-10 00:54:57,872 INFO o.a.j.t.JMeterThread: Stop Thread seen for thread Thread Group 1-56, reason: org.apache.jorphan.util.JMeterStopThreadException: End of file:/Users/gimhuiheon/Documents/study/java-multi-threading/resources/throughput/search_words.csv detected for CSV DataSet:CSV Data Set Config configured with stopThread:true, recycle:false
2026-03-10 00:54:57,873 INFO o.a.j.t.JMeterThread: Thread finished: Thread Group 1-56
2026-03-10 00:54:57,872 INFO o.a.j.t.JMeterThread: Stop Thread seen for thread Thread Group 1-15, reason: org.apache.jorphan.util.JMeterStopThreadException: End of file:/Users/gimhuiheon/Documents/study/java-multi-threading/resources/throughput/search_words.csv detected for CSV DataSet:CSV Data Set Config configured with stopThread:true, recycle:false
2026-03-10 00:54:57,871 INFO o.a.j.t.JMeterThread: Stop Thread seen for thread Thread Group 1-5, reason: org.apache.jorphan.util.JMeterStopThreadException: End of file:/Users/gimhuiheon/Documents/study/java-multi-threading/resources/throughput/search_words.csv detected for CSV DataSet:CSV Data Set Config configured with stopThread:true, recycle:false
2026-03-10 00:54:57,873 INFO o.a.j.t.JMeterThread: Thread finished: Thread Group 1-5
2026-03-10 00:54:57,873 INFO o.a.j.t.JMeterThread: Thread finished: Thread Group 1-15
2026-03-10 00:54:57,870 INFO o.a.j.t.JMeterThread: Stop Thread seen for thread Thread Group 1-12, reason: org.apache.jorphan.util.JMeterStopThreadException: End of file:/Users/gimhuiheon/Documents/study/java-multi-threading/resources/throughput/search_words.csv detected for CSV DataSet:CSV Data Set Config configured with stopThread:true, recycle:false
2026-03-10 00:54:57,873 INFO o.a.j.t.JMeterThread: Thread finished: Thread Group 1-12
2026-03-10 00:54:57,870 INFO o.a.j.t.JMeterThread: Stop Thread seen for thread Thread Group 1-29, reason: org.apache.jorphan.util.JMeterStopThreadException: End of file:/Users/gimhuiheon/Documents/study/java-multi-threading/resources/throughput/search_words.csv detected for CSV DataSet:CSV Data Set Config configured with stopThread:true, recycle:false
2026-03-10 00:54:57,873 INFO o.a.j.t.JMeterThread: Stop Thread seen for thread Thread Group 1-42, reason: org.apache.jorphan.util.JMeterStopThreadException: End of file:/Users/gimhuiheon/Documents/study/java-multi-threading/resources/throughput/search_words.csv detected for CSV DataSet:CSV Data Set Config configured with stopThread:true, recycle:false
2026-03-10 00:54:57,870 INFO o.a.j.t.JMeterThread: Stop Thread seen for thread Thread Group 1-27, reason: org.apache.jorphan.util.JMeterStopThreadException: End of file:/Users/gimhuiheon/Documents/study/java-multi-threading/resources/throughput/search_words.csv detected for CSV DataSet:CSV Data Set Config configured with stopThread:true, recycle:false
2026-03-10 00:54:57,873 INFO o.a.j.t.JMeterThread: Thread finished: Thread Group 1-42
2026-03-10 00:54:57,869 INFO o.a.j.t.JMeterThread: Stop Thread seen for thread Thread Group 1-35, reason: org.apache.jorphan.util.JMeterStopThreadException: End of file:/Users/gimhuiheon/Documents/study/java-multi-threading/resources/throughput/search_words.csv detected for CSV DataSet:CSV Data Set Config configured with stopThread:true, recycle:false
2026-03-10 00:54:57,873 INFO o.a.j.t.JMeterThread: Thread finished: Thread Group 1-27
2026-03-10 00:54:57,874 INFO o.a.j.t.JMeterThread: Thread finished: Thread Group 1-35
2026-03-10 00:54:57,874 INFO o.a.j.t.JMeterThread: Thread finished: Thread Group 1-29
2026-03-10 00:54:57,874 INFO o.a.j.t.JMeterThread: Stop Thread seen for thread Thread Group 1-66, reason: org.apache.jorphan.util.JMeterStopThreadException: End of file:/Users/gimhuiheon/Documents/study/java-multi-threading/resources/throughput/search_words.csv detected for CSV DataSet:CSV Data Set Config configured with stopThread:true, recycle:false
2026-03-10 00:54:57,874 INFO o.a.j.t.JMeterThread: Thread finished: Thread Group 1-66
2026-03-10 00:54:57,874 INFO o.a.j.t.JMeterThread: Stop Thread seen for thread Thread Group 1-7, reason: org.apache.jorphan.util.JMeterStopThreadException: End of file:/Users/gimhuiheon/Documents/study/java-multi-threading/resources/throughput/search_words.csv detected for CSV DataSet:CSV Data Set Config configured with stopThread:true, recycle:false
2026-03-10 00:54:57,874 INFO o.a.j.t.JMeterThread: Thread finished: Thread Group 1-7
2026-03-10 00:54:57,874 INFO o.a.j.t.JMeterThread: Stop Thread seen for thread Thread Group 1-82, reason: org.apache.jorphan.util.JMeterStopThreadException: End of file:/Users/gimhuiheon/Documents/study/java-multi-threading/resources/throughput/search_words.csv detected for CSV DataSet:CSV Data Set Config configured with stopThread:true, recycle:false
2026-03-10 00:54:57,874 INFO o.a.j.t.JMeterThread: Thread finished: Thread Group 1-82
2026-03-10 00:54:57,876 INFO o.a.j.t.JMeterThread: Stop Thread seen for thread Thread Group 1-25, reason: org.apache.jorphan.util.JMeterStopThreadException: End of file:/Users/gimhuiheon/Documents/study/java-multi-threading/resources/throughput/search_words.csv detected for CSV DataSet:CSV Data Set Config configured with stopThread:true, recycle:false
2026-03-10 00:54:57,876 INFO o.a.j.t.JMeterThread: Thread finished: Thread Group 1-25
2026-03-10 00:54:57,876 INFO o.a.j.t.JMeterThread: Stop Thread seen for thread Thread Group 1-93, reason: org.apache.jorphan.util.JMeterStopThreadException: End of file:/Users/gimhuiheon/Documents/study/java-multi-threading/resources/throughput/search_words.csv detected for CSV DataSet:CSV Data Set Config configured with stopThread:true, recycle:false
2026-03-10 00:54:57,876 INFO o.a.j.t.JMeterThread: Thread finished: Thread Group 1-93
2026-03-10 00:54:57,877 INFO o.a.j.t.JMeterThread: Stop Thread seen for thread Thread Group 1-9, reason: org.apache.jorphan.util.JMeterStopThreadException: End of file:/Users/gimhuiheon/Documents/study/java-multi-threading/resources/throughput/search_words.csv detected for CSV DataSet:CSV Data Set Config configured with stopThread:true, recycle:false
2026-03-10 00:54:57,877 INFO o.a.j.t.JMeterThread: Thread finished: Thread Group 1-9
2026-03-10 00:54:57,877 INFO o.a.j.t.JMeterThread: Stop Thread seen for thread Thread Group 1-99, reason: org.apache.jorphan.util.JMeterStopThreadException: End of file:/Users/gimhuiheon/Documents/study/java-multi-threading/resources/throughput/search_words.csv detected for CSV DataSet:CSV Data Set Config configured with stopThread:true, recycle:false
2026-03-10 00:54:57,877 INFO o.a.j.t.JMeterThread: Thread finished: Thread Group 1-99
2026-03-10 00:54:57,878 INFO o.a.j.t.JMeterThread: Stop Thread seen for thread Thread Group 1-57, reason: org.apache.jorphan.util.JMeterStopThreadException: End of file:/Users/gimhuiheon/Documents/study/java-multi-threading/resources/throughput/search_words.csv detected for CSV DataSet:CSV Data Set Config configured with stopThread:true, recycle:false
2026-03-10 00:54:57,878 INFO o.a.j.t.JMeterThread: Thread finished: Thread Group 1-57
2026-03-10 00:54:57,878 INFO o.a.j.t.JMeterThread: Stop Thread seen for thread Thread Group 1-50, reason: org.apache.jorphan.util.JMeterStopThreadException: End of file:/Users/gimhuiheon/Documents/study/java-multi-threading/resources/throughput/search_words.csv detected for CSV DataSet:CSV Data Set Config configured with stopThread:true, recycle:false
2026-03-10 00:54:57,878 INFO o.a.j.t.JMeterThread: Thread finished: Thread Group 1-50
2026-03-10 00:54:57,879 INFO o.a.j.t.JMeterThread: Stop Thread seen for thread Thread Group 1-2, reason: org.apache.jorphan.util.JMeterStopThreadException: End of file:/Users/gimhuiheon/Documents/study/java-multi-threading/resources/throughput/search_words.csv detected for CSV DataSet:CSV Data Set Config configured with stopThread:true, recycle:false
2026-03-10 00:54:57,879 INFO o.a.j.t.JMeterThread: Thread finished: Thread Group 1-2
2026-03-10 00:54:57,879 INFO o.a.j.t.JMeterThread: Stop Thread seen for thread Thread Group 1-61, reason: org.apache.jorphan.util.JMeterStopThreadException: End of file:/Users/gimhuiheon/Documents/study/java-multi-threading/resources/throughput/search_words.csv detected for CSV DataSet:CSV Data Set Config configured with stopThread:true, recycle:false
2026-03-10 00:54:57,879 INFO o.a.j.t.JMeterThread: Thread finished: Thread Group 1-61
2026-03-10 00:54:57,880 INFO o.a.j.t.JMeterThread: Stop Thread seen for thread Thread Group 1-87, reason: org.apache.jorphan.util.JMeterStopThreadException: End of file:/Users/gimhuiheon/Documents/study/java-multi-threading/resources/throughput/search_words.csv detected for CSV DataSet:CSV Data Set Config configured with stopThread:true, recycle:false
2026-03-10 00:54:57,880 INFO o.a.j.t.JMeterThread: Thread finished: Thread Group 1-87
2026-03-10 00:54:57,881 INFO o.a.j.t.JMeterThread: Stop Thread seen for thread Thread Group 1-24, reason: org.apache.jorphan.util.JMeterStopThreadException: End of file:/Users/gimhuiheon/Documents/study/java-multi-threading/resources/throughput/search_words.csv detected for CSV DataSet:CSV Data Set Config configured with stopThread:true, recycle:false
2026-03-10 00:54:57,881 INFO o.a.j.t.JMeterThread: Thread finished: Thread Group 1-24
2026-03-10 00:54:57,882 INFO o.a.j.t.JMeterThread: Stop Thread seen for thread Thread Group 1-3, reason: org.apache.jorphan.util.JMeterStopThreadException: End of file:/Users/gimhuiheon/Documents/study/java-multi-threading/resources/throughput/search_words.csv detected for CSV DataSet:CSV Data Set Config configured with stopThread:true, recycle:false
2026-03-10 00:54:57,882 INFO o.a.j.t.JMeterThread: Thread finished: Thread Group 1-3
2026-03-10 00:54:57,882 INFO o.a.j.t.JMeterThread: Stop Thread seen for thread Thread Group 1-98, reason: org.apache.jorphan.util.JMeterStopThreadException: End of file:/Users/gimhuiheon/Documents/study/java-multi-threading/resources/throughput/search_words.csv detected for CSV DataSet:CSV Data Set Config configured with stopThread:true, recycle:false
2026-03-10 00:54:57,882 INFO o.a.j.t.JMeterThread: Thread finished: Thread Group 1-98
2026-03-10 00:54:57,882 INFO o.a.j.e.StandardJMeterEngine: Notifying test listeners of end of test
2026-03-10 00:54:57,882 INFO o.a.j.s.FileServer: Close: /Users/gimhuiheon/Documents/study/java-multi-threading/resources/throughput/search_words.csv
2026-03-10 00:54:57,882 INFO o.a.j.g.u.JMeterMenuBar: setRunning(false, *local*)
2026-03-10 00:54:59,382 INFO o.a.j.e.StandardJMeterEngine: Running the test!
2026-03-10 00:54:59,383 INFO o.a.j.s.SampleEvent: List of sample_variables: []
2026-03-10 00:54:59,383 INFO o.a.j.g.u.JMeterMenuBar: setRunning(true, *local*)
2026-03-10 00:54:59,409 INFO o.a.j.e.StandardJMeterEngine: Starting ThreadGroup: 1 : Thread Group
2026-03-10 00:54:59,409 INFO o.a.j.e.StandardJMeterEngine: Starting 100 threads for group Thread Group.
2026-03-10 00:54:59,409 INFO o.a.j.e.StandardJMeterEngine: Thread will continue on error
2026-03-10 00:54:59,409 INFO o.a.j.t.ThreadGroup: Starting thread group... number=1 threads=100 ramp-up=1 delayedStart=false
2026-03-10 00:54:59,410 INFO o.a.j.t.JMeterThread: Thread started: Thread Group 1-1
2026-03-10 00:54:59,410 INFO o.a.j.s.FileServer: Stored: /Users/gimhuiheon/Documents/study/java-multi-threading/resources/throughput/search_words.csv
2026-03-10 00:54:59,417 INFO o.a.j.t.ThreadGroup: Started thread group number 1
2026-03-10 00:54:59,417 INFO o.a.j.e.StandardJMeterEngine: All thread groups have been started
2026-03-10 00:54:59,422 INFO o.a.j.t.JMeterThread: Thread started: Thread Group 1-2
2026-03-10 00:54:59,433 INFO o.a.j.t.JMeterThread: Thread started: Thread Group 1-3
2026-03-10 00:54:59,440 INFO o.a.j.t.JMeterThread: Thread started: Thread Group 1-4
2026-03-10 00:54:59,451 INFO o.a.j.t.JMeterThread: Thread started: Thread Group 1-5
2026-03-10 00:54:59,461 INFO o.a.j.t.JMeterThread: Thread started: Thread Group 1-6
2026-03-10 00:54:59,473 INFO o.a.j.t.JMeterThread: Thread started: Thread Group 1-7
2026-03-10 00:54:59,481 INFO o.a.j.t.JMeterThread: Thread started: Thread Group 1-8
2026-03-10 00:54:59,490 INFO o.a.j.t.JMeterThread: Thread started: Thread Group 1-9
2026-03-10 00:54:59,504 INFO o.a.j.t.JMeterThread: Thread started: Thread Group 1-10
2026-03-10 00:54:59,514 INFO o.a.j.t.JMeterThread: Thread started: Thread Group 1-11
2026-03-10 00:54:59,525 INFO o.a.j.t.JMeterThread: Thread started: Thread Group 1-12
2026-03-10 00:54:59,532 INFO o.a.j.t.JMeterThread: Thread started: Thread Group 1-13
2026-03-10 00:54:59,540 INFO o.a.j.t.JMeterThread: Thread started: Thread Group 1-14
2026-03-10 00:54:59,551 INFO o.a.j.t.JMeterThread: Thread started: Thread Group 1-15
2026-03-10 00:54:59,564 INFO o.a.j.t.JMeterThread: Thread started: Thread Group 1-16
2026-03-10 00:54:59,573 INFO o.a.j.t.JMeterThread: Thread started: Thread Group 1-17
2026-03-10 00:54:59,582 INFO o.a.j.t.JMeterThread: Thread started: Thread Group 1-18
2026-03-10 00:54:59,594 INFO o.a.j.t.JMeterThread: Thread started: Thread Group 1-19
2026-03-10 00:54:59,604 INFO o.a.j.t.JMeterThread: Thread started: Thread Group 1-20
2026-03-10 00:54:59,611 INFO o.a.j.t.JMeterThread: Thread started: Thread Group 1-21
2026-03-10 00:54:59,624 INFO o.a.j.t.JMeterThread: Thread started: Thread Group 1-22
2026-03-10 00:54:59,634 INFO o.a.j.t.JMeterThread: Thread started: Thread Group 1-23
2026-03-10 00:54:59,644 INFO o.a.j.t.JMeterThread: Thread started: Thread Group 1-24
2026-03-10 00:54:59,655 INFO o.a.j.t.JMeterThread: Thread started: Thread Group 1-25
2026-03-10 00:54:59,664 INFO o.a.j.t.JMeterThread: Thread started: Thread Group 1-26
2026-03-10 00:54:59,673 INFO o.a.j.t.JMeterThread: Thread started: Thread Group 1-27
2026-03-10 00:54:59,685 INFO o.a.j.t.JMeterThread: Thread started: Thread Group 1-28
2026-03-10 00:54:59,695 INFO o.a.j.t.JMeterThread: Thread started: Thread Group 1-29
2026-03-10 00:54:59,704 INFO o.a.j.t.JMeterThread: Thread started: Thread Group 1-30
2026-03-10 00:54:59,714 INFO o.a.j.t.JMeterThread: Thread started: Thread Group 1-31
2026-03-10 00:54:59,724 INFO o.a.j.t.JMeterThread: Thread started: Thread Group 1-32
2026-03-10 00:54:59,734 INFO o.a.j.t.JMeterThread: Thread started: Thread Group 1-33
2026-03-10 00:54:59,740 INFO o.a.j.t.JMeterThread: Thread started: Thread Group 1-34
2026-03-10 00:54:59,754 INFO o.a.j.t.JMeterThread: Thread started: Thread Group 1-35
2026-03-10 00:54:59,764 INFO o.a.j.t.JMeterThread: Thread started: Thread Group 1-36
2026-03-10 00:54:59,774 INFO o.a.j.t.JMeterThread: Thread started: Thread Group 1-37
2026-03-10 00:54:59,784 INFO o.a.j.t.JMeterThread: Thread started: Thread Group 1-38
2026-03-10 00:54:59,794 INFO o.a.j.t.JMeterThread: Thread started: Thread Group 1-39
2026-03-10 00:54:59,799 INFO o.a.j.t.JMeterThread: Thread started: Thread Group 1-40
2026-03-10 00:54:59,814 INFO o.a.j.t.JMeterThread: Thread started: Thread Group 1-41
2026-03-10 00:54:59,824 INFO o.a.j.t.JMeterThread: Thread started: Thread Group 1-42
2026-03-10 00:54:59,834 INFO o.a.j.t.JMeterThread: Thread started: Thread Group 1-43
2026-03-10 00:54:59,840 INFO o.a.j.t.JMeterThread: Thread started: Thread Group 1-44
2026-03-10 00:54:59,854 INFO o.a.j.t.JMeterThread: Thread started: Thread Group 1-45
2026-03-10 00:54:59,864 INFO o.a.j.t.JMeterThread: Thread started: Thread Group 1-46
2026-03-10 00:54:59,873 INFO o.a.j.t.JMeterThread: Thread started: Thread Group 1-47
2026-03-10 00:54:59,885 INFO o.a.j.t.JMeterThread: Thread started: Thread Group 1-48
2026-03-10 00:54:59,889 INFO o.a.j.t.JMeterThread: Thread started: Thread Group 1-49
2026-03-10 00:54:59,899 INFO o.a.j.t.JMeterThread: Thread started: Thread Group 1-50
2026-03-10 00:54:59,914 INFO o.a.j.t.JMeterThread: Thread started: Thread Group 1-51
2026-03-10 00:54:59,923 INFO o.a.j.t.JMeterThread: Thread started: Thread Group 1-52
2026-03-10 00:54:59,932 INFO o.a.j.t.JMeterThread: Thread started: Thread Group 1-53
2026-03-10 00:54:59,940 INFO o.a.j.t.JMeterThread: Thread started: Thread Group 1-54
2026-03-10 00:54:59,954 INFO o.a.j.t.JMeterThread: Thread started: Thread Group 1-55
2026-03-10 00:54:59,964 INFO o.a.j.t.JMeterThread: Thread started: Thread Group 1-56
2026-03-10 00:54:59,973 INFO o.a.j.t.JMeterThread: Thread started: Thread Group 1-57
2026-03-10 00:54:59,982 INFO o.a.j.t.JMeterThread: Thread started: Thread Group 1-58
2026-03-10 00:54:59,990 INFO o.a.j.t.JMeterThread: Thread started: Thread Group 1-59
2026-03-10 00:55:00,001 INFO o.a.j.t.JMeterThread: Thread started: Thread Group 1-60
2026-03-10 00:55:00,014 INFO o.a.j.t.JMeterThread: Thread started: Thread Group 1-61
2026-03-10 00:55:00,024 INFO o.a.j.t.JMeterThread: Thread started: Thread Group 1-62
2026-03-10 00:55:00,034 INFO o.a.j.t.JMeterThread: Thread started: Thread Group 1-63
2026-03-10 00:55:00,045 INFO o.a.j.t.JMeterThread: Thread started: Thread Group 1-64
2026-03-10 00:55:00,051 INFO o.a.j.t.JMeterThread: Thread started: Thread Group 1-65
2026-03-10 00:55:00,062 INFO o.a.j.t.JMeterThread: Thread started: Thread Group 1-66
2026-03-10 00:55:00,073 INFO o.a.j.t.JMeterThread: Thread started: Thread Group 1-67
2026-03-10 00:55:00,082 INFO o.a.j.t.JMeterThread: Thread started: Thread Group 1-68
2026-03-10 00:55:00,090 INFO o.a.j.t.JMeterThread: Thread started: Thread Group 1-69
2026-03-10 00:55:00,099 INFO o.a.j.t.JMeterThread: Thread started: Thread Group 1-70
2026-03-10 00:55:00,114 INFO o.a.j.t.JMeterThread: Thread started: Thread Group 1-71
2026-03-10 00:55:00,124 INFO o.a.j.t.JMeterThread: Thread started: Thread Group 1-72
2026-03-10 00:55:00,132 INFO o.a.j.t.JMeterThread: Thread started: Thread Group 1-73
2026-03-10 00:55:00,139 INFO o.a.j.t.JMeterThread: Thread started: Thread Group 1-74
2026-03-10 00:55:00,149 INFO o.a.j.t.JMeterThread: Thread started: Thread Group 1-75
2026-03-10 00:55:00,159 INFO o.a.j.t.JMeterThread: Thread started: Thread Group 1-76
2026-03-10 00:55:00,173 INFO o.a.j.t.JMeterThread: Thread started: Thread Group 1-77
2026-03-10 00:55:00,182 INFO o.a.j.t.JMeterThread: Thread started: Thread Group 1-78
2026-03-10 00:55:00,194 INFO o.a.j.t.JMeterThread: Thread started: Thread Group 1-79
2026-03-10 00:55:00,199 INFO o.a.j.t.JMeterThread: Thread started: Thread Group 1-80
2026-03-10 00:55:00,214 INFO o.a.j.t.JMeterThread: Thread started: Thread Group 1-81
2026-03-10 00:55:00,223 INFO o.a.j.t.JMeterThread: Thread started: Thread Group 1-82
2026-03-10 00:55:00,232 INFO o.a.j.t.JMeterThread: Thread started: Thread Group 1-83
2026-03-10 00:55:00,240 INFO o.a.j.t.JMeterThread: Thread started: Thread Group 1-84
2026-03-10 00:55:00,251 INFO o.a.j.t.JMeterThread: Thread started: Thread Group 1-85
2026-03-10 00:55:00,264 INFO o.a.j.t.JMeterThread: Thread started: Thread Group 1-86
2026-03-10 00:55:00,275 INFO o.a.j.t.JMeterThread: Thread started: Thread Group 1-87
2026-03-10 00:55:00,285 INFO o.a.j.t.JMeterThread: Thread started: Thread Group 1-88
2026-03-10 00:55:00,290 INFO o.a.j.t.JMeterThread: Thread started: Thread Group 1-89
2026-03-10 00:55:00,304 INFO o.a.j.t.JMeterThread: Thread started: Thread Group 1-90
2026-03-10 00:55:00,309 INFO o.a.j.t.JMeterThread: Thread started: Thread Group 1-91
2026-03-10 00:55:00,324 INFO o.a.j.t.JMeterThread: Thread started: Thread Group 1-92
2026-03-10 00:55:00,332 INFO o.a.j.t.JMeterThread: Thread started: Thread Group 1-93
2026-03-10 00:55:00,344 INFO o.a.j.t.JMeterThread: Thread started: Thread Group 1-94
2026-03-10 00:55:00,354 INFO o.a.j.t.JMeterThread: Thread started: Thread Group 1-95
2026-03-10 00:55:00,360 INFO o.a.j.t.JMeterThread: Thread started: Thread Group 1-96
2026-03-10 00:55:00,373 INFO o.a.j.t.JMeterThread: Thread started: Thread Group 1-97
2026-03-10 00:55:00,382 INFO o.a.j.t.JMeterThread: Thread started: Thread Group 1-98
2026-03-10 00:55:00,395 INFO o.a.j.t.JMeterThread: Thread started: Thread Group 1-99
2026-03-10 00:55:00,401 INFO o.a.j.t.JMeterThread: Thread started: Thread Group 1-100
2026-03-10 00:55:01,025 INFO o.a.j.t.JMeterThread: Stop Thread seen for thread Thread Group 1-41, reason: org.apache.jorphan.util.JMeterStopThreadException: End of file:/Users/gimhuiheon/Documents/study/java-multi-threading/resources/throughput/search_words.csv detected for CSV DataSet:CSV Data Set Config configured with stopThread:true, recycle:false
2026-03-10 00:55:01,025 INFO o.a.j.t.JMeterThread: Thread finished: Thread Group 1-41
2026-03-10 00:55:01,026 INFO o.a.j.t.JMeterThread: Stop Thread seen for thread Thread Group 1-11, reason: org.apache.jorphan.util.JMeterStopThreadException: End of file:/Users/gimhuiheon/Documents/study/java-multi-threading/resources/throughput/search_words.csv detected for CSV DataSet:CSV Data Set Config configured with stopThread:true, recycle:false
2026-03-10 00:55:01,026 INFO o.a.j.t.JMeterThread: Thread finished: Thread Group 1-11
2026-03-10 00:55:01,026 INFO o.a.j.t.JMeterThread: Stop Thread seen for thread Thread Group 1-95, reason: org.apache.jorphan.util.JMeterStopThreadException: End of file:/Users/gimhuiheon/Documents/study/java-multi-threading/resources/throughput/search_words.csv detected for CSV DataSet:CSV Data Set Config configured with stopThread:true, recycle:false
2026-03-10 00:55:01,026 INFO o.a.j.t.JMeterThread: Thread finished: Thread Group 1-95
2026-03-10 00:55:01,027 INFO o.a.j.t.JMeterThread: Stop Thread seen for thread Thread Group 1-46, reason: org.apache.jorphan.util.JMeterStopThreadException: End of file:/Users/gimhuiheon/Documents/study/java-multi-threading/resources/throughput/search_words.csv detected for CSV DataSet:CSV Data Set Config configured with stopThread:true, recycle:false
2026-03-10 00:55:01,027 INFO o.a.j.t.JMeterThread: Thread finished: Thread Group 1-46
2026-03-10 00:55:01,028 INFO o.a.j.t.JMeterThread: Stop Thread seen for thread Thread Group 1-79, reason: org.apache.jorphan.util.JMeterStopThreadException: End of file:/Users/gimhuiheon/Documents/study/java-multi-threading/resources/throughput/search_words.csv detected for CSV DataSet:CSV Data Set Config configured with stopThread:true, recycle:false
2026-03-10 00:55:01,028 INFO o.a.j.t.JMeterThread: Thread finished: Thread Group 1-79
2026-03-10 00:55:01,029 INFO o.a.j.t.JMeterThread: Stop Thread seen for thread Thread Group 1-59, reason: org.apache.jorphan.util.JMeterStopThreadException: End of file:/Users/gimhuiheon/Documents/study/java-multi-threading/resources/throughput/search_words.csv detected for CSV DataSet:CSV Data Set Config configured with stopThread:true, recycle:false
2026-03-10 00:55:01,029 INFO o.a.j.t.JMeterThread: Thread finished: Thread Group 1-59
2026-03-10 00:55:01,029 INFO o.a.j.t.JMeterThread: Stop Thread seen for thread Thread Group 1-14, reason: org.apache.jorphan.util.JMeterStopThreadException: End of file:/Users/gimhuiheon/Documents/study/java-multi-threading/resources/throughput/search_words.csv detected for CSV DataSet:CSV Data Set Config configured with stopThread:true, recycle:false
2026-03-10 00:55:01,029 INFO o.a.j.t.JMeterThread: Thread finished: Thread Group 1-14
2026-03-10 00:55:01,030 INFO o.a.j.t.JMeterThread: Stop Thread seen for thread Thread Group 1-39, reason: org.apache.jorphan.util.JMeterStopThreadException: End of file:/Users/gimhuiheon/Documents/study/java-multi-threading/resources/throughput/search_words.csv detected for CSV DataSet:CSV Data Set Config configured with stopThread:true, recycle:false
2026-03-10 00:55:01,030 INFO o.a.j.t.JMeterThread: Thread finished: Thread Group 1-39
2026-03-10 00:55:01,031 INFO o.a.j.t.JMeterThread: Stop Thread seen for thread Thread Group 1-44, reason: org.apache.jorphan.util.JMeterStopThreadException: End of file:/Users/gimhuiheon/Documents/study/java-multi-threading/resources/throughput/search_words.csv detected for CSV DataSet:CSV Data Set Config configured with stopThread:true, recycle:false
2026-03-10 00:55:01,031 INFO o.a.j.t.JMeterThread: Thread finished: Thread Group 1-44
2026-03-10 00:55:01,032 INFO o.a.j.t.JMeterThread: Stop Thread seen for thread Thread Group 1-85, reason: org.apache.jorphan.util.JMeterStopThreadException: End of file:/Users/gimhuiheon/Documents/study/java-multi-threading/resources/throughput/search_words.csv detected for CSV DataSet:CSV Data Set Config configured with stopThread:true, recycle:false
2026-03-10 00:55:01,032 INFO o.a.j.t.JMeterThread: Thread finished: Thread Group 1-85
2026-03-10 00:55:01,033 INFO o.a.j.t.JMeterThread: Stop Thread seen for thread Thread Group 1-53, reason: org.apache.jorphan.util.JMeterStopThreadException: End of file:/Users/gimhuiheon/Documents/study/java-multi-threading/resources/throughput/search_words.csv detected for CSV DataSet:CSV Data Set Config configured with stopThread:true, recycle:false
2026-03-10 00:55:01,033 INFO o.a.j.t.JMeterThread: Thread finished: Thread Group 1-53
2026-03-10 00:55:01,033 INFO o.a.j.t.JMeterThread: Stop Thread seen for thread Thread Group 1-47, reason: org.apache.jorphan.util.JMeterStopThreadException: End of file:/Users/gimhuiheon/Documents/study/java-multi-threading/resources/throughput/search_words.csv detected for CSV DataSet:CSV Data Set Config configured with stopThread:true, recycle:false
2026-03-10 00:55:01,033 INFO o.a.j.t.JMeterThread: Thread finished: Thread Group 1-47
2026-03-10 00:55:01,035 INFO o.a.j.t.JMeterThread: Stop Thread seen for thread Thread Group 1-28, reason: org.apache.jorphan.util.JMeterStopThreadException: End of file:/Users/gimhuiheon/Documents/study/java-multi-threading/resources/throughput/search_words.csv detected for CSV DataSet:CSV Data Set Config configured with stopThread:true, recycle:false
2026-03-10 00:55:01,035 INFO o.a.j.t.JMeterThread: Thread finished: Thread Group 1-28
2026-03-10 00:55:01,035 INFO o.a.j.t.JMeterThread: Stop Thread seen for thread Thread Group 1-30, reason: org.apache.jorphan.util.JMeterStopThreadException: End of file:/Users/gimhuiheon/Documents/study/java-multi-threading/resources/throughput/search_words.csv detected for CSV DataSet:CSV Data Set Config configured with stopThread:true, recycle:false
2026-03-10 00:55:01,035 INFO o.a.j.t.JMeterThread: Thread finished: Thread Group 1-30
2026-03-10 00:55:01,036 INFO o.a.j.t.JMeterThread: Stop Thread seen for thread Thread Group 1-91, reason: org.apache.jorphan.util.JMeterStopThreadException: End of file:/Users/gimhuiheon/Documents/study/java-multi-threading/resources/throughput/search_words.csv detected for CSV DataSet:CSV Data Set Config configured with stopThread:true, recycle:false
2026-03-10 00:55:01,036 INFO o.a.j.t.JMeterThread: Thread finished: Thread Group 1-91
2026-03-10 00:55:01,036 INFO o.a.j.t.JMeterThread: Stop Thread seen for thread Thread Group 1-61, reason: org.apache.jorphan.util.JMeterStopThreadException: End of file:/Users/gimhuiheon/Documents/study/java-multi-threading/resources/throughput/search_words.csv detected for CSV DataSet:CSV Data Set Config configured with stopThread:true, recycle:false
2026-03-10 00:55:01,036 INFO o.a.j.t.JMeterThread: Thread finished: Thread Group 1-61
2026-03-10 00:55:01,037 INFO o.a.j.t.JMeterThread: Stop Thread seen for thread Thread Group 1-65, reason: org.apache.jorphan.util.JMeterStopThreadException: End of file:/Users/gimhuiheon/Documents/study/java-multi-threading/resources/throughput/search_words.csv detected for CSV DataSet:CSV Data Set Config configured with stopThread:true, recycle:false
2026-03-10 00:55:01,037 INFO o.a.j.t.JMeterThread: Thread finished: Thread Group 1-65
2026-03-10 00:55:01,039 INFO o.a.j.t.JMeterThread: Stop Thread seen for thread Thread Group 1-13, reason: org.apache.jorphan.util.JMeterStopThreadException: End of file:/Users/gimhuiheon/Documents/study/java-multi-threading/resources/throughput/search_words.csv detected for CSV DataSet:CSV Data Set Config configured with stopThread:true, recycle:false
2026-03-10 00:55:01,039 INFO o.a.j.t.JMeterThread: Thread finished: Thread Group 1-13
2026-03-10 00:55:01,039 INFO o.a.j.t.JMeterThread: Stop Thread seen for thread Thread Group 1-15, reason: org.apache.jorphan.util.JMeterStopThreadException: End of file:/Users/gimhuiheon/Documents/study/java-multi-threading/resources/throughput/search_words.csv detected for CSV DataSet:CSV Data Set Config configured with stopThread:true, recycle:false
2026-03-10 00:55:01,039 INFO o.a.j.t.JMeterThread: Thread finished: Thread Group 1-15
2026-03-10 00:55:01,040 INFO o.a.j.t.JMeterThread: Stop Thread seen for thread Thread Group 1-22, reason: org.apache.jorphan.util.JMeterStopThreadException: End of file:/Users/gimhuiheon/Documents/study/java-multi-threading/resources/throughput/search_words.csv detected for CSV DataSet:CSV Data Set Config configured with stopThread:true, recycle:false
2026-03-10 00:55:01,040 INFO o.a.j.t.JMeterThread: Thread finished: Thread Group 1-22
2026-03-10 00:55:01,040 INFO o.a.j.t.JMeterThread: Stop Thread seen for thread Thread Group 1-12, reason: org.apache.jorphan.util.JMeterStopThreadException: End of file:/Users/gimhuiheon/Documents/study/java-multi-threading/resources/throughput/search_words.csv detected for CSV DataSet:CSV Data Set Config configured with stopThread:true, recycle:false
2026-03-10 00:55:01,040 INFO o.a.j.t.JMeterThread: Thread finished: Thread Group 1-12
2026-03-10 00:55:01,041 INFO o.a.j.t.JMeterThread: Stop Thread seen for thread Thread Group 1-7, reason: org.apache.jorphan.util.JMeterStopThreadException: End of file:/Users/gimhuiheon/Documents/study/java-multi-threading/resources/throughput/search_words.csv detected for CSV DataSet:CSV Data Set Config configured with stopThread:true, recycle:false
2026-03-10 00:55:01,041 INFO o.a.j.t.JMeterThread: Thread finished: Thread Group 1-7
2026-03-10 00:55:01,042 INFO o.a.j.t.JMeterThread: Stop Thread seen for thread Thread Group 1-56, reason: org.apache.jorphan.util.JMeterStopThreadException: End of file:/Users/gimhuiheon/Documents/study/java-multi-threading/resources/throughput/search_words.csv detected for CSV DataSet:CSV Data Set Config configured with stopThread:true, recycle:false
2026-03-10 00:55:01,042 INFO o.a.j.t.JMeterThread: Thread finished: Thread Group 1-56
2026-03-10 00:55:01,043 INFO o.a.j.t.JMeterThread: Stop Thread seen for thread Thread Group 1-33, reason: org.apache.jorphan.util.JMeterStopThreadException: End of file:/Users/gimhuiheon/Documents/study/java-multi-threading/resources/throughput/search_words.csv detected for CSV DataSet:CSV Data Set Config configured with stopThread:true, recycle:false
2026-03-10 00:55:01,043 INFO o.a.j.t.JMeterThread: Thread finished: Thread Group 1-33
2026-03-10 00:55:01,043 INFO o.a.j.t.JMeterThread: Stop Thread seen for thread Thread Group 1-97, reason: org.apache.jorphan.util.JMeterStopThreadException: End of file:/Users/gimhuiheon/Documents/study/java-multi-threading/resources/throughput/search_words.csv detected for CSV DataSet:CSV Data Set Config configured with stopThread:true, recycle:false
2026-03-10 00:55:01,043 INFO o.a.j.t.JMeterThread: Thread finished: Thread Group 1-97
2026-03-10 00:55:01,044 INFO o.a.j.t.JMeterThread: Stop Thread seen for thread Thread Group 1-64, reason: org.apache.jorphan.util.JMeterStopThreadException: End of file:/Users/gimhuiheon/Documents/study/java-multi-threading/resources/throughput/search_words.csv detected for CSV DataSet:CSV Data Set Config configured with stopThread:true, recycle:false
2026-03-10 00:55:01,044 INFO o.a.j.t.JMeterThread: Thread finished: Thread Group 1-64
2026-03-10 00:55:01,045 INFO o.a.j.t.JMeterThread: Stop Thread seen for thread Thread Group 1-26, reason: org.apache.jorphan.util.JMeterStopThreadException: End of file:/Users/gimhuiheon/Documents/study/java-multi-threading/resources/throughput/search_words.csv detected for CSV DataSet:CSV Data Set Config configured with stopThread:true, recycle:false
2026-03-10 00:55:01,045 INFO o.a.j.t.JMeterThread: Thread finished: Thread Group 1-26
2026-03-10 00:55:01,046 INFO o.a.j.t.JMeterThread: Stop Thread seen for thread Thread Group 1-37, reason: org.apache.jorphan.util.JMeterStopThreadException: End of file:/Users/gimhuiheon/Documents/study/java-multi-threading/resources/throughput/search_words.csv detected for CSV DataSet:CSV Data Set Config configured with stopThread:true, recycle:false
2026-03-10 00:55:01,046 INFO o.a.j.t.JMeterThread: Thread finished: Thread Group 1-37
2026-03-10 00:55:01,046 INFO o.a.j.t.JMeterThread: Stop Thread seen for thread Thread Group 1-31, reason: org.apache.jorphan.util.JMeterStopThreadException: End of file:/Users/gimhuiheon/Documents/study/java-multi-threading/resources/throughput/search_words.csv detected for CSV DataSet:CSV Data Set Config configured with stopThread:true, recycle:false
2026-03-10 00:55:01,046 INFO o.a.j.t.JMeterThread: Thread finished: Thread Group 1-31
2026-03-10 00:55:01,047 INFO o.a.j.t.JMeterThread: Stop Thread seen for thread Thread Group 1-81, reason: org.apache.jorphan.util.JMeterStopThreadException: End of file:/Users/gimhuiheon/Documents/study/java-multi-threading/resources/throughput/search_words.csv detected for CSV DataSet:CSV Data Set Config configured with stopThread:true, recycle:false
2026-03-10 00:55:01,047 INFO o.a.j.t.JMeterThread: Thread finished: Thread Group 1-81
2026-03-10 00:55:01,048 INFO o.a.j.t.JMeterThread: Stop Thread seen for thread Thread Group 1-68, reason: org.apache.jorphan.util.JMeterStopThreadException: End of file:/Users/gimhuiheon/Documents/study/java-multi-threading/resources/throughput/search_words.csv detected for CSV DataSet:CSV Data Set Config configured with stopThread:true, recycle:false
2026-03-10 00:55:01,048 INFO o.a.j.t.JMeterThread: Thread finished: Thread Group 1-68
2026-03-10 00:55:01,048 INFO o.a.j.t.JMeterThread: Stop Thread seen for thread Thread Group 1-86, reason: org.apache.jorphan.util.JMeterStopThreadException: End of file:/Users/gimhuiheon/Documents/study/java-multi-threading/resources/throughput/search_words.csv detected for CSV DataSet:CSV Data Set Config configured with stopThread:true, recycle:false
2026-03-10 00:55:01,048 INFO o.a.j.t.JMeterThread: Thread finished: Thread Group 1-86
2026-03-10 00:55:01,048 INFO o.a.j.t.JMeterThread: Stop Thread seen for thread Thread Group 1-60, reason: org.apache.jorphan.util.JMeterStopThreadException: End of file:/Users/gimhuiheon/Documents/study/java-multi-threading/resources/throughput/search_words.csv detected for CSV DataSet:CSV Data Set Config configured with stopThread:true, recycle:false
2026-03-10 00:55:01,048 INFO o.a.j.t.JMeterThread: Thread finished: Thread Group 1-60
2026-03-10 00:55:01,051 INFO o.a.j.t.JMeterThread: Stop Thread seen for thread Thread Group 1-98, reason: org.apache.jorphan.util.JMeterStopThreadException: End of file:/Users/gimhuiheon/Documents/study/java-multi-threading/resources/throughput/search_words.csv detected for CSV DataSet:CSV Data Set Config configured with stopThread:true, recycle:false
2026-03-10 00:55:01,051 INFO o.a.j.t.JMeterThread: Thread finished: Thread Group 1-98
2026-03-10 00:55:01,051 INFO o.a.j.t.JMeterThread: Stop Thread seen for thread Thread Group 1-49, reason: org.apache.jorphan.util.JMeterStopThreadException: End of file:/Users/gimhuiheon/Documents/study/java-multi-threading/resources/throughput/search_words.csv detected for CSV DataSet:CSV Data Set Config configured with stopThread:true, recycle:false
2026-03-10 00:55:01,051 INFO o.a.j.t.JMeterThread: Thread finished: Thread Group 1-49
2026-03-10 00:55:01,051 INFO o.a.j.t.JMeterThread: Stop Thread seen for thread Thread Group 1-77, reason: org.apache.jorphan.util.JMeterStopThreadException: End of file:/Users/gimhuiheon/Documents/study/java-multi-threading/resources/throughput/search_words.csv detected for CSV DataSet:CSV Data Set Config configured with stopThread:true, recycle:false
2026-03-10 00:55:01,051 INFO o.a.j.t.JMeterThread: Thread finished: Thread Group 1-77
2026-03-10 00:55:01,052 INFO o.a.j.t.JMeterThread: Stop Thread seen for thread Thread Group 1-10, reason: org.apache.jorphan.util.JMeterStopThreadException: End of file:/Users/gimhuiheon/Documents/study/java-multi-threading/resources/throughput/search_words.csv detected for CSV DataSet:CSV Data Set Config configured with stopThread:true, recycle:false
2026-03-10 00:55:01,052 INFO o.a.j.t.JMeterThread: Thread finished: Thread Group 1-10
2026-03-10 00:55:01,054 INFO o.a.j.t.JMeterThread: Stop Thread seen for thread Thread Group 1-27, reason: org.apache.jorphan.util.JMeterStopThreadException: End of file:/Users/gimhuiheon/Documents/study/java-multi-threading/resources/throughput/search_words.csv detected for CSV DataSet:CSV Data Set Config configured with stopThread:true, recycle:false
2026-03-10 00:55:01,054 INFO o.a.j.t.JMeterThread: Thread finished: Thread Group 1-27
2026-03-10 00:55:01,055 INFO o.a.j.t.JMeterThread: Stop Thread seen for thread Thread Group 1-92, reason: org.apache.jorphan.util.JMeterStopThreadException: End of file:/Users/gimhuiheon/Documents/study/java-multi-threading/resources/throughput/search_words.csv detected for CSV DataSet:CSV Data Set Config configured with stopThread:true, recycle:false
2026-03-10 00:55:01,055 INFO o.a.j.t.JMeterThread: Thread finished: Thread Group 1-92
2026-03-10 00:55:01,055 INFO o.a.j.t.JMeterThread: Stop Thread seen for thread Thread Group 1-8, reason: org.apache.jorphan.util.JMeterStopThreadException: End of file:/Users/gimhuiheon/Documents/study/java-multi-threading/resources/throughput/search_words.csv detected for CSV DataSet:CSV Data Set Config configured with stopThread:true, recycle:false
2026-03-10 00:55:01,055 INFO o.a.j.t.JMeterThread: Thread finished: Thread Group 1-8
2026-03-10 00:55:01,056 INFO o.a.j.t.JMeterThread: Stop Thread seen for thread Thread Group 1-17, reason: org.apache.jorphan.util.JMeterStopThreadException: End of file:/Users/gimhuiheon/Documents/study/java-multi-threading/resources/throughput/search_words.csv detected for CSV DataSet:CSV Data Set Config configured with stopThread:true, recycle:false
2026-03-10 00:55:01,056 INFO o.a.j.t.JMeterThread: Thread finished: Thread Group 1-17
2026-03-10 00:55:01,057 INFO o.a.j.t.JMeterThread: Stop Thread seen for thread Thread Group 1-52, reason: org.apache.jorphan.util.JMeterStopThreadException: End of file:/Users/gimhuiheon/Documents/study/java-multi-threading/resources/throughput/search_words.csv detected for CSV DataSet:CSV Data Set Config configured with stopThread:true, recycle:false
2026-03-10 00:55:01,057 INFO o.a.j.t.JMeterThread: Thread finished: Thread Group 1-52
2026-03-10 00:55:01,058 INFO o.a.j.t.JMeterThread: Stop Thread seen for thread Thread Group 1-18, reason: org.apache.jorphan.util.JMeterStopThreadException: End of file:/Users/gimhuiheon/Documents/study/java-multi-threading/resources/throughput/search_words.csv detected for CSV DataSet:CSV Data Set Config configured with stopThread:true, recycle:false
2026-03-10 00:55:01,058 INFO o.a.j.t.JMeterThread: Thread finished: Thread Group 1-18
2026-03-10 00:55:01,059 INFO o.a.j.t.JMeterThread: Stop Thread seen for thread Thread Group 1-45, reason: org.apache.jorphan.util.JMeterStopThreadException: End of file:/Users/gimhuiheon/Documents/study/java-multi-threading/resources/throughput/search_words.csv detected for CSV DataSet:CSV Data Set Config configured with stopThread:true, recycle:false
2026-03-10 00:55:01,059 INFO o.a.j.t.JMeterThread: Thread finished: Thread Group 1-45
2026-03-10 00:55:01,060 INFO o.a.j.t.JMeterThread: Stop Thread seen for thread Thread Group 1-40, reason: org.apache.jorphan.util.JMeterStopThreadException: End of file:/Users/gimhuiheon/Documents/study/java-multi-threading/resources/throughput/search_words.csv detected for CSV DataSet:CSV Data Set Config configured with stopThread:true, recycle:false
2026-03-10 00:55:01,060 INFO o.a.j.t.JMeterThread: Thread finished: Thread Group 1-40
2026-03-10 00:55:01,061 INFO o.a.j.t.JMeterThread: Stop Thread seen for thread Thread Group 1-87, reason: org.apache.jorphan.util.JMeterStopThreadException: End of file:/Users/gimhuiheon/Documents/study/java-multi-threading/resources/throughput/search_words.csv detected for CSV DataSet:CSV Data Set Config configured with stopThread:true, recycle:false
2026-03-10 00:55:01,061 INFO o.a.j.t.JMeterThread: Thread finished: Thread Group 1-87
2026-03-10 00:55:01,062 INFO o.a.j.t.JMeterThread: Stop Thread seen for thread Thread Group 1-66, reason: org.apache.jorphan.util.JMeterStopThreadException: End of file:/Users/gimhuiheon/Documents/study/java-multi-threading/resources/throughput/search_words.csv detected for CSV DataSet:CSV Data Set Config configured with stopThread:true, recycle:false
2026-03-10 00:55:01,062 INFO o.a.j.t.JMeterThread: Thread finished: Thread Group 1-66
2026-03-10 00:55:01,063 INFO o.a.j.t.JMeterThread: Stop Thread seen for thread Thread Group 1-74, reason: org.apache.jorphan.util.JMeterStopThreadException: End of file:/Users/gimhuiheon/Documents/study/java-multi-threading/resources/throughput/search_words.csv detected for CSV DataSet:CSV Data Set Config configured with stopThread:true, recycle:false
2026-03-10 00:55:01,063 INFO o.a.j.t.JMeterThread: Thread finished: Thread Group 1-74
2026-03-10 00:55:01,063 INFO o.a.j.t.JMeterThread: Stop Thread seen for thread Thread Group 1-54, reason: org.apache.jorphan.util.JMeterStopThreadException: End of file:/Users/gimhuiheon/Documents/study/java-multi-threading/resources/throughput/search_words.csv detected for CSV DataSet:CSV Data Set Config configured with stopThread:true, recycle:false
2026-03-10 00:55:01,063 INFO o.a.j.t.JMeterThread: Thread finished: Thread Group 1-54
2026-03-10 00:55:01,064 INFO o.a.j.t.JMeterThread: Stop Thread seen for thread Thread Group 1-5, reason: org.apache.jorphan.util.JMeterStopThreadException: End of file:/Users/gimhuiheon/Documents/study/java-multi-threading/resources/throughput/search_words.csv detected for CSV DataSet:CSV Data Set Config configured with stopThread:true, recycle:false
2026-03-10 00:55:01,064 INFO o.a.j.t.JMeterThread: Thread finished: Thread Group 1-5
2026-03-10 00:55:01,065 INFO o.a.j.t.JMeterThread: Stop Thread seen for thread Thread Group 1-34, reason: org.apache.jorphan.util.JMeterStopThreadException: End of file:/Users/gimhuiheon/Documents/study/java-multi-threading/resources/throughput/search_words.csv detected for CSV DataSet:CSV Data Set Config configured with stopThread:true, recycle:false
2026-03-10 00:55:01,065 INFO o.a.j.t.JMeterThread: Thread finished: Thread Group 1-34
2026-03-10 00:55:01,066 INFO o.a.j.t.JMeterThread: Stop Thread seen for thread Thread Group 1-93, reason: org.apache.jorphan.util.JMeterStopThreadException: End of file:/Users/gimhuiheon/Documents/study/java-multi-threading/resources/throughput/search_words.csv detected for CSV DataSet:CSV Data Set Config configured with stopThread:true, recycle:false
2026-03-10 00:55:01,066 INFO o.a.j.t.JMeterThread: Thread finished: Thread Group 1-93
2026-03-10 00:55:01,067 INFO o.a.j.t.JMeterThread: Stop Thread seen for thread Thread Group 1-9, reason: org.apache.jorphan.util.JMeterStopThreadException: End of file:/Users/gimhuiheon/Documents/study/java-multi-threading/resources/throughput/search_words.csv detected for CSV DataSet:CSV Data Set Config configured with stopThread:true, recycle:false
2026-03-10 00:55:01,067 INFO o.a.j.t.JMeterThread: Thread finished: Thread Group 1-9
2026-03-10 00:55:01,068 INFO o.a.j.t.JMeterThread: Stop Thread seen for thread Thread Group 1-70, reason: org.apache.jorphan.util.JMeterStopThreadException: End of file:/Users/gimhuiheon/Documents/study/java-multi-threading/resources/throughput/search_words.csv detected for CSV DataSet:CSV Data Set Config configured with stopThread:true, recycle:false
2026-03-10 00:55:01,068 INFO o.a.j.t.JMeterThread: Thread finished: Thread Group 1-70
2026-03-10 00:55:01,070 INFO o.a.j.t.JMeterThread: Stop Thread seen for thread Thread Group 1-62, reason: org.apache.jorphan.util.JMeterStopThreadException: End of file:/Users/gimhuiheon/Documents/study/java-multi-threading/resources/throughput/search_words.csv detected for CSV DataSet:CSV Data Set Config configured with stopThread:true, recycle:false
2026-03-10 00:55:01,070 INFO o.a.j.t.JMeterThread: Thread finished: Thread Group 1-62
2026-03-10 00:55:01,070 INFO o.a.j.t.JMeterThread: Stop Thread seen for thread Thread Group 1-78, reason: org.apache.jorphan.util.JMeterStopThreadException: End of file:/Users/gimhuiheon/Documents/study/java-multi-threading/resources/throughput/search_words.csv detected for CSV DataSet:CSV Data Set Config configured with stopThread:true, recycle:false
2026-03-10 00:55:01,070 INFO o.a.j.t.JMeterThread: Stop Thread seen for thread Thread Group 1-82, reason: org.apache.jorphan.util.JMeterStopThreadException: End of file:/Users/gimhuiheon/Documents/study/java-multi-threading/resources/throughput/search_words.csv detected for CSV DataSet:CSV Data Set Config configured with stopThread:true, recycle:false
2026-03-10 00:55:01,070 INFO o.a.j.t.JMeterThread: Thread finished: Thread Group 1-82
2026-03-10 00:55:01,070 INFO o.a.j.t.JMeterThread: Thread finished: Thread Group 1-78
2026-03-10 00:55:01,072 INFO o.a.j.t.JMeterThread: Stop Thread seen for thread Thread Group 1-38, reason: org.apache.jorphan.util.JMeterStopThreadException: End of file:/Users/gimhuiheon/Documents/study/java-multi-threading/resources/throughput/search_words.csv detected for CSV DataSet:CSV Data Set Config configured with stopThread:true, recycle:false
2026-03-10 00:55:01,072 INFO o.a.j.t.JMeterThread: Thread finished: Thread Group 1-38
2026-03-10 00:55:01,072 INFO o.a.j.t.JMeterThread: Stop Thread seen for thread Thread Group 1-32, reason: org.apache.jorphan.util.JMeterStopThreadException: End of file:/Users/gimhuiheon/Documents/study/java-multi-threading/resources/throughput/search_words.csv detected for CSV DataSet:CSV Data Set Config configured with stopThread:true, recycle:false
2026-03-10 00:55:01,072 INFO o.a.j.t.JMeterThread: Thread finished: Thread Group 1-32
2026-03-10 00:55:01,074 INFO o.a.j.t.JMeterThread: Stop Thread seen for thread Thread Group 1-58, reason: org.apache.jorphan.util.JMeterStopThreadException: End of file:/Users/gimhuiheon/Documents/study/java-multi-threading/resources/throughput/search_words.csv detected for CSV DataSet:CSV Data Set Config configured with stopThread:true, recycle:false
2026-03-10 00:55:01,074 INFO o.a.j.t.JMeterThread: Thread finished: Thread Group 1-58
2026-03-10 00:55:01,074 INFO o.a.j.t.JMeterThread: Stop Thread seen for thread Thread Group 1-1, reason: org.apache.jorphan.util.JMeterStopThreadException: End of file:/Users/gimhuiheon/Documents/study/java-multi-threading/resources/throughput/search_words.csv detected for CSV DataSet:CSV Data Set Config configured with stopThread:true, recycle:false
2026-03-10 00:55:01,074 INFO o.a.j.t.JMeterThread: Thread finished: Thread Group 1-1
2026-03-10 00:55:01,075 INFO o.a.j.t.JMeterThread: Stop Thread seen for thread Thread Group 1-99, reason: org.apache.jorphan.util.JMeterStopThreadException: End of file:/Users/gimhuiheon/Documents/study/java-multi-threading/resources/throughput/search_words.csv detected for CSV DataSet:CSV Data Set Config configured with stopThread:true, recycle:false
2026-03-10 00:55:01,075 INFO o.a.j.t.JMeterThread: Thread finished: Thread Group 1-99
2026-03-10 00:55:01,076 INFO o.a.j.t.JMeterThread: Stop Thread seen for thread Thread Group 1-88, reason: org.apache.jorphan.util.JMeterStopThreadException: End of file:/Users/gimhuiheon/Documents/study/java-multi-threading/resources/throughput/search_words.csv detected for CSV DataSet:CSV Data Set Config configured with stopThread:true, recycle:false
2026-03-10 00:55:01,076 INFO o.a.j.t.JMeterThread: Thread finished: Thread Group 1-88
2026-03-10 00:55:01,077 INFO o.a.j.t.JMeterThread: Stop Thread seen for thread Thread Group 1-16, reason: org.apache.jorphan.util.JMeterStopThreadException: End of file:/Users/gimhuiheon/Documents/study/java-multi-threading/resources/throughput/search_words.csv detected for CSV DataSet:CSV Data Set Config configured with stopThread:true, recycle:false
2026-03-10 00:55:01,077 INFO o.a.j.t.JMeterThread: Thread finished: Thread Group 1-16
2026-03-10 00:55:01,078 INFO o.a.j.t.JMeterThread: Stop Thread seen for thread Thread Group 1-43, reason: org.apache.jorphan.util.JMeterStopThreadException: End of file:/Users/gimhuiheon/Documents/study/java-multi-threading/resources/throughput/search_words.csv detected for CSV DataSet:CSV Data Set Config configured with stopThread:true, recycle:false
2026-03-10 00:55:01,078 INFO o.a.j.t.JMeterThread: Thread finished: Thread Group 1-43
2026-03-10 00:55:01,079 INFO o.a.j.t.JMeterThread: Stop Thread seen for thread Thread Group 1-20, reason: org.apache.jorphan.util.JMeterStopThreadException: End of file:/Users/gimhuiheon/Documents/study/java-multi-threading/resources/throughput/search_words.csv detected for CSV DataSet:CSV Data Set Config configured with stopThread:true, recycle:false
2026-03-10 00:55:01,079 INFO o.a.j.t.JMeterThread: Thread finished: Thread Group 1-20
2026-03-10 00:55:01,079 INFO o.a.j.t.JMeterThread: Stop Thread seen for thread Thread Group 1-23, reason: org.apache.jorphan.util.JMeterStopThreadException: End of file:/Users/gimhuiheon/Documents/study/java-multi-threading/resources/throughput/search_words.csv detected for CSV DataSet:CSV Data Set Config configured with stopThread:true, recycle:false
2026-03-10 00:55:01,079 INFO o.a.j.t.JMeterThread: Thread finished: Thread Group 1-23
2026-03-10 00:55:01,080 INFO o.a.j.t.JMeterThread: Stop Thread seen for thread Thread Group 1-83, reason: org.apache.jorphan.util.JMeterStopThreadException: End of file:/Users/gimhuiheon/Documents/study/java-multi-threading/resources/throughput/search_words.csv detected for CSV DataSet:CSV Data Set Config configured with stopThread:true, recycle:false
2026-03-10 00:55:01,080 INFO o.a.j.t.JMeterThread: Thread finished: Thread Group 1-83
2026-03-10 00:55:01,081 INFO o.a.j.t.JMeterThread: Stop Thread seen for thread Thread Group 1-94, reason: org.apache.jorphan.util.JMeterStopThreadException: End of file:/Users/gimhuiheon/Documents/study/java-multi-threading/resources/throughput/search_words.csv detected for CSV DataSet:CSV Data Set Config configured with stopThread:true, recycle:false
2026-03-10 00:55:01,081 INFO o.a.j.t.JMeterThread: Thread finished: Thread Group 1-94
2026-03-10 00:55:01,082 INFO o.a.j.t.JMeterThread: Stop Thread seen for thread Thread Group 1-4, reason: org.apache.jorphan.util.JMeterStopThreadException: End of file:/Users/gimhuiheon/Documents/study/java-multi-threading/resources/throughput/search_words.csv detected for CSV DataSet:CSV Data Set Config configured with stopThread:true, recycle:false
2026-03-10 00:55:01,082 INFO o.a.j.t.JMeterThread: Thread finished: Thread Group 1-4
2026-03-10 00:55:01,082 INFO o.a.j.t.JMeterThread: Stop Thread seen for thread Thread Group 1-36, reason: org.apache.jorphan.util.JMeterStopThreadException: End of file:/Users/gimhuiheon/Documents/study/java-multi-threading/resources/throughput/search_words.csv detected for CSV DataSet:CSV Data Set Config configured with stopThread:true, recycle:false
2026-03-10 00:55:01,082 INFO o.a.j.t.JMeterThread: Thread finished: Thread Group 1-36
2026-03-10 00:55:01,084 INFO o.a.j.t.JMeterThread: Stop Thread seen for thread Thread Group 1-24, reason: org.apache.jorphan.util.JMeterStopThreadException: End of file:/Users/gimhuiheon/Documents/study/java-multi-threading/resources/throughput/search_words.csv detected for CSV DataSet:CSV Data Set Config configured with stopThread:true, recycle:false
2026-03-10 00:55:01,084 INFO o.a.j.t.JMeterThread: Thread finished: Thread Group 1-24
2026-03-10 00:55:01,085 INFO o.a.j.t.JMeterThread: Stop Thread seen for thread Thread Group 1-75, reason: org.apache.jorphan.util.JMeterStopThreadException: End of file:/Users/gimhuiheon/Documents/study/java-multi-threading/resources/throughput/search_words.csv detected for CSV DataSet:CSV Data Set Config configured with stopThread:true, recycle:false
2026-03-10 00:55:01,085 INFO o.a.j.t.JMeterThread: Thread finished: Thread Group 1-75
2026-03-10 00:55:01,086 INFO o.a.j.t.JMeterThread: Stop Thread seen for thread Thread Group 1-48, reason: org.apache.jorphan.util.JMeterStopThreadException: End of file:/Users/gimhuiheon/Documents/study/java-multi-threading/resources/throughput/search_words.csv detected for CSV DataSet:CSV Data Set Config configured with stopThread:true, recycle:false
2026-03-10 00:55:01,086 INFO o.a.j.t.JMeterThread: Thread finished: Thread Group 1-48
2026-03-10 00:55:01,086 INFO o.a.j.t.JMeterThread: Stop Thread seen for thread Thread Group 1-89, reason: org.apache.jorphan.util.JMeterStopThreadException: End of file:/Users/gimhuiheon/Documents/study/java-multi-threading/resources/throughput/search_words.csv detected for CSV DataSet:CSV Data Set Config configured with stopThread:true, recycle:false
2026-03-10 00:55:01,086 INFO o.a.j.t.JMeterThread: Thread finished: Thread Group 1-89
2026-03-10 00:55:01,086 INFO o.a.j.t.JMeterThread: Stop Thread seen for thread Thread Group 1-100, reason: org.apache.jorphan.util.JMeterStopThreadException: End of file:/Users/gimhuiheon/Documents/study/java-multi-threading/resources/throughput/search_words.csv detected for CSV DataSet:CSV Data Set Config configured with stopThread:true, recycle:false
2026-03-10 00:55:01,086 INFO o.a.j.t.JMeterThread: Thread finished: Thread Group 1-100
2026-03-10 00:55:01,088 INFO o.a.j.t.JMeterThread: Stop Thread seen for thread Thread Group 1-67, reason: org.apache.jorphan.util.JMeterStopThreadException: End of file:/Users/gimhuiheon/Documents/study/java-multi-threading/resources/throughput/search_words.csv detected for CSV DataSet:CSV Data Set Config configured with stopThread:true, recycle:false
2026-03-10 00:55:01,088 INFO o.a.j.t.JMeterThread: Thread finished: Thread Group 1-67
2026-03-10 00:55:01,088 INFO o.a.j.t.JMeterThread: Stop Thread seen for thread Thread Group 1-29, reason: org.apache.jorphan.util.JMeterStopThreadException: End of file:/Users/gimhuiheon/Documents/study/java-multi-threading/resources/throughput/search_words.csv detected for CSV DataSet:CSV Data Set Config configured with stopThread:true, recycle:false
2026-03-10 00:55:01,088 INFO o.a.j.t.JMeterThread: Thread finished: Thread Group 1-29
2026-03-10 00:55:01,088 INFO o.a.j.t.JMeterThread: Stop Thread seen for thread Thread Group 1-51, reason: org.apache.jorphan.util.JMeterStopThreadException: End of file:/Users/gimhuiheon/Documents/study/java-multi-threading/resources/throughput/search_words.csv detected for CSV DataSet:CSV Data Set Config configured with stopThread:true, recycle:false
2026-03-10 00:55:01,088 INFO o.a.j.t.JMeterThread: Thread finished: Thread Group 1-51
2026-03-10 00:55:01,088 INFO o.a.j.t.JMeterThread: Stop Thread seen for thread Thread Group 1-19, reason: org.apache.jorphan.util.JMeterStopThreadException: End of file:/Users/gimhuiheon/Documents/study/java-multi-threading/resources/throughput/search_words.csv detected for CSV DataSet:CSV Data Set Config configured with stopThread:true, recycle:false
2026-03-10 00:55:01,088 INFO o.a.j.t.JMeterThread: Thread finished: Thread Group 1-19
2026-03-10 00:55:01,090 INFO o.a.j.t.JMeterThread: Stop Thread seen for thread Thread Group 1-42, reason: org.apache.jorphan.util.JMeterStopThreadException: End of file:/Users/gimhuiheon/Documents/study/java-multi-threading/resources/throughput/search_words.csv detected for CSV DataSet:CSV Data Set Config configured with stopThread:true, recycle:false
2026-03-10 00:55:01,090 INFO o.a.j.t.JMeterThread: Thread finished: Thread Group 1-42
2026-03-10 00:55:01,090 INFO o.a.j.t.JMeterThread: Stop Thread seen for thread Thread Group 1-63, reason: org.apache.jorphan.util.JMeterStopThreadException: End of file:/Users/gimhuiheon/Documents/study/java-multi-threading/resources/throughput/search_words.csv detected for CSV DataSet:CSV Data Set Config configured with stopThread:true, recycle:false
2026-03-10 00:55:01,090 INFO o.a.j.t.JMeterThread: Thread finished: Thread Group 1-63
2026-03-10 00:55:01,090 INFO o.a.j.t.JMeterThread: Stop Thread seen for thread Thread Group 1-69, reason: org.apache.jorphan.util.JMeterStopThreadException: End of file:/Users/gimhuiheon/Documents/study/java-multi-threading/resources/throughput/search_words.csv detected for CSV DataSet:CSV Data Set Config configured with stopThread:true, recycle:false
2026-03-10 00:55:01,090 INFO o.a.j.t.JMeterThread: Thread finished: Thread Group 1-69
2026-03-10 00:55:01,091 INFO o.a.j.t.JMeterThread: Stop Thread seen for thread Thread Group 1-21, reason: org.apache.jorphan.util.JMeterStopThreadException: End of file:/Users/gimhuiheon/Documents/study/java-multi-threading/resources/throughput/search_words.csv detected for CSV DataSet:CSV Data Set Config configured with stopThread:true, recycle:false
2026-03-10 00:55:01,091 INFO o.a.j.t.JMeterThread: Thread finished: Thread Group 1-21
2026-03-10 00:55:01,092 INFO o.a.j.t.JMeterThread: Stop Thread seen for thread Thread Group 1-6, reason: org.apache.jorphan.util.JMeterStopThreadException: End of file:/Users/gimhuiheon/Documents/study/java-multi-threading/resources/throughput/search_words.csv detected for CSV DataSet:CSV Data Set Config configured with stopThread:true, recycle:false
2026-03-10 00:55:01,092 INFO o.a.j.t.JMeterThread: Thread finished: Thread Group 1-6
2026-03-10 00:55:01,093 INFO o.a.j.t.JMeterThread: Stop Thread seen for thread Thread Group 1-90, reason: org.apache.jorphan.util.JMeterStopThreadException: End of file:/Users/gimhuiheon/Documents/study/java-multi-threading/resources/throughput/search_words.csv detected for CSV DataSet:CSV Data Set Config configured with stopThread:true, recycle:false
2026-03-10 00:55:01,093 INFO o.a.j.t.JMeterThread: Thread finished: Thread Group 1-90
2026-03-10 00:55:01,093 INFO o.a.j.t.JMeterThread: Stop Thread seen for thread Thread Group 1-50, reason: org.apache.jorphan.util.JMeterStopThreadException: End of file:/Users/gimhuiheon/Documents/study/java-multi-threading/resources/throughput/search_words.csv detected for CSV DataSet:CSV Data Set Config configured with stopThread:true, recycle:false
2026-03-10 00:55:01,093 INFO o.a.j.t.JMeterThread: Thread finished: Thread Group 1-50
2026-03-10 00:55:01,093 INFO o.a.j.t.JMeterThread: Stop Thread seen for thread Thread Group 1-25, reason: org.apache.jorphan.util.JMeterStopThreadException: End of file:/Users/gimhuiheon/Documents/study/java-multi-threading/resources/throughput/search_words.csv detected for CSV DataSet:CSV Data Set Config configured with stopThread:true, recycle:false
2026-03-10 00:55:01,093 INFO o.a.j.t.JMeterThread: Thread finished: Thread Group 1-25
2026-03-10 00:55:01,095 INFO o.a.j.t.JMeterThread: Stop Thread seen for thread Thread Group 1-96, reason: org.apache.jorphan.util.JMeterStopThreadException: End of file:/Users/gimhuiheon/Documents/study/java-multi-threading/resources/throughput/search_words.csv detected for CSV DataSet:CSV Data Set Config configured with stopThread:true, recycle:false
2026-03-10 00:55:01,095 INFO o.a.j.t.JMeterThread: Thread finished: Thread Group 1-96
2026-03-10 00:55:01,095 INFO o.a.j.t.JMeterThread: Stop Thread seen for thread Thread Group 1-3, reason: org.apache.jorphan.util.JMeterStopThreadException: End of file:/Users/gimhuiheon/Documents/study/java-multi-threading/resources/throughput/search_words.csv detected for CSV DataSet:CSV Data Set Config configured with stopThread:true, recycle:false
2026-03-10 00:55:01,095 INFO o.a.j.t.JMeterThread: Thread finished: Thread Group 1-3
2026-03-10 00:55:01,095 INFO o.a.j.t.JMeterThread: Stop Thread seen for thread Thread Group 1-80, reason: org.apache.jorphan.util.JMeterStopThreadException: End of file:/Users/gimhuiheon/Documents/study/java-multi-threading/resources/throughput/search_words.csv detected for CSV DataSet:CSV Data Set Config configured with stopThread:true, recycle:false
2026-03-10 00:55:01,095 INFO o.a.j.t.JMeterThread: Thread finished: Thread Group 1-80
2026-03-10 00:55:01,095 INFO o.a.j.t.JMeterThread: Stop Thread seen for thread Thread Group 1-76, reason: org.apache.jorphan.util.JMeterStopThreadException: End of file:/Users/gimhuiheon/Documents/study/java-multi-threading/resources/throughput/search_words.csv detected for CSV DataSet:CSV Data Set Config configured with stopThread:true, recycle:false
2026-03-10 00:55:01,095 INFO o.a.j.t.JMeterThread: Thread finished: Thread Group 1-76
2026-03-10 00:55:01,097 INFO o.a.j.t.JMeterThread: Stop Thread seen for thread Thread Group 1-2, reason: org.apache.jorphan.util.JMeterStopThreadException: End of file:/Users/gimhuiheon/Documents/study/java-multi-threading/resources/throughput/search_words.csv detected for CSV DataSet:CSV Data Set Config configured with stopThread:true, recycle:false
2026-03-10 00:55:01,097 INFO o.a.j.t.JMeterThread: Thread finished: Thread Group 1-2
2026-03-10 00:55:01,097 INFO o.a.j.t.JMeterThread: Stop Thread seen for thread Thread Group 1-73, reason: org.apache.jorphan.util.JMeterStopThreadException: End of file:/Users/gimhuiheon/Documents/study/java-multi-threading/resources/throughput/search_words.csv detected for CSV DataSet:CSV Data Set Config configured with stopThread:true, recycle:false
2026-03-10 00:55:01,097 INFO o.a.j.t.JMeterThread: Thread finished: Thread Group 1-73
2026-03-10 00:55:01,097 INFO o.a.j.t.JMeterThread: Stop Thread seen for thread Thread Group 1-57, reason: org.apache.jorphan.util.JMeterStopThreadException: End of file:/Users/gimhuiheon/Documents/study/java-multi-threading/resources/throughput/search_words.csv detected for CSV DataSet:CSV Data Set Config configured with stopThread:true, recycle:false
2026-03-10 00:55:01,097 INFO o.a.j.t.JMeterThread: Thread finished: Thread Group 1-57
2026-03-10 00:55:01,098 INFO o.a.j.t.JMeterThread: Stop Thread seen for thread Thread Group 1-35, reason: org.apache.jorphan.util.JMeterStopThreadException: End of file:/Users/gimhuiheon/Documents/study/java-multi-threading/resources/throughput/search_words.csv detected for CSV DataSet:CSV Data Set Config configured with stopThread:true, recycle:false
2026-03-10 00:55:01,098 INFO o.a.j.t.JMeterThread: Thread finished: Thread Group 1-35
2026-03-10 00:55:01,099 INFO o.a.j.t.JMeterThread: Stop Thread seen for thread Thread Group 1-55, reason: org.apache.jorphan.util.JMeterStopThreadException: End of file:/Users/gimhuiheon/Documents/study/java-multi-threading/resources/throughput/search_words.csv detected for CSV DataSet:CSV Data Set Config configured with stopThread:true, recycle:false
2026-03-10 00:55:01,099 INFO o.a.j.t.JMeterThread: Thread finished: Thread Group 1-55
2026-03-10 00:55:01,100 INFO o.a.j.t.JMeterThread: Stop Thread seen for thread Thread Group 1-72, reason: org.apache.jorphan.util.JMeterStopThreadException: End of file:/Users/gimhuiheon/Documents/study/java-multi-threading/resources/throughput/search_words.csv detected for CSV DataSet:CSV Data Set Config configured with stopThread:true, recycle:false
2026-03-10 00:55:01,100 INFO o.a.j.t.JMeterThread: Thread finished: Thread Group 1-72
2026-03-10 00:55:01,100 INFO o.a.j.t.JMeterThread: Stop Thread seen for thread Thread Group 1-84, reason: org.apache.jorphan.util.JMeterStopThreadException: End of file:/Users/gimhuiheon/Documents/study/java-multi-threading/resources/throughput/search_words.csv detected for CSV DataSet:CSV Data Set Config configured with stopThread:true, recycle:false
2026-03-10 00:55:01,100 INFO o.a.j.t.JMeterThread: Thread finished: Thread Group 1-84
2026-03-10 00:55:01,100 INFO o.a.j.t.JMeterThread: Stop Thread seen for thread Thread Group 1-71, reason: org.apache.jorphan.util.JMeterStopThreadException: End of file:/Users/gimhuiheon/Documents/study/java-multi-threading/resources/throughput/search_words.csv detected for CSV DataSet:CSV Data Set Config configured with stopThread:true, recycle:false
2026-03-10 00:55:01,100 INFO o.a.j.t.JMeterThread: Thread finished: Thread Group 1-71
2026-03-10 00:55:01,101 INFO o.a.j.e.StandardJMeterEngine: Notifying test listeners of end of test
2026-03-10 00:55:01,101 INFO o.a.j.s.FileServer: Close: /Users/gimhuiheon/Documents/study/java-multi-threading/resources/throughput/search_words.csv
2026-03-10 00:55:01,101 INFO o.a.j.g.u.JMeterMenuBar: setRunning(false, *local*)
2026-03-10 00:55:04,468 INFO o.a.j.e.StandardJMeterEngine: Running the test!
2026-03-10 00:55:04,469 INFO o.a.j.s.SampleEvent: List of sample_variables: []
2026-03-10 00:55:04,469 INFO o.a.j.g.u.JMeterMenuBar: setRunning(true, *local*)
2026-03-10 00:55:04,499 INFO o.a.j.e.StandardJMeterEngine: Starting ThreadGroup: 1 : Thread Group
2026-03-10 00:55:04,499 INFO o.a.j.e.StandardJMeterEngine: Starting 100 threads for group Thread Group.
2026-03-10 00:55:04,499 INFO o.a.j.e.StandardJMeterEngine: Thread will continue on error
2026-03-10 00:55:04,499 INFO o.a.j.t.ThreadGroup: Starting thread group... number=1 threads=100 ramp-up=1 delayedStart=false
2026-03-10 00:55:04,500 INFO o.a.j.t.JMeterThread: Thread started: Thread Group 1-1
2026-03-10 00:55:04,500 INFO o.a.j.s.FileServer: Stored: /Users/gimhuiheon/Documents/study/java-multi-threading/resources/throughput/search_words.csv
2026-03-10 00:55:04,510 INFO o.a.j.t.ThreadGroup: Started thread group number 1
2026-03-10 00:55:04,510 INFO o.a.j.e.StandardJMeterEngine: All thread groups have been started
2026-03-10 00:55:04,512 INFO o.a.j.t.JMeterThread: Thread started: Thread Group 1-2
2026-03-10 00:55:04,521 INFO o.a.j.t.JMeterThread: Thread started: Thread Group 1-3
2026-03-10 00:55:04,531 INFO o.a.j.t.JMeterThread: Thread started: Thread Group 1-4
2026-03-10 00:55:04,541 INFO o.a.j.t.JMeterThread: Thread started: Thread Group 1-5
2026-03-10 00:55:04,551 INFO o.a.j.t.JMeterThread: Thread started: Thread Group 1-6
2026-03-10 00:55:04,565 INFO o.a.j.t.JMeterThread: Thread started: Thread Group 1-7
2026-03-10 00:55:04,572 INFO o.a.j.t.JMeterThread: Thread started: Thread Group 1-8
2026-03-10 00:55:04,581 INFO o.a.j.t.JMeterThread: Thread started: Thread Group 1-9
2026-03-10 00:55:04,590 INFO o.a.j.t.JMeterThread: Thread started: Thread Group 1-10
2026-03-10 00:55:04,601 INFO o.a.j.t.JMeterThread: Thread started: Thread Group 1-11
2026-03-10 00:55:04,614 INFO o.a.j.t.JMeterThread: Thread started: Thread Group 1-12
2026-03-10 00:55:04,625 INFO o.a.j.t.JMeterThread: Thread started: Thread Group 1-13
2026-03-10 00:55:04,631 INFO o.a.j.t.JMeterThread: Thread started: Thread Group 1-14
2026-03-10 00:55:04,640 INFO o.a.j.t.JMeterThread: Thread started: Thread Group 1-15
2026-03-10 00:55:04,654 INFO o.a.j.t.JMeterThread: Thread started: Thread Group 1-16
2026-03-10 00:55:04,660 INFO o.a.j.t.JMeterThread: Thread started: Thread Group 1-17
2026-03-10 00:55:04,674 INFO o.a.j.t.JMeterThread: Thread started: Thread Group 1-18
2026-03-10 00:55:04,684 INFO o.a.j.t.JMeterThread: Thread started: Thread Group 1-19
2026-03-10 00:55:04,694 INFO o.a.j.t.JMeterThread: Thread started: Thread Group 1-20
2026-03-10 00:55:04,701 INFO o.a.j.t.JMeterThread: Thread started: Thread Group 1-21
2026-03-10 00:55:04,714 INFO o.a.j.t.JMeterThread: Thread started: Thread Group 1-22
2026-03-10 00:55:04,719 INFO o.a.j.t.JMeterThread: Thread started: Thread Group 1-23
2026-03-10 00:55:04,734 INFO o.a.j.t.JMeterThread: Thread started: Thread Group 1-24
2026-03-10 00:55:04,745 INFO o.a.j.t.JMeterThread: Thread started: Thread Group 1-25
2026-03-10 00:55:04,750 INFO o.a.j.t.JMeterThread: Thread started: Thread Group 1-26
2026-03-10 00:55:04,761 INFO o.a.j.t.JMeterThread: Thread started: Thread Group 1-27
2026-03-10 00:55:04,773 INFO o.a.j.t.JMeterThread: Thread started: Thread Group 1-28
2026-03-10 00:55:04,784 INFO o.a.j.t.JMeterThread: Thread started: Thread Group 1-29
2026-03-10 00:55:04,790 INFO o.a.j.t.JMeterThread: Thread started: Thread Group 1-30
2026-03-10 00:55:04,803 INFO o.a.j.t.JMeterThread: Thread started: Thread Group 1-31
2026-03-10 00:55:04,813 INFO o.a.j.t.JMeterThread: Thread started: Thread Group 1-32
2026-03-10 00:55:04,824 INFO o.a.j.t.JMeterThread: Thread started: Thread Group 1-33
2026-03-10 00:55:04,831 INFO o.a.j.t.JMeterThread: Thread started: Thread Group 1-34
2026-03-10 00:55:04,844 INFO o.a.j.t.JMeterThread: Thread started: Thread Group 1-35
2026-03-10 00:55:04,850 INFO o.a.j.t.JMeterThread: Thread started: Thread Group 1-36
2026-03-10 00:55:04,864 INFO o.a.j.t.JMeterThread: Thread started: Thread Group 1-37
2026-03-10 00:55:04,873 INFO o.a.j.t.JMeterThread: Thread started: Thread Group 1-38
2026-03-10 00:55:04,881 INFO o.a.j.t.JMeterThread: Thread started: Thread Group 1-39
2026-03-10 00:55:04,894 INFO o.a.j.t.JMeterThread: Thread started: Thread Group 1-40
2026-03-10 00:55:04,901 INFO o.a.j.t.JMeterThread: Thread started: Thread Group 1-41
2026-03-10 00:55:04,910 INFO o.a.j.t.JMeterThread: Thread started: Thread Group 1-42
2026-03-10 00:55:04,924 INFO o.a.j.t.JMeterThread: Thread started: Thread Group 1-43
2026-03-10 00:55:04,931 INFO o.a.j.t.JMeterThread: Thread started: Thread Group 1-44
2026-03-10 00:55:04,944 INFO o.a.j.t.JMeterThread: Thread started: Thread Group 1-45
2026-03-10 00:55:04,951 INFO o.a.j.t.JMeterThread: Thread started: Thread Group 1-46
2026-03-10 00:55:04,963 INFO o.a.j.t.JMeterThread: Thread started: Thread Group 1-47
2026-03-10 00:55:04,973 INFO o.a.j.t.JMeterThread: Thread started: Thread Group 1-48
2026-03-10 00:55:04,984 INFO o.a.j.t.JMeterThread: Thread started: Thread Group 1-49
2026-03-10 00:55:04,992 INFO o.a.j.t.JMeterThread: Thread started: Thread Group 1-50
2026-03-10 00:55:05,001 INFO o.a.j.t.JMeterThread: Thread started: Thread Group 1-51
2026-03-10 00:55:05,014 INFO o.a.j.t.JMeterThread: Thread started: Thread Group 1-52
2026-03-10 00:55:05,022 INFO o.a.j.t.JMeterThread: Thread started: Thread Group 1-53
2026-03-10 00:55:05,031 INFO o.a.j.t.JMeterThread: Thread started: Thread Group 1-54
2026-03-10 00:55:05,040 INFO o.a.j.t.JMeterThread: Thread started: Thread Group 1-55
2026-03-10 00:55:05,051 INFO o.a.j.t.JMeterThread: Thread started: Thread Group 1-56
2026-03-10 00:55:05,065 INFO o.a.j.t.JMeterThread: Thread started: Thread Group 1-57
2026-03-10 00:55:05,074 INFO o.a.j.t.JMeterThread: Thread started: Thread Group 1-58
2026-03-10 00:55:05,081 INFO o.a.j.t.JMeterThread: Thread started: Thread Group 1-59
2026-03-10 00:55:05,094 INFO o.a.j.t.JMeterThread: Thread started: Thread Group 1-60
2026-03-10 00:55:05,104 INFO o.a.j.t.JMeterThread: Thread started: Thread Group 1-61
2026-03-10 00:55:05,114 INFO o.a.j.t.JMeterThread: Thread started: Thread Group 1-62
2026-03-10 00:55:05,124 INFO o.a.j.t.JMeterThread: Thread started: Thread Group 1-63
2026-03-10 00:55:05,131 INFO o.a.j.t.JMeterThread: Thread started: Thread Group 1-64
2026-03-10 00:55:05,140 INFO o.a.j.t.JMeterThread: Thread started: Thread Group 1-65
2026-03-10 00:55:05,154 INFO o.a.j.t.JMeterThread: Thread started: Thread Group 1-66
2026-03-10 00:55:05,164 INFO o.a.j.t.JMeterThread: Thread started: Thread Group 1-67
2026-03-10 00:55:05,173 INFO o.a.j.t.JMeterThread: Thread started: Thread Group 1-68
2026-03-10 00:55:05,183 INFO o.a.j.t.JMeterThread: Thread started: Thread Group 1-69
2026-03-10 00:55:05,189 INFO o.a.j.t.JMeterThread: Thread started: Thread Group 1-70
2026-03-10 00:55:05,203 INFO o.a.j.t.JMeterThread: Thread started: Thread Group 1-71
2026-03-10 00:55:05,214 INFO o.a.j.t.JMeterThread: Thread started: Thread Group 1-72
2026-03-10 00:55:05,224 INFO o.a.j.t.JMeterThread: Thread started: Thread Group 1-73
2026-03-10 00:55:05,232 INFO o.a.j.t.JMeterThread: Thread started: Thread Group 1-74
2026-03-10 00:55:05,241 INFO o.a.j.t.JMeterThread: Thread started: Thread Group 1-75
2026-03-10 00:55:05,255 INFO o.a.j.t.JMeterThread: Thread started: Thread Group 1-76
2026-03-10 00:55:05,264 INFO o.a.j.t.JMeterThread: Thread started: Thread Group 1-77
2026-03-10 00:55:05,273 INFO o.a.j.t.JMeterThread: Thread started: Thread Group 1-78
2026-03-10 00:55:05,283 INFO o.a.j.t.JMeterThread: Thread started: Thread Group 1-79
2026-03-10 00:55:05,293 INFO o.a.j.t.JMeterThread: Thread started: Thread Group 1-80
2026-03-10 00:55:05,304 INFO o.a.j.t.JMeterThread: Thread started: Thread Group 1-81
2026-03-10 00:55:05,315 INFO o.a.j.t.JMeterThread: Thread started: Thread Group 1-82
2026-03-10 00:55:05,324 INFO o.a.j.t.JMeterThread: Thread started: Thread Group 1-83
2026-03-10 00:55:05,331 INFO o.a.j.t.JMeterThread: Thread started: Thread Group 1-84
2026-03-10 00:55:05,340 INFO o.a.j.t.JMeterThread: Thread started: Thread Group 1-85
2026-03-10 00:55:05,353 INFO o.a.j.t.JMeterThread: Thread started: Thread Group 1-86
2026-03-10 00:55:05,364 INFO o.a.j.t.JMeterThread: Thread started: Thread Group 1-87
2026-03-10 00:55:05,373 INFO o.a.j.t.JMeterThread: Thread started: Thread Group 1-88
2026-03-10 00:55:05,382 INFO o.a.j.t.JMeterThread: Thread started: Thread Group 1-89
2026-03-10 00:55:05,390 INFO o.a.j.t.JMeterThread: Thread started: Thread Group 1-90
2026-03-10 00:55:05,401 INFO o.a.j.t.JMeterThread: Thread started: Thread Group 1-91
2026-03-10 00:55:05,415 INFO o.a.j.t.JMeterThread: Thread started: Thread Group 1-92
2026-03-10 00:55:05,420 INFO o.a.j.t.JMeterThread: Thread started: Thread Group 1-93
2026-03-10 00:55:05,431 INFO o.a.j.t.JMeterThread: Thread started: Thread Group 1-94
2026-03-10 00:55:05,439 INFO o.a.j.t.JMeterThread: Thread started: Thread Group 1-95
2026-03-10 00:55:05,449 INFO o.a.j.t.JMeterThread: Thread started: Thread Group 1-96
2026-03-10 00:55:05,464 INFO o.a.j.t.JMeterThread: Thread started: Thread Group 1-97
2026-03-10 00:55:05,469 INFO o.a.j.t.JMeterThread: Thread started: Thread Group 1-98
2026-03-10 00:55:05,481 INFO o.a.j.t.JMeterThread: Thread started: Thread Group 1-99
2026-03-10 00:55:05,494 INFO o.a.j.t.JMeterThread: Thread started: Thread Group 1-100
2026-03-10 00:55:06,110 INFO o.a.j.t.JMeterThread: Stop Thread seen for thread Thread Group 1-56, reason: org.apache.jorphan.util.JMeterStopThreadException: End of file:/Users/gimhuiheon/Documents/study/java-multi-threading/resources/throughput/search_words.csv detected for CSV DataSet:CSV Data Set Config configured with stopThread:true, recycle:false
2026-03-10 00:55:06,110 INFO o.a.j.t.JMeterThread: Thread finished: Thread Group 1-56
2026-03-10 00:55:06,110 INFO o.a.j.t.JMeterThread: Stop Thread seen for thread Thread Group 1-10, reason: org.apache.jorphan.util.JMeterStopThreadException: End of file:/Users/gimhuiheon/Documents/study/java-multi-threading/resources/throughput/search_words.csv detected for CSV DataSet:CSV Data Set Config configured with stopThread:true, recycle:false
2026-03-10 00:55:06,110 INFO o.a.j.t.JMeterThread: Thread finished: Thread Group 1-10
2026-03-10 00:55:06,111 INFO o.a.j.t.JMeterThread: Stop Thread seen for thread Thread Group 1-85, reason: org.apache.jorphan.util.JMeterStopThreadException: End of file:/Users/gimhuiheon/Documents/study/java-multi-threading/resources/throughput/search_words.csv detected for CSV DataSet:CSV Data Set Config configured with stopThread:true, recycle:false
2026-03-10 00:55:06,111 INFO o.a.j.t.JMeterThread: Thread finished: Thread Group 1-85
2026-03-10 00:55:06,111 INFO o.a.j.t.JMeterThread: Stop Thread seen for thread Thread Group 1-33, reason: org.apache.jorphan.util.JMeterStopThreadException: End of file:/Users/gimhuiheon/Documents/study/java-multi-threading/resources/throughput/search_words.csv detected for CSV DataSet:CSV Data Set Config configured with stopThread:true, recycle:false
2026-03-10 00:55:06,111 INFO o.a.j.t.JMeterThread: Thread finished: Thread Group 1-33
2026-03-10 00:55:06,113 INFO o.a.j.t.JMeterThread: Stop Thread seen for thread Thread Group 1-80, reason: org.apache.jorphan.util.JMeterStopThreadException: End of file:/Users/gimhuiheon/Documents/study/java-multi-threading/resources/throughput/search_words.csv detected for CSV DataSet:CSV Data Set Config configured with stopThread:true, recycle:false
2026-03-10 00:55:06,113 INFO o.a.j.t.JMeterThread: Thread finished: Thread Group 1-80
2026-03-10 00:55:06,113 INFO o.a.j.t.JMeterThread: Stop Thread seen for thread Thread Group 1-68, reason: org.apache.jorphan.util.JMeterStopThreadException: End of file:/Users/gimhuiheon/Documents/study/java-multi-threading/resources/throughput/search_words.csv detected for CSV DataSet:CSV Data Set Config configured with stopThread:true, recycle:false
2026-03-10 00:55:06,113 INFO o.a.j.t.JMeterThread: Thread finished: Thread Group 1-68
2026-03-10 00:55:06,114 INFO o.a.j.t.JMeterThread: Stop Thread seen for thread Thread Group 1-76, reason: org.apache.jorphan.util.JMeterStopThreadException: End of file:/Users/gimhuiheon/Documents/study/java-multi-threading/resources/throughput/search_words.csv detected for CSV DataSet:CSV Data Set Config configured with stopThread:true, recycle:false
2026-03-10 00:55:06,114 INFO o.a.j.t.JMeterThread: Thread finished: Thread Group 1-76
2026-03-10 00:55:06,114 INFO o.a.j.t.JMeterThread: Stop Thread seen for thread Thread Group 1-14, reason: org.apache.jorphan.util.JMeterStopThreadException: End of file:/Users/gimhuiheon/Documents/study/java-multi-threading/resources/throughput/search_words.csv detected for CSV DataSet:CSV Data Set Config configured with stopThread:true, recycle:false
2026-03-10 00:55:06,114 INFO o.a.j.t.JMeterThread: Thread finished: Thread Group 1-14
2026-03-10 00:55:06,116 INFO o.a.j.t.JMeterThread: Stop Thread seen for thread Thread Group 1-35, reason: org.apache.jorphan.util.JMeterStopThreadException: End of file:/Users/gimhuiheon/Documents/study/java-multi-threading/resources/throughput/search_words.csv detected for CSV DataSet:CSV Data Set Config configured with stopThread:true, recycle:false
2026-03-10 00:55:06,116 INFO o.a.j.t.JMeterThread: Thread finished: Thread Group 1-35
2026-03-10 00:55:06,116 INFO o.a.j.t.JMeterThread: Stop Thread seen for thread Thread Group 1-23, reason: org.apache.jorphan.util.JMeterStopThreadException: End of file:/Users/gimhuiheon/Documents/study/java-multi-threading/resources/throughput/search_words.csv detected for CSV DataSet:CSV Data Set Config configured with stopThread:true, recycle:false
2026-03-10 00:55:06,116 INFO o.a.j.t.JMeterThread: Thread finished: Thread Group 1-23
2026-03-10 00:55:06,117 INFO o.a.j.t.JMeterThread: Stop Thread seen for thread Thread Group 1-72, reason: org.apache.jorphan.util.JMeterStopThreadException: End of file:/Users/gimhuiheon/Documents/study/java-multi-threading/resources/throughput/search_words.csv detected for CSV DataSet:CSV Data Set Config configured with stopThread:true, recycle:false
2026-03-10 00:55:06,117 INFO o.a.j.t.JMeterThread: Thread finished: Thread Group 1-72
2026-03-10 00:55:06,117 INFO o.a.j.t.JMeterThread: Stop Thread seen for thread Thread Group 1-12, reason: org.apache.jorphan.util.JMeterStopThreadException: End of file:/Users/gimhuiheon/Documents/study/java-multi-threading/resources/throughput/search_words.csv detected for CSV DataSet:CSV Data Set Config configured with stopThread:true, recycle:false
2026-03-10 00:55:06,118 INFO o.a.j.t.JMeterThread: Thread finished: Thread Group 1-12
2026-03-10 00:55:06,120 INFO o.a.j.t.JMeterThread: Stop Thread seen for thread Thread Group 1-30, reason: org.apache.jorphan.util.JMeterStopThreadException: End of file:/Users/gimhuiheon/Documents/study/java-multi-threading/resources/throughput/search_words.csv detected for CSV DataSet:CSV Data Set Config configured with stopThread:true, recycle:false
2026-03-10 00:55:06,120 INFO o.a.j.t.JMeterThread: Thread finished: Thread Group 1-30
2026-03-10 00:55:06,120 INFO o.a.j.t.JMeterThread: Stop Thread seen for thread Thread Group 1-25, reason: org.apache.jorphan.util.JMeterStopThreadException: End of file:/Users/gimhuiheon/Documents/study/java-multi-threading/resources/throughput/search_words.csv detected for CSV DataSet:CSV Data Set Config configured with stopThread:true, recycle:false
2026-03-10 00:55:06,120 INFO o.a.j.t.JMeterThread: Thread finished: Thread Group 1-25
2026-03-10 00:55:06,121 INFO o.a.j.t.JMeterThread: Stop Thread seen for thread Thread Group 1-11, reason: org.apache.jorphan.util.JMeterStopThreadException: End of file:/Users/gimhuiheon/Documents/study/java-multi-threading/resources/throughput/search_words.csv detected for CSV DataSet:CSV Data Set Config configured with stopThread:true, recycle:false
2026-03-10 00:55:06,121 INFO o.a.j.t.JMeterThread: Thread finished: Thread Group 1-11
2026-03-10 00:55:06,121 INFO o.a.j.t.JMeterThread: Stop Thread seen for thread Thread Group 1-77, reason: org.apache.jorphan.util.JMeterStopThreadException: End of file:/Users/gimhuiheon/Documents/study/java-multi-threading/resources/throughput/search_words.csv detected for CSV DataSet:CSV Data Set Config configured with stopThread:true, recycle:false
2026-03-10 00:55:06,121 INFO o.a.j.t.JMeterThread: Thread finished: Thread Group 1-77
2026-03-10 00:55:06,121 INFO o.a.j.t.JMeterThread: Stop Thread seen for thread Thread Group 1-17, reason: org.apache.jorphan.util.JMeterStopThreadException: End of file:/Users/gimhuiheon/Documents/study/java-multi-threading/resources/throughput/search_words.csv detected for CSV DataSet:CSV Data Set Config configured with stopThread:true, recycle:false
2026-03-10 00:55:06,121 INFO o.a.j.t.JMeterThread: Thread finished: Thread Group 1-17
2026-03-10 00:55:06,122 INFO o.a.j.t.JMeterThread: Stop Thread seen for thread Thread Group 1-81, reason: org.apache.jorphan.util.JMeterStopThreadException: End of file:/Users/gimhuiheon/Documents/study/java-multi-threading/resources/throughput/search_words.csv detected for CSV DataSet:CSV Data Set Config configured with stopThread:true, recycle:false
2026-03-10 00:55:06,122 INFO o.a.j.t.JMeterThread: Thread finished: Thread Group 1-81
2026-03-10 00:55:06,124 INFO o.a.j.t.JMeterThread: Stop Thread seen for thread Thread Group 1-37, reason: org.apache.jorphan.util.JMeterStopThreadException: End of file:/Users/gimhuiheon/Documents/study/java-multi-threading/resources/throughput/search_words.csv detected for CSV DataSet:CSV Data Set Config configured with stopThread:true, recycle:false
2026-03-10 00:55:06,124 INFO o.a.j.t.JMeterThread: Thread finished: Thread Group 1-37
2026-03-10 00:55:06,124 INFO o.a.j.t.JMeterThread: Stop Thread seen for thread Thread Group 1-86, reason: org.apache.jorphan.util.JMeterStopThreadException: End of file:/Users/gimhuiheon/Documents/study/java-multi-threading/resources/throughput/search_words.csv detected for CSV DataSet:CSV Data Set Config configured with stopThread:true, recycle:false
2026-03-10 00:55:06,124 INFO o.a.j.t.JMeterThread: Thread finished: Thread Group 1-86
2026-03-10 00:55:06,125 INFO o.a.j.t.JMeterThread: Stop Thread seen for thread Thread Group 1-98, reason: org.apache.jorphan.util.JMeterStopThreadException: End of file:/Users/gimhuiheon/Documents/study/java-multi-threading/resources/throughput/search_words.csv detected for CSV DataSet:CSV Data Set Config configured with stopThread:true, recycle:false
2026-03-10 00:55:06,125 INFO o.a.j.t.JMeterThread: Thread finished: Thread Group 1-98
2026-03-10 00:55:06,125 INFO o.a.j.t.JMeterThread: Stop Thread seen for thread Thread Group 1-28, reason: org.apache.jorphan.util.JMeterStopThreadException: End of file:/Users/gimhuiheon/Documents/study/java-multi-threading/resources/throughput/search_words.csv detected for CSV DataSet:CSV Data Set Config configured with stopThread:true, recycle:false
2026-03-10 00:55:06,125 INFO o.a.j.t.JMeterThread: Thread finished: Thread Group 1-28
2026-03-10 00:55:06,126 INFO o.a.j.t.JMeterThread: Stop Thread seen for thread Thread Group 1-47, reason: org.apache.jorphan.util.JMeterStopThreadException: End of file:/Users/gimhuiheon/Documents/study/java-multi-threading/resources/throughput/search_words.csv detected for CSV DataSet:CSV Data Set Config configured with stopThread:true, recycle:false
2026-03-10 00:55:06,126 INFO o.a.j.t.JMeterThread: Thread finished: Thread Group 1-47
2026-03-10 00:55:06,127 INFO o.a.j.t.JMeterThread: Stop Thread seen for thread Thread Group 1-32, reason: org.apache.jorphan.util.JMeterStopThreadException: End of file:/Users/gimhuiheon/Documents/study/java-multi-threading/resources/throughput/search_words.csv detected for CSV DataSet:CSV Data Set Config configured with stopThread:true, recycle:false
2026-03-10 00:55:06,127 INFO o.a.j.t.JMeterThread: Thread finished: Thread Group 1-32
2026-03-10 00:55:06,128 INFO o.a.j.t.JMeterThread: Stop Thread seen for thread Thread Group 1-7, reason: org.apache.jorphan.util.JMeterStopThreadException: End of file:/Users/gimhuiheon/Documents/study/java-multi-threading/resources/throughput/search_words.csv detected for CSV DataSet:CSV Data Set Config configured with stopThread:true, recycle:false
2026-03-10 00:55:06,128 INFO o.a.j.t.JMeterThread: Thread finished: Thread Group 1-7
2026-03-10 00:55:06,128 INFO o.a.j.t.JMeterThread: Stop Thread seen for thread Thread Group 1-6, reason: org.apache.jorphan.util.JMeterStopThreadException: End of file:/Users/gimhuiheon/Documents/study/java-multi-threading/resources/throughput/search_words.csv detected for CSV DataSet:CSV Data Set Config configured with stopThread:true, recycle:false
2026-03-10 00:55:06,128 INFO o.a.j.t.JMeterThread: Thread finished: Thread Group 1-6
2026-03-10 00:55:06,129 INFO o.a.j.t.JMeterThread: Stop Thread seen for thread Thread Group 1-49, reason: org.apache.jorphan.util.JMeterStopThreadException: End of file:/Users/gimhuiheon/Documents/study/java-multi-threading/resources/throughput/search_words.csv detected for CSV DataSet:CSV Data Set Config configured with stopThread:true, recycle:false
2026-03-10 00:55:06,129 INFO o.a.j.t.JMeterThread: Thread finished: Thread Group 1-49
2026-03-10 00:55:06,130 INFO o.a.j.t.JMeterThread: Stop Thread seen for thread Thread Group 1-65, reason: org.apache.jorphan.util.JMeterStopThreadException: End of file:/Users/gimhuiheon/Documents/study/java-multi-threading/resources/throughput/search_words.csv detected for CSV DataSet:CSV Data Set Config configured with stopThread:true, recycle:false
2026-03-10 00:55:06,130 INFO o.a.j.t.JMeterThread: Thread finished: Thread Group 1-65
2026-03-10 00:55:06,131 INFO o.a.j.t.JMeterThread: Stop Thread seen for thread Thread Group 1-42, reason: org.apache.jorphan.util.JMeterStopThreadException: End of file:/Users/gimhuiheon/Documents/study/java-multi-threading/resources/throughput/search_words.csv detected for CSV DataSet:CSV Data Set Config configured with stopThread:true, recycle:false
2026-03-10 00:55:06,131 INFO o.a.j.t.JMeterThread: Thread finished: Thread Group 1-42
2026-03-10 00:55:06,131 INFO o.a.j.t.JMeterThread: Stop Thread seen for thread Thread Group 1-97, reason: org.apache.jorphan.util.JMeterStopThreadException: End of file:/Users/gimhuiheon/Documents/study/java-multi-threading/resources/throughput/search_words.csv detected for CSV DataSet:CSV Data Set Config configured with stopThread:true, recycle:false
2026-03-10 00:55:06,131 INFO o.a.j.t.JMeterThread: Thread finished: Thread Group 1-97
2026-03-10 00:55:06,132 INFO o.a.j.t.JMeterThread: Stop Thread seen for thread Thread Group 1-91, reason: org.apache.jorphan.util.JMeterStopThreadException: End of file:/Users/gimhuiheon/Documents/study/java-multi-threading/resources/throughput/search_words.csv detected for CSV DataSet:CSV Data Set Config configured with stopThread:true, recycle:false
2026-03-10 00:55:06,132 INFO o.a.j.t.JMeterThread: Thread finished: Thread Group 1-91
2026-03-10 00:55:06,133 INFO o.a.j.t.JMeterThread: Stop Thread seen for thread Thread Group 1-60, reason: org.apache.jorphan.util.JMeterStopThreadException: End of file:/Users/gimhuiheon/Documents/study/java-multi-threading/resources/throughput/search_words.csv detected for CSV DataSet:CSV Data Set Config configured with stopThread:true, recycle:false
2026-03-10 00:55:06,133 INFO o.a.j.t.JMeterThread: Thread finished: Thread Group 1-60
2026-03-10 00:55:06,133 INFO o.a.j.t.JMeterThread: Stop Thread seen for thread Thread Group 1-53, reason: org.apache.jorphan.util.JMeterStopThreadException: End of file:/Users/gimhuiheon/Documents/study/java-multi-threading/resources/throughput/search_words.csv detected for CSV DataSet:CSV Data Set Config configured with stopThread:true, recycle:false
2026-03-10 00:55:06,133 INFO o.a.j.t.JMeterThread: Thread finished: Thread Group 1-53
2026-03-10 00:55:06,134 INFO o.a.j.t.JMeterThread: Stop Thread seen for thread Thread Group 1-57, reason: org.apache.jorphan.util.JMeterStopThreadException: End of file:/Users/gimhuiheon/Documents/study/java-multi-threading/resources/throughput/search_words.csv detected for CSV DataSet:CSV Data Set Config configured with stopThread:true, recycle:false
2026-03-10 00:55:06,134 INFO o.a.j.t.JMeterThread: Thread finished: Thread Group 1-57
2026-03-10 00:55:06,136 INFO o.a.j.t.JMeterThread: Stop Thread seen for thread Thread Group 1-92, reason: org.apache.jorphan.util.JMeterStopThreadException: End of file:/Users/gimhuiheon/Documents/study/java-multi-threading/resources/throughput/search_words.csv detected for CSV DataSet:CSV Data Set Config configured with stopThread:true, recycle:false
2026-03-10 00:55:06,136 INFO o.a.j.t.JMeterThread: Thread finished: Thread Group 1-92
2026-03-10 00:55:06,136 INFO o.a.j.t.JMeterThread: Stop Thread seen for thread Thread Group 1-73, reason: org.apache.jorphan.util.JMeterStopThreadException: End of file:/Users/gimhuiheon/Documents/study/java-multi-threading/resources/throughput/search_words.csv detected for CSV DataSet:CSV Data Set Config configured with stopThread:true, recycle:false
2026-03-10 00:55:06,137 INFO o.a.j.t.JMeterThread: Stop Thread seen for thread Thread Group 1-50, reason: org.apache.jorphan.util.JMeterStopThreadException: End of file:/Users/gimhuiheon/Documents/study/java-multi-threading/resources/throughput/search_words.csv detected for CSV DataSet:CSV Data Set Config configured with stopThread:true, recycle:false
2026-03-10 00:55:06,137 INFO o.a.j.t.JMeterThread: Thread finished: Thread Group 1-50
2026-03-10 00:55:06,137 INFO o.a.j.t.JMeterThread: Thread finished: Thread Group 1-73
2026-03-10 00:55:06,137 INFO o.a.j.t.JMeterThread: Stop Thread seen for thread Thread Group 1-21, reason: org.apache.jorphan.util.JMeterStopThreadException: End of file:/Users/gimhuiheon/Documents/study/java-multi-threading/resources/throughput/search_words.csv detected for CSV DataSet:CSV Data Set Config configured with stopThread:true, recycle:false
2026-03-10 00:55:06,137 INFO o.a.j.t.JMeterThread: Thread finished: Thread Group 1-21
2026-03-10 00:55:06,139 INFO o.a.j.t.JMeterThread: Stop Thread seen for thread Thread Group 1-69, reason: org.apache.jorphan.util.JMeterStopThreadException: End of file:/Users/gimhuiheon/Documents/study/java-multi-threading/resources/throughput/search_words.csv detected for CSV DataSet:CSV Data Set Config configured with stopThread:true, recycle:false
2026-03-10 00:55:06,139 INFO o.a.j.t.JMeterThread: Thread finished: Thread Group 1-69
2026-03-10 00:55:06,139 INFO o.a.j.t.JMeterThread: Stop Thread seen for thread Thread Group 1-87, reason: org.apache.jorphan.util.JMeterStopThreadException: End of file:/Users/gimhuiheon/Documents/study/java-multi-threading/resources/throughput/search_words.csv detected for CSV DataSet:CSV Data Set Config configured with stopThread:true, recycle:false
2026-03-10 00:55:06,139 INFO o.a.j.t.JMeterThread: Thread finished: Thread Group 1-87
2026-03-10 00:55:06,140 INFO o.a.j.t.JMeterThread: Stop Thread seen for thread Thread Group 1-66, reason: org.apache.jorphan.util.JMeterStopThreadException: End of file:/Users/gimhuiheon/Documents/study/java-multi-threading/resources/throughput/search_words.csv detected for CSV DataSet:CSV Data Set Config configured with stopThread:true, recycle:false
2026-03-10 00:55:06,140 INFO o.a.j.t.JMeterThread: Thread finished: Thread Group 1-66
2026-03-10 00:55:06,141 INFO o.a.j.t.JMeterThread: Stop Thread seen for thread Thread Group 1-61, reason: org.apache.jorphan.util.JMeterStopThreadException: End of file:/Users/gimhuiheon/Documents/study/java-multi-threading/resources/throughput/search_words.csv detected for CSV DataSet:CSV Data Set Config configured with stopThread:true, recycle:false
2026-03-10 00:55:06,141 INFO o.a.j.t.JMeterThread: Thread finished: Thread Group 1-61
2026-03-10 00:55:06,143 INFO o.a.j.t.JMeterThread: Stop Thread seen for thread Thread Group 1-22, reason: org.apache.jorphan.util.JMeterStopThreadException: End of file:/Users/gimhuiheon/Documents/study/java-multi-threading/resources/throughput/search_words.csv detected for CSV DataSet:CSV Data Set Config configured with stopThread:true, recycle:false
2026-03-10 00:55:06,143 INFO o.a.j.t.JMeterThread: Thread finished: Thread Group 1-22
2026-03-10 00:55:06,143 INFO o.a.j.t.JMeterThread: Stop Thread seen for thread Thread Group 1-67, reason: org.apache.jorphan.util.JMeterStopThreadException: End of file:/Users/gimhuiheon/Documents/study/java-multi-threading/resources/throughput/search_words.csv detected for CSV DataSet:CSV Data Set Config configured with stopThread:true, recycle:false
2026-03-10 00:55:06,143 INFO o.a.j.t.JMeterThread: Thread finished: Thread Group 1-67
2026-03-10 00:55:06,143 INFO o.a.j.t.JMeterThread: Stop Thread seen for thread Thread Group 1-93, reason: org.apache.jorphan.util.JMeterStopThreadException: End of file:/Users/gimhuiheon/Documents/study/java-multi-threading/resources/throughput/search_words.csv detected for CSV DataSet:CSV Data Set Config configured with stopThread:true, recycle:false
2026-03-10 00:55:06,143 INFO o.a.j.t.JMeterThread: Thread finished: Thread Group 1-93
2026-03-10 00:55:06,145 INFO o.a.j.t.JMeterThread: Stop Thread seen for thread Thread Group 1-63, reason: org.apache.jorphan.util.JMeterStopThreadException: End of file:/Users/gimhuiheon/Documents/study/java-multi-threading/resources/throughput/search_words.csv detected for CSV DataSet:CSV Data Set Config configured with stopThread:true, recycle:false
2026-03-10 00:55:06,145 INFO o.a.j.t.JMeterThread: Thread finished: Thread Group 1-63
2026-03-10 00:55:06,146 INFO o.a.j.t.JMeterThread: Stop Thread seen for thread Thread Group 1-29, reason: org.apache.jorphan.util.JMeterStopThreadException: End of file:/Users/gimhuiheon/Documents/study/java-multi-threading/resources/throughput/search_words.csv detected for CSV DataSet:CSV Data Set Config configured with stopThread:true, recycle:false
2026-03-10 00:55:06,146 INFO o.a.j.t.JMeterThread: Thread finished: Thread Group 1-29
2026-03-10 00:55:06,147 INFO o.a.j.t.JMeterThread: Stop Thread seen for thread Thread Group 1-9, reason: org.apache.jorphan.util.JMeterStopThreadException: End of file:/Users/gimhuiheon/Documents/study/java-multi-threading/resources/throughput/search_words.csv detected for CSV DataSet:CSV Data Set Config configured with stopThread:true, recycle:false
2026-03-10 00:55:06,147 INFO o.a.j.t.JMeterThread: Thread finished: Thread Group 1-9
2026-03-10 00:55:06,147 INFO o.a.j.t.JMeterThread: Stop Thread seen for thread Thread Group 1-99, reason: org.apache.jorphan.util.JMeterStopThreadException: End of file:/Users/gimhuiheon/Documents/study/java-multi-threading/resources/throughput/search_words.csv detected for CSV DataSet:CSV Data Set Config configured with stopThread:true, recycle:false
2026-03-10 00:55:06,147 INFO o.a.j.t.JMeterThread: Thread finished: Thread Group 1-99
2026-03-10 00:55:06,149 INFO o.a.j.t.JMeterThread: Stop Thread seen for thread Thread Group 1-59, reason: org.apache.jorphan.util.JMeterStopThreadException: End of file:/Users/gimhuiheon/Documents/study/java-multi-threading/resources/throughput/search_words.csv detected for CSV DataSet:CSV Data Set Config configured with stopThread:true, recycle:false
2026-03-10 00:55:06,149 INFO o.a.j.t.JMeterThread: Thread finished: Thread Group 1-59
2026-03-10 00:55:06,150 INFO o.a.j.t.JMeterThread: Stop Thread seen for thread Thread Group 1-88, reason: org.apache.jorphan.util.JMeterStopThreadException: End of file:/Users/gimhuiheon/Documents/study/java-multi-threading/resources/throughput/search_words.csv detected for CSV DataSet:CSV Data Set Config configured with stopThread:true, recycle:false
2026-03-10 00:55:06,150 INFO o.a.j.t.JMeterThread: Thread finished: Thread Group 1-88
2026-03-10 00:55:06,150 INFO o.a.j.t.JMeterThread: Stop Thread seen for thread Thread Group 1-70, reason: org.apache.jorphan.util.JMeterStopThreadException: End of file:/Users/gimhuiheon/Documents/study/java-multi-threading/resources/throughput/search_words.csv detected for CSV DataSet:CSV Data Set Config configured with stopThread:true, recycle:false
2026-03-10 00:55:06,150 INFO o.a.j.t.JMeterThread: Thread finished: Thread Group 1-70
2026-03-10 00:55:06,151 INFO o.a.j.t.JMeterThread: Stop Thread seen for thread Thread Group 1-82, reason: org.apache.jorphan.util.JMeterStopThreadException: End of file:/Users/gimhuiheon/Documents/study/java-multi-threading/resources/throughput/search_words.csv detected for CSV DataSet:CSV Data Set Config configured with stopThread:true, recycle:false
2026-03-10 00:55:06,151 INFO o.a.j.t.JMeterThread: Thread finished: Thread Group 1-82
2026-03-10 00:55:06,152 INFO o.a.j.t.JMeterThread: Stop Thread seen for thread Thread Group 1-46, reason: org.apache.jorphan.util.JMeterStopThreadException: End of file:/Users/gimhuiheon/Documents/study/java-multi-threading/resources/throughput/search_words.csv detected for CSV DataSet:CSV Data Set Config configured with stopThread:true, recycle:false
2026-03-10 00:55:06,152 INFO o.a.j.t.JMeterThread: Thread finished: Thread Group 1-46
2026-03-10 00:55:06,154 INFO o.a.j.t.JMeterThread: Stop Thread seen for thread Thread Group 1-74, reason: org.apache.jorphan.util.JMeterStopThreadException: End of file:/Users/gimhuiheon/Documents/study/java-multi-threading/resources/throughput/search_words.csv detected for CSV DataSet:CSV Data Set Config configured with stopThread:true, recycle:false
2026-03-10 00:55:06,154 INFO o.a.j.t.JMeterThread: Thread finished: Thread Group 1-74
2026-03-10 00:55:06,154 INFO o.a.j.t.JMeterThread: Stop Thread seen for thread Thread Group 1-94, reason: org.apache.jorphan.util.JMeterStopThreadException: End of file:/Users/gimhuiheon/Documents/study/java-multi-threading/resources/throughput/search_words.csv detected for CSV DataSet:CSV Data Set Config configured with stopThread:true, recycle:false
2026-03-10 00:55:06,154 INFO o.a.j.t.JMeterThread: Thread finished: Thread Group 1-94
2026-03-10 00:55:06,155 INFO o.a.j.t.JMeterThread: Stop Thread seen for thread Thread Group 1-20, reason: org.apache.jorphan.util.JMeterStopThreadException: End of file:/Users/gimhuiheon/Documents/study/java-multi-threading/resources/throughput/search_words.csv detected for CSV DataSet:CSV Data Set Config configured with stopThread:true, recycle:false
2026-03-10 00:55:06,155 INFO o.a.j.t.JMeterThread: Thread finished: Thread Group 1-20
2026-03-10 00:55:06,156 INFO o.a.j.t.JMeterThread: Stop Thread seen for thread Thread Group 1-78, reason: org.apache.jorphan.util.JMeterStopThreadException: End of file:/Users/gimhuiheon/Documents/study/java-multi-threading/resources/throughput/search_words.csv detected for CSV DataSet:CSV Data Set Config configured with stopThread:true, recycle:false
2026-03-10 00:55:06,156 INFO o.a.j.t.JMeterThread: Thread finished: Thread Group 1-78
2026-03-10 00:55:06,156 INFO o.a.j.t.JMeterThread: Stop Thread seen for thread Thread Group 1-1, reason: org.apache.jorphan.util.JMeterStopThreadException: End of file:/Users/gimhuiheon/Documents/study/java-multi-threading/resources/throughput/search_words.csv detected for CSV DataSet:CSV Data Set Config configured with stopThread:true, recycle:false
2026-03-10 00:55:06,156 INFO o.a.j.t.JMeterThread: Thread finished: Thread Group 1-1
2026-03-10 00:55:06,157 INFO o.a.j.t.JMeterThread: Stop Thread seen for thread Thread Group 1-18, reason: org.apache.jorphan.util.JMeterStopThreadException: End of file:/Users/gimhuiheon/Documents/study/java-multi-threading/resources/throughput/search_words.csv detected for CSV DataSet:CSV Data Set Config configured with stopThread:true, recycle:false
2026-03-10 00:55:06,157 INFO o.a.j.t.JMeterThread: Thread finished: Thread Group 1-18
2026-03-10 00:55:06,159 INFO o.a.j.t.JMeterThread: Stop Thread seen for thread Thread Group 1-43, reason: org.apache.jorphan.util.JMeterStopThreadException: End of file:/Users/gimhuiheon/Documents/study/java-multi-threading/resources/throughput/search_words.csv detected for CSV DataSet:CSV Data Set Config configured with stopThread:true, recycle:false
2026-03-10 00:55:06,159 INFO o.a.j.t.JMeterThread: Thread finished: Thread Group 1-43
2026-03-10 00:55:06,159 INFO o.a.j.t.JMeterThread: Stop Thread seen for thread Thread Group 1-15, reason: org.apache.jorphan.util.JMeterStopThreadException: End of file:/Users/gimhuiheon/Documents/study/java-multi-threading/resources/throughput/search_words.csv detected for CSV DataSet:CSV Data Set Config configured with stopThread:true, recycle:false
2026-03-10 00:55:06,159 INFO o.a.j.t.JMeterThread: Thread finished: Thread Group 1-15
2026-03-10 00:55:06,160 INFO o.a.j.t.JMeterThread: Stop Thread seen for thread Thread Group 1-5, reason: org.apache.jorphan.util.JMeterStopThreadException: End of file:/Users/gimhuiheon/Documents/study/java-multi-threading/resources/throughput/search_words.csv detected for CSV DataSet:CSV Data Set Config configured with stopThread:true, recycle:false
2026-03-10 00:55:06,160 INFO o.a.j.t.JMeterThread: Thread finished: Thread Group 1-5
2026-03-10 00:55:06,161 INFO o.a.j.t.JMeterThread: Stop Thread seen for thread Thread Group 1-26, reason: org.apache.jorphan.util.JMeterStopThreadException: End of file:/Users/gimhuiheon/Documents/study/java-multi-threading/resources/throughput/search_words.csv detected for CSV DataSet:CSV Data Set Config configured with stopThread:true, recycle:false
2026-03-10 00:55:06,161 INFO o.a.j.t.JMeterThread: Thread finished: Thread Group 1-26
2026-03-10 00:55:06,162 INFO o.a.j.t.JMeterThread: Stop Thread seen for thread Thread Group 1-16, reason: org.apache.jorphan.util.JMeterStopThreadException: End of file:/Users/gimhuiheon/Documents/study/java-multi-threading/resources/throughput/search_words.csv detected for CSV DataSet:CSV Data Set Config configured with stopThread:true, recycle:false
2026-03-10 00:55:06,162 INFO o.a.j.t.JMeterThread: Thread finished: Thread Group 1-16
2026-03-10 00:55:06,162 INFO o.a.j.t.JMeterThread: Stop Thread seen for thread Thread Group 1-55, reason: org.apache.jorphan.util.JMeterStopThreadException: End of file:/Users/gimhuiheon/Documents/study/java-multi-threading/resources/throughput/search_words.csv detected for CSV DataSet:CSV Data Set Config configured with stopThread:true, recycle:false
2026-03-10 00:55:06,162 INFO o.a.j.t.JMeterThread: Thread finished: Thread Group 1-55
2026-03-10 00:55:06,163 INFO o.a.j.t.JMeterThread: Stop Thread seen for thread Thread Group 1-51, reason: org.apache.jorphan.util.JMeterStopThreadException: End of file:/Users/gimhuiheon/Documents/study/java-multi-threading/resources/throughput/search_words.csv detected for CSV DataSet:CSV Data Set Config configured with stopThread:true, recycle:false
2026-03-10 00:55:06,163 INFO o.a.j.t.JMeterThread: Thread finished: Thread Group 1-51
2026-03-10 00:55:06,164 INFO o.a.j.t.JMeterThread: Stop Thread seen for thread Thread Group 1-48, reason: org.apache.jorphan.util.JMeterStopThreadException: End of file:/Users/gimhuiheon/Documents/study/java-multi-threading/resources/throughput/search_words.csv detected for CSV DataSet:CSV Data Set Config configured with stopThread:true, recycle:false
2026-03-10 00:55:06,164 INFO o.a.j.t.JMeterThread: Thread finished: Thread Group 1-48
2026-03-10 00:55:06,166 INFO o.a.j.t.JMeterThread: Stop Thread seen for thread Thread Group 1-75, reason: org.apache.jorphan.util.JMeterStopThreadException: End of file:/Users/gimhuiheon/Documents/study/java-multi-threading/resources/throughput/search_words.csv detected for CSV DataSet:CSV Data Set Config configured with stopThread:true, recycle:false
2026-03-10 00:55:06,166 INFO o.a.j.t.JMeterThread: Thread finished: Thread Group 1-75
2026-03-10 00:55:06,166 INFO o.a.j.t.JMeterThread: Stop Thread seen for thread Thread Group 1-8, reason: org.apache.jorphan.util.JMeterStopThreadException: End of file:/Users/gimhuiheon/Documents/study/java-multi-threading/resources/throughput/search_words.csv detected for CSV DataSet:CSV Data Set Config configured with stopThread:true, recycle:false
2026-03-10 00:55:06,166 INFO o.a.j.t.JMeterThread: Thread finished: Thread Group 1-8
2026-03-10 00:55:06,166 INFO o.a.j.t.JMeterThread: Stop Thread seen for thread Thread Group 1-95, reason: org.apache.jorphan.util.JMeterStopThreadException: End of file:/Users/gimhuiheon/Documents/study/java-multi-threading/resources/throughput/search_words.csv detected for CSV DataSet:CSV Data Set Config configured with stopThread:true, recycle:false
2026-03-10 00:55:06,166 INFO o.a.j.t.JMeterThread: Thread finished: Thread Group 1-95
2026-03-10 00:55:06,182 INFO o.a.j.t.JMeterThread: Stop Thread seen for thread Thread Group 1-90, reason: org.apache.jorphan.util.JMeterStopThreadException: End of file:/Users/gimhuiheon/Documents/study/java-multi-threading/resources/throughput/search_words.csv detected for CSV DataSet:CSV Data Set Config configured with stopThread:true, recycle:false
2026-03-10 00:55:06,182 INFO o.a.j.t.JMeterThread: Stop Thread seen for thread Thread Group 1-41, reason: org.apache.jorphan.util.JMeterStopThreadException: End of file:/Users/gimhuiheon/Documents/study/java-multi-threading/resources/throughput/search_words.csv detected for CSV DataSet:CSV Data Set Config configured with stopThread:true, recycle:false
2026-03-10 00:55:06,182 INFO o.a.j.t.JMeterThread: Thread finished: Thread Group 1-41
2026-03-10 00:55:06,182 INFO o.a.j.t.JMeterThread: Stop Thread seen for thread Thread Group 1-71, reason: org.apache.jorphan.util.JMeterStopThreadException: End of file:/Users/gimhuiheon/Documents/study/java-multi-threading/resources/throughput/search_words.csv detected for CSV DataSet:CSV Data Set Config configured with stopThread:true, recycle:false
2026-03-10 00:55:06,182 INFO o.a.j.t.JMeterThread: Thread finished: Thread Group 1-71
2026-03-10 00:55:06,182 INFO o.a.j.t.JMeterThread: Stop Thread seen for thread Thread Group 1-64, reason: org.apache.jorphan.util.JMeterStopThreadException: End of file:/Users/gimhuiheon/Documents/study/java-multi-threading/resources/throughput/search_words.csv detected for CSV DataSet:CSV Data Set Config configured with stopThread:true, recycle:false
2026-03-10 00:55:06,182 INFO o.a.j.t.JMeterThread: Stop Thread seen for thread Thread Group 1-54, reason: org.apache.jorphan.util.JMeterStopThreadException: End of file:/Users/gimhuiheon/Documents/study/java-multi-threading/resources/throughput/search_words.csv detected for CSV DataSet:CSV Data Set Config configured with stopThread:true, recycle:false
2026-03-10 00:55:06,182 INFO o.a.j.t.JMeterThread: Stop Thread seen for thread Thread Group 1-96, reason: org.apache.jorphan.util.JMeterStopThreadException: End of file:/Users/gimhuiheon/Documents/study/java-multi-threading/resources/throughput/search_words.csv detected for CSV DataSet:CSV Data Set Config configured with stopThread:true, recycle:false
2026-03-10 00:55:06,182 INFO o.a.j.t.JMeterThread: Thread finished: Thread Group 1-96
2026-03-10 00:55:06,182 INFO o.a.j.t.JMeterThread: Stop Thread seen for thread Thread Group 1-52, reason: org.apache.jorphan.util.JMeterStopThreadException: End of file:/Users/gimhuiheon/Documents/study/java-multi-threading/resources/throughput/search_words.csv detected for CSV DataSet:CSV Data Set Config configured with stopThread:true, recycle:false
2026-03-10 00:55:06,183 INFO o.a.j.t.JMeterThread: Thread finished: Thread Group 1-52
2026-03-10 00:55:06,183 INFO o.a.j.t.JMeterThread: Stop Thread seen for thread Thread Group 1-45, reason: org.apache.jorphan.util.JMeterStopThreadException: End of file:/Users/gimhuiheon/Documents/study/java-multi-threading/resources/throughput/search_words.csv detected for CSV DataSet:CSV Data Set Config configured with stopThread:true, recycle:false
2026-03-10 00:55:06,183 INFO o.a.j.t.JMeterThread: Thread finished: Thread Group 1-45
2026-03-10 00:55:06,183 INFO o.a.j.t.JMeterThread: Stop Thread seen for thread Thread Group 1-40, reason: org.apache.jorphan.util.JMeterStopThreadException: End of file:/Users/gimhuiheon/Documents/study/java-multi-threading/resources/throughput/search_words.csv detected for CSV DataSet:CSV Data Set Config configured with stopThread:true, recycle:false
2026-03-10 00:55:06,183 INFO o.a.j.t.JMeterThread: Thread finished: Thread Group 1-40
2026-03-10 00:55:06,183 INFO o.a.j.t.JMeterThread: Stop Thread seen for thread Thread Group 1-24, reason: org.apache.jorphan.util.JMeterStopThreadException: End of file:/Users/gimhuiheon/Documents/study/java-multi-threading/resources/throughput/search_words.csv detected for CSV DataSet:CSV Data Set Config configured with stopThread:true, recycle:false
2026-03-10 00:55:06,183 INFO o.a.j.t.JMeterThread: Thread finished: Thread Group 1-24
2026-03-10 00:55:06,183 INFO o.a.j.t.JMeterThread: Stop Thread seen for thread Thread Group 1-2, reason: org.apache.jorphan.util.JMeterStopThreadException: End of file:/Users/gimhuiheon/Documents/study/java-multi-threading/resources/throughput/search_words.csv detected for CSV DataSet:CSV Data Set Config configured with stopThread:true, recycle:false
2026-03-10 00:55:06,183 INFO o.a.j.t.JMeterThread: Thread finished: Thread Group 1-2
2026-03-10 00:55:06,182 INFO o.a.j.t.JMeterThread: Stop Thread seen for thread Thread Group 1-84, reason: org.apache.jorphan.util.JMeterStopThreadException: End of file:/Users/gimhuiheon/Documents/study/java-multi-threading/resources/throughput/search_words.csv detected for CSV DataSet:CSV Data Set Config configured with stopThread:true, recycle:false
2026-03-10 00:55:06,183 INFO o.a.j.t.JMeterThread: Thread finished: Thread Group 1-84
2026-03-10 00:55:06,183 INFO o.a.j.t.JMeterThread: Stop Thread seen for thread Thread Group 1-34, reason: org.apache.jorphan.util.JMeterStopThreadException: End of file:/Users/gimhuiheon/Documents/study/java-multi-threading/resources/throughput/search_words.csv detected for CSV DataSet:CSV Data Set Config configured with stopThread:true, recycle:false
2026-03-10 00:55:06,183 INFO o.a.j.t.JMeterThread: Thread finished: Thread Group 1-34
2026-03-10 00:55:06,182 INFO o.a.j.t.JMeterThread: Stop Thread seen for thread Thread Group 1-3, reason: org.apache.jorphan.util.JMeterStopThreadException: End of file:/Users/gimhuiheon/Documents/study/java-multi-threading/resources/throughput/search_words.csv detected for CSV DataSet:CSV Data Set Config configured with stopThread:true, recycle:false
2026-03-10 00:55:06,183 INFO o.a.j.t.JMeterThread: Thread finished: Thread Group 1-3
2026-03-10 00:55:06,183 INFO o.a.j.t.JMeterThread: Stop Thread seen for thread Thread Group 1-27, reason: org.apache.jorphan.util.JMeterStopThreadException: End of file:/Users/gimhuiheon/Documents/study/java-multi-threading/resources/throughput/search_words.csv detected for CSV DataSet:CSV Data Set Config configured with stopThread:true, recycle:false
2026-03-10 00:55:06,183 INFO o.a.j.t.JMeterThread: Thread finished: Thread Group 1-27
2026-03-10 00:55:06,182 INFO o.a.j.t.JMeterThread: Stop Thread seen for thread Thread Group 1-4, reason: org.apache.jorphan.util.JMeterStopThreadException: End of file:/Users/gimhuiheon/Documents/study/java-multi-threading/resources/throughput/search_words.csv detected for CSV DataSet:CSV Data Set Config configured with stopThread:true, recycle:false
2026-03-10 00:55:06,184 INFO o.a.j.t.JMeterThread: Thread finished: Thread Group 1-4
2026-03-10 00:55:06,183 INFO o.a.j.t.JMeterThread: Stop Thread seen for thread Thread Group 1-39, reason: org.apache.jorphan.util.JMeterStopThreadException: End of file:/Users/gimhuiheon/Documents/study/java-multi-threading/resources/throughput/search_words.csv detected for CSV DataSet:CSV Data Set Config configured with stopThread:true, recycle:false
2026-03-10 00:55:06,184 INFO o.a.j.t.JMeterThread: Thread finished: Thread Group 1-39
2026-03-10 00:55:06,182 INFO o.a.j.t.JMeterThread: Thread finished: Thread Group 1-64
2026-03-10 00:55:06,184 INFO o.a.j.t.JMeterThread: Stop Thread seen for thread Thread Group 1-62, reason: org.apache.jorphan.util.JMeterStopThreadException: End of file:/Users/gimhuiheon/Documents/study/java-multi-threading/resources/throughput/search_words.csv detected for CSV DataSet:CSV Data Set Config configured with stopThread:true, recycle:false
2026-03-10 00:55:06,184 INFO o.a.j.t.JMeterThread: Thread finished: Thread Group 1-62
2026-03-10 00:55:06,182 INFO o.a.j.t.JMeterThread: Thread finished: Thread Group 1-54
2026-03-10 00:55:06,184 INFO o.a.j.t.JMeterThread: Stop Thread seen for thread Thread Group 1-79, reason: org.apache.jorphan.util.JMeterStopThreadException: End of file:/Users/gimhuiheon/Documents/study/java-multi-threading/resources/throughput/search_words.csv detected for CSV DataSet:CSV Data Set Config configured with stopThread:true, recycle:false
2026-03-10 00:55:06,184 INFO o.a.j.t.JMeterThread: Thread finished: Thread Group 1-79
2026-03-10 00:55:06,184 INFO o.a.j.t.JMeterThread: Stop Thread seen for thread Thread Group 1-38, reason: org.apache.jorphan.util.JMeterStopThreadException: End of file:/Users/gimhuiheon/Documents/study/java-multi-threading/resources/throughput/search_words.csv detected for CSV DataSet:CSV Data Set Config configured with stopThread:true, recycle:false
2026-03-10 00:55:06,184 INFO o.a.j.t.JMeterThread: Stop Thread seen for thread Thread Group 1-44, reason: org.apache.jorphan.util.JMeterStopThreadException: End of file:/Users/gimhuiheon/Documents/study/java-multi-threading/resources/throughput/search_words.csv detected for CSV DataSet:CSV Data Set Config configured with stopThread:true, recycle:false
2026-03-10 00:55:06,184 INFO o.a.j.t.JMeterThread: Thread finished: Thread Group 1-44
2026-03-10 00:55:06,184 INFO o.a.j.t.JMeterThread: Stop Thread seen for thread Thread Group 1-89, reason: org.apache.jorphan.util.JMeterStopThreadException: End of file:/Users/gimhuiheon/Documents/study/java-multi-threading/resources/throughput/search_words.csv detected for CSV DataSet:CSV Data Set Config configured with stopThread:true, recycle:false
2026-03-10 00:55:06,184 INFO o.a.j.t.JMeterThread: Thread finished: Thread Group 1-89
2026-03-10 00:55:06,182 INFO o.a.j.t.JMeterThread: Thread finished: Thread Group 1-90
2026-03-10 00:55:06,184 INFO o.a.j.t.JMeterThread: Stop Thread seen for thread Thread Group 1-13, reason: org.apache.jorphan.util.JMeterStopThreadException: End of file:/Users/gimhuiheon/Documents/study/java-multi-threading/resources/throughput/search_words.csv detected for CSV DataSet:CSV Data Set Config configured with stopThread:true, recycle:false
2026-03-10 00:55:06,184 INFO o.a.j.t.JMeterThread: Thread finished: Thread Group 1-13
2026-03-10 00:55:06,184 INFO o.a.j.t.JMeterThread: Stop Thread seen for thread Thread Group 1-19, reason: org.apache.jorphan.util.JMeterStopThreadException: End of file:/Users/gimhuiheon/Documents/study/java-multi-threading/resources/throughput/search_words.csv detected for CSV DataSet:CSV Data Set Config configured with stopThread:true, recycle:false
2026-03-10 00:55:06,184 INFO o.a.j.t.JMeterThread: Thread finished: Thread Group 1-19
2026-03-10 00:55:06,184 INFO o.a.j.t.JMeterThread: Stop Thread seen for thread Thread Group 1-36, reason: org.apache.jorphan.util.JMeterStopThreadException: End of file:/Users/gimhuiheon/Documents/study/java-multi-threading/resources/throughput/search_words.csv detected for CSV DataSet:CSV Data Set Config configured with stopThread:true, recycle:false
2026-03-10 00:55:06,184 INFO o.a.j.t.JMeterThread: Thread finished: Thread Group 1-38
2026-03-10 00:55:06,184 INFO o.a.j.t.JMeterThread: Stop Thread seen for thread Thread Group 1-58, reason: org.apache.jorphan.util.JMeterStopThreadException: End of file:/Users/gimhuiheon/Documents/study/java-multi-threading/resources/throughput/search_words.csv detected for CSV DataSet:CSV Data Set Config configured with stopThread:true, recycle:false
2026-03-10 00:55:06,184 INFO o.a.j.t.JMeterThread: Thread finished: Thread Group 1-58
2026-03-10 00:55:06,184 INFO o.a.j.t.JMeterThread: Stop Thread seen for thread Thread Group 1-100, reason: org.apache.jorphan.util.JMeterStopThreadException: End of file:/Users/gimhuiheon/Documents/study/java-multi-threading/resources/throughput/search_words.csv detected for CSV DataSet:CSV Data Set Config configured with stopThread:true, recycle:false
2026-03-10 00:55:06,184 INFO o.a.j.t.JMeterThread: Thread finished: Thread Group 1-100
2026-03-10 00:55:06,184 INFO o.a.j.t.JMeterThread: Stop Thread seen for thread Thread Group 1-31, reason: org.apache.jorphan.util.JMeterStopThreadException: End of file:/Users/gimhuiheon/Documents/study/java-multi-threading/resources/throughput/search_words.csv detected for CSV DataSet:CSV Data Set Config configured with stopThread:true, recycle:false
2026-03-10 00:55:06,185 INFO o.a.j.t.JMeterThread: Thread finished: Thread Group 1-31
2026-03-10 00:55:06,184 INFO o.a.j.t.JMeterThread: Thread finished: Thread Group 1-36
2026-03-10 00:55:06,184 INFO o.a.j.t.JMeterThread: Stop Thread seen for thread Thread Group 1-83, reason: org.apache.jorphan.util.JMeterStopThreadException: End of file:/Users/gimhuiheon/Documents/study/java-multi-threading/resources/throughput/search_words.csv detected for CSV DataSet:CSV Data Set Config configured with stopThread:true, recycle:false
2026-03-10 00:55:06,185 INFO o.a.j.t.JMeterThread: Thread finished: Thread Group 1-83
2026-03-10 00:55:06,185 INFO o.a.j.e.StandardJMeterEngine: Notifying test listeners of end of test
2026-03-10 00:55:06,185 INFO o.a.j.s.FileServer: Close: /Users/gimhuiheon/Documents/study/java-multi-threading/resources/throughput/search_words.csv
2026-03-10 00:55:06,185 INFO o.a.j.g.u.JMeterMenuBar: setRunning(false, *local*)
2026-03-10 00:55:08,496 INFO o.a.j.e.StandardJMeterEngine: Running the test!
2026-03-10 00:55:08,497 INFO o.a.j.s.SampleEvent: List of sample_variables: []
2026-03-10 00:55:08,497 INFO o.a.j.g.u.JMeterMenuBar: setRunning(true, *local*)
2026-03-10 00:55:08,526 INFO o.a.j.e.StandardJMeterEngine: Starting ThreadGroup: 1 : Thread Group
2026-03-10 00:55:08,527 INFO o.a.j.e.StandardJMeterEngine: Starting 100 threads for group Thread Group.
2026-03-10 00:55:08,527 INFO o.a.j.e.StandardJMeterEngine: Thread will continue on error
2026-03-10 00:55:08,527 INFO o.a.j.t.ThreadGroup: Starting thread group... number=1 threads=100 ramp-up=1 delayedStart=false
2026-03-10 00:55:08,527 INFO o.a.j.t.JMeterThread: Thread started: Thread Group 1-1
2026-03-10 00:55:08,528 INFO o.a.j.s.FileServer: Stored: /Users/gimhuiheon/Documents/study/java-multi-threading/resources/throughput/search_words.csv
2026-03-10 00:55:08,535 INFO o.a.j.t.ThreadGroup: Started thread group number 1
2026-03-10 00:55:08,535 INFO o.a.j.e.StandardJMeterEngine: All thread groups have been started
2026-03-10 00:55:08,540 INFO o.a.j.t.JMeterThread: Thread started: Thread Group 1-2
2026-03-10 00:55:08,548 INFO o.a.j.t.JMeterThread: Thread started: Thread Group 1-3
2026-03-10 00:55:08,563 INFO o.a.j.t.JMeterThread: Thread started: Thread Group 1-4
2026-03-10 00:55:08,570 INFO o.a.j.t.JMeterThread: Thread started: Thread Group 1-5
2026-03-10 00:55:08,582 INFO o.a.j.t.JMeterThread: Thread started: Thread Group 1-6
2026-03-10 00:55:08,592 INFO o.a.j.t.JMeterThread: Thread started: Thread Group 1-7
2026-03-10 00:55:08,602 INFO o.a.j.t.JMeterThread: Thread started: Thread Group 1-8
2026-03-10 00:55:08,612 INFO o.a.j.t.JMeterThread: Thread started: Thread Group 1-9
2026-03-10 00:55:08,618 INFO o.a.j.t.JMeterThread: Thread started: Thread Group 1-10
2026-03-10 00:55:08,632 INFO o.a.j.t.JMeterThread: Thread started: Thread Group 1-11
2026-03-10 00:55:08,640 INFO o.a.j.t.JMeterThread: Thread started: Thread Group 1-12
2026-03-10 00:55:08,648 INFO o.a.j.t.JMeterThread: Thread started: Thread Group 1-13
2026-03-10 00:55:08,661 INFO o.a.j.t.JMeterThread: Thread started: Thread Group 1-14
2026-03-10 00:55:08,668 INFO o.a.j.t.JMeterThread: Thread started: Thread Group 1-15
2026-03-10 00:55:08,681 INFO o.a.j.t.JMeterThread: Thread started: Thread Group 1-16
2026-03-10 00:55:08,691 INFO o.a.j.t.JMeterThread: Thread started: Thread Group 1-17
2026-03-10 00:55:08,698 INFO o.a.j.t.JMeterThread: Thread started: Thread Group 1-18
2026-03-10 00:55:08,712 INFO o.a.j.t.JMeterThread: Thread started: Thread Group 1-19
2026-03-10 00:55:08,718 INFO o.a.j.t.JMeterThread: Thread started: Thread Group 1-20
2026-03-10 00:55:08,727 INFO o.a.j.t.JMeterThread: Thread started: Thread Group 1-21
2026-03-10 00:55:08,739 INFO o.a.j.t.JMeterThread: Thread started: Thread Group 1-22
2026-03-10 00:55:08,748 INFO o.a.j.t.JMeterThread: Thread started: Thread Group 1-23
2026-03-10 00:55:08,762 INFO o.a.j.t.JMeterThread: Thread started: Thread Group 1-24
2026-03-10 00:55:08,772 INFO o.a.j.t.JMeterThread: Thread started: Thread Group 1-25
2026-03-10 00:55:08,781 INFO o.a.j.t.JMeterThread: Thread started: Thread Group 1-26
2026-03-10 00:55:08,790 INFO o.a.j.t.JMeterThread: Thread started: Thread Group 1-27
2026-03-10 00:55:08,798 INFO o.a.j.t.JMeterThread: Thread started: Thread Group 1-28
2026-03-10 00:55:08,812 INFO o.a.j.t.JMeterThread: Thread started: Thread Group 1-29
2026-03-10 00:55:08,821 INFO o.a.j.t.JMeterThread: Thread started: Thread Group 1-30
2026-03-10 00:55:08,832 INFO o.a.j.t.JMeterThread: Thread started: Thread Group 1-31
2026-03-10 00:55:08,839 INFO o.a.j.t.JMeterThread: Thread started: Thread Group 1-32
2026-03-10 00:55:08,848 INFO o.a.j.t.JMeterThread: Thread started: Thread Group 1-33
2026-03-10 00:55:08,857 INFO o.a.j.t.JMeterThread: Thread started: Thread Group 1-34
2026-03-10 00:55:08,872 INFO o.a.j.t.JMeterThread: Thread started: Thread Group 1-35
2026-03-10 00:55:08,882 INFO o.a.j.t.JMeterThread: Thread started: Thread Group 1-36
2026-03-10 00:55:08,890 INFO o.a.j.t.JMeterThread: Thread started: Thread Group 1-37
2026-03-10 00:55:08,898 INFO o.a.j.t.JMeterThread: Thread started: Thread Group 1-38
2026-03-10 00:55:08,907 INFO o.a.j.t.JMeterThread: Thread started: Thread Group 1-39
2026-03-10 00:55:08,918 INFO o.a.j.t.JMeterThread: Thread started: Thread Group 1-40
2026-03-10 00:55:08,930 INFO o.a.j.t.JMeterThread: Thread started: Thread Group 1-41
2026-03-10 00:55:08,940 INFO o.a.j.t.JMeterThread: Thread started: Thread Group 1-42
2026-03-10 00:55:08,948 INFO o.a.j.t.JMeterThread: Thread started: Thread Group 1-43
2026-03-10 00:55:08,962 INFO o.a.j.t.JMeterThread: Thread started: Thread Group 1-44
2026-03-10 00:55:08,972 INFO o.a.j.t.JMeterThread: Thread started: Thread Group 1-45
2026-03-10 00:55:08,983 INFO o.a.j.t.JMeterThread: Thread started: Thread Group 1-46
2026-03-10 00:55:08,993 INFO o.a.j.t.JMeterThread: Thread started: Thread Group 1-47
2026-03-10 00:55:09,002 INFO o.a.j.t.JMeterThread: Thread started: Thread Group 1-48
2026-03-10 00:55:09,012 INFO o.a.j.t.JMeterThread: Thread started: Thread Group 1-49
2026-03-10 00:55:09,022 INFO o.a.j.t.JMeterThread: Thread started: Thread Group 1-50
2026-03-10 00:55:09,032 INFO o.a.j.t.JMeterThread: Thread started: Thread Group 1-51
2026-03-10 00:55:09,040 INFO o.a.j.t.JMeterThread: Thread started: Thread Group 1-52
2026-03-10 00:55:09,050 INFO o.a.j.t.JMeterThread: Thread started: Thread Group 1-53
2026-03-10 00:55:09,062 INFO o.a.j.t.JMeterThread: Thread started: Thread Group 1-54
2026-03-10 00:55:09,069 INFO o.a.j.t.JMeterThread: Thread started: Thread Group 1-55
2026-03-10 00:55:09,081 INFO o.a.j.t.JMeterThread: Thread started: Thread Group 1-56
2026-03-10 00:55:09,089 INFO o.a.j.t.JMeterThread: Thread started: Thread Group 1-57
2026-03-10 00:55:09,099 INFO o.a.j.t.JMeterThread: Thread started: Thread Group 1-58
2026-03-10 00:55:09,112 INFO o.a.j.t.JMeterThread: Thread started: Thread Group 1-59
2026-03-10 00:55:09,117 INFO o.a.j.t.JMeterThread: Thread started: Thread Group 1-60
2026-03-10 00:55:09,131 INFO o.a.j.t.JMeterThread: Thread started: Thread Group 1-61
2026-03-10 00:55:09,140 INFO o.a.j.t.JMeterThread: Thread started: Thread Group 1-62
2026-03-10 00:55:09,148 INFO o.a.j.t.JMeterThread: Thread started: Thread Group 1-63
2026-03-10 00:55:09,163 INFO o.a.j.t.JMeterThread: Thread started: Thread Group 1-64
2026-03-10 00:55:09,173 INFO o.a.j.t.JMeterThread: Thread started: Thread Group 1-65
2026-03-10 00:55:09,181 INFO o.a.j.t.JMeterThread: Thread started: Thread Group 1-66
2026-03-10 00:55:09,190 INFO o.a.j.t.JMeterThread: Thread started: Thread Group 1-67
2026-03-10 00:55:09,198 INFO o.a.j.t.JMeterThread: Thread started: Thread Group 1-68
2026-03-10 00:55:09,212 INFO o.a.j.t.JMeterThread: Thread started: Thread Group 1-69
2026-03-10 00:55:09,222 INFO o.a.j.t.JMeterThread: Thread started: Thread Group 1-70
2026-03-10 00:55:09,231 INFO o.a.j.t.JMeterThread: Thread started: Thread Group 1-71
2026-03-10 00:55:09,240 INFO o.a.j.t.JMeterThread: Thread started: Thread Group 1-72
2026-03-10 00:55:09,252 INFO o.a.j.t.JMeterThread: Thread started: Thread Group 1-73
2026-03-10 00:55:09,262 INFO o.a.j.t.JMeterThread: Thread started: Thread Group 1-74
2026-03-10 00:55:09,267 INFO o.a.j.t.JMeterThread: Thread started: Thread Group 1-75
2026-03-10 00:55:09,281 INFO o.a.j.t.JMeterThread: Thread started: Thread Group 1-76
2026-03-10 00:55:09,289 INFO o.a.j.t.JMeterThread: Thread started: Thread Group 1-77
2026-03-10 00:55:09,298 INFO o.a.j.t.JMeterThread: Thread started: Thread Group 1-78
2026-03-10 00:55:09,312 INFO o.a.j.t.JMeterThread: Thread started: Thread Group 1-79
2026-03-10 00:55:09,319 INFO o.a.j.t.JMeterThread: Thread started: Thread Group 1-80
2026-03-10 00:55:09,327 INFO o.a.j.t.JMeterThread: Thread started: Thread Group 1-81
2026-03-10 00:55:09,341 INFO o.a.j.t.JMeterThread: Thread started: Thread Group 1-82
2026-03-10 00:55:09,352 INFO o.a.j.t.JMeterThread: Thread started: Thread Group 1-83
2026-03-10 00:55:09,357 INFO o.a.j.t.JMeterThread: Thread started: Thread Group 1-84
2026-03-10 00:55:09,368 INFO o.a.j.t.JMeterThread: Thread started: Thread Group 1-85
2026-03-10 00:55:09,382 INFO o.a.j.t.JMeterThread: Thread started: Thread Group 1-86
2026-03-10 00:55:09,390 INFO o.a.j.t.JMeterThread: Thread started: Thread Group 1-87
2026-03-10 00:55:09,401 INFO o.a.j.t.JMeterThread: Thread started: Thread Group 1-88
2026-03-10 00:55:09,412 INFO o.a.j.t.JMeterThread: Thread started: Thread Group 1-89
2026-03-10 00:55:09,420 INFO o.a.j.t.JMeterThread: Thread started: Thread Group 1-90
2026-03-10 00:55:09,432 INFO o.a.j.t.JMeterThread: Thread started: Thread Group 1-91
2026-03-10 00:55:09,440 INFO o.a.j.t.JMeterThread: Thread started: Thread Group 1-92
2026-03-10 00:55:09,450 INFO o.a.j.t.JMeterThread: Thread started: Thread Group 1-93
2026-03-10 00:55:09,461 INFO o.a.j.t.JMeterThread: Thread started: Thread Group 1-94
2026-03-10 00:55:09,472 INFO o.a.j.t.JMeterThread: Thread started: Thread Group 1-95
2026-03-10 00:55:09,482 INFO o.a.j.t.JMeterThread: Thread started: Thread Group 1-96
2026-03-10 00:55:09,490 INFO o.a.j.t.JMeterThread: Thread started: Thread Group 1-97
2026-03-10 00:55:09,501 INFO o.a.j.t.JMeterThread: Thread started: Thread Group 1-98
2026-03-10 00:55:09,513 INFO o.a.j.t.JMeterThread: Thread started: Thread Group 1-99
2026-03-10 00:55:09,519 INFO o.a.j.t.JMeterThread: Thread started: Thread Group 1-100
2026-03-10 00:55:10,125 INFO o.a.j.t.JMeterThread: Stop Thread seen for thread Thread Group 1-95, reason: org.apache.jorphan.util.JMeterStopThreadException: End of file:/Users/gimhuiheon/Documents/study/java-multi-threading/resources/throughput/search_words.csv detected for CSV DataSet:CSV Data Set Config configured with stopThread:true, recycle:false
2026-03-10 00:55:10,125 INFO o.a.j.t.JMeterThread: Thread finished: Thread Group 1-95
2026-03-10 00:55:10,125 INFO o.a.j.t.JMeterThread: Stop Thread seen for thread Thread Group 1-10, reason: org.apache.jorphan.util.JMeterStopThreadException: End of file:/Users/gimhuiheon/Documents/study/java-multi-threading/resources/throughput/search_words.csv detected for CSV DataSet:CSV Data Set Config configured with stopThread:true, recycle:false
2026-03-10 00:55:10,125 INFO o.a.j.t.JMeterThread: Thread finished: Thread Group 1-10
2026-03-10 00:55:10,125 INFO o.a.j.t.JMeterThread: Stop Thread seen for thread Thread Group 1-51, reason: org.apache.jorphan.util.JMeterStopThreadException: End of file:/Users/gimhuiheon/Documents/study/java-multi-threading/resources/throughput/search_words.csv detected for CSV DataSet:CSV Data Set Config configured with stopThread:true, recycle:false
2026-03-10 00:55:10,125 INFO o.a.j.t.JMeterThread: Stop Thread seen for thread Thread Group 1-63, reason: org.apache.jorphan.util.JMeterStopThreadException: End of file:/Users/gimhuiheon/Documents/study/java-multi-threading/resources/throughput/search_words.csv detected for CSV DataSet:CSV Data Set Config configured with stopThread:true, recycle:false
2026-03-10 00:55:10,125 INFO o.a.j.t.JMeterThread: Thread finished: Thread Group 1-51
2026-03-10 00:55:10,125 INFO o.a.j.t.JMeterThread: Thread finished: Thread Group 1-63
2026-03-10 00:55:10,128 INFO o.a.j.t.JMeterThread: Stop Thread seen for thread Thread Group 1-48, reason: org.apache.jorphan.util.JMeterStopThreadException: End of file:/Users/gimhuiheon/Documents/study/java-multi-threading/resources/throughput/search_words.csv detected for CSV DataSet:CSV Data Set Config configured with stopThread:true, recycle:false
2026-03-10 00:55:10,128 INFO o.a.j.t.JMeterThread: Thread finished: Thread Group 1-48
2026-03-10 00:55:10,128 INFO o.a.j.t.JMeterThread: Stop Thread seen for thread Thread Group 1-17, reason: org.apache.jorphan.util.JMeterStopThreadException: End of file:/Users/gimhuiheon/Documents/study/java-multi-threading/resources/throughput/search_words.csv detected for CSV DataSet:CSV Data Set Config configured with stopThread:true, recycle:false
2026-03-10 00:55:10,128 INFO o.a.j.t.JMeterThread: Thread finished: Thread Group 1-17
2026-03-10 00:55:10,128 INFO o.a.j.t.JMeterThread: Stop Thread seen for thread Thread Group 1-6, reason: org.apache.jorphan.util.JMeterStopThreadException: End of file:/Users/gimhuiheon/Documents/study/java-multi-threading/resources/throughput/search_words.csv detected for CSV DataSet:CSV Data Set Config configured with stopThread:true, recycle:false
2026-03-10 00:55:10,128 INFO o.a.j.t.JMeterThread: Thread finished: Thread Group 1-6
2026-03-10 00:55:10,128 INFO o.a.j.t.JMeterThread: Stop Thread seen for thread Thread Group 1-5, reason: org.apache.jorphan.util.JMeterStopThreadException: End of file:/Users/gimhuiheon/Documents/study/java-multi-threading/resources/throughput/search_words.csv detected for CSV DataSet:CSV Data Set Config configured with stopThread:true, recycle:false
2026-03-10 00:55:10,128 INFO o.a.j.t.JMeterThread: Thread finished: Thread Group 1-5
2026-03-10 00:55:10,131 INFO o.a.j.t.JMeterThread: Stop Thread seen for thread Thread Group 1-90, reason: org.apache.jorphan.util.JMeterStopThreadException: End of file:/Users/gimhuiheon/Documents/study/java-multi-threading/resources/throughput/search_words.csv detected for CSV DataSet:CSV Data Set Config configured with stopThread:true, recycle:false
2026-03-10 00:55:10,131 INFO o.a.j.t.JMeterThread: Thread finished: Thread Group 1-90
2026-03-10 00:55:10,131 INFO o.a.j.t.JMeterThread: Stop Thread seen for thread Thread Group 1-80, reason: org.apache.jorphan.util.JMeterStopThreadException: End of file:/Users/gimhuiheon/Documents/study/java-multi-threading/resources/throughput/search_words.csv detected for CSV DataSet:CSV Data Set Config configured with stopThread:true, recycle:false
2026-03-10 00:55:10,131 INFO o.a.j.t.JMeterThread: Thread finished: Thread Group 1-80
2026-03-10 00:55:10,131 INFO o.a.j.t.JMeterThread: Stop Thread seen for thread Thread Group 1-7, reason: org.apache.jorphan.util.JMeterStopThreadException: End of file:/Users/gimhuiheon/Documents/study/java-multi-threading/resources/throughput/search_words.csv detected for CSV DataSet:CSV Data Set Config configured with stopThread:true, recycle:false
2026-03-10 00:55:10,131 INFO o.a.j.t.JMeterThread: Stop Thread seen for thread Thread Group 1-25, reason: org.apache.jorphan.util.JMeterStopThreadException: End of file:/Users/gimhuiheon/Documents/study/java-multi-threading/resources/throughput/search_words.csv detected for CSV DataSet:CSV Data Set Config configured with stopThread:true, recycle:false
2026-03-10 00:55:10,132 INFO o.a.j.t.JMeterThread: Thread finished: Thread Group 1-25
2026-03-10 00:55:10,132 INFO o.a.j.t.JMeterThread: Thread finished: Thread Group 1-7
2026-03-10 00:55:10,135 INFO o.a.j.t.JMeterThread: Stop Thread seen for thread Thread Group 1-8, reason: org.apache.jorphan.util.JMeterStopThreadException: End of file:/Users/gimhuiheon/Documents/study/java-multi-threading/resources/throughput/search_words.csv detected for CSV DataSet:CSV Data Set Config configured with stopThread:true, recycle:false
2026-03-10 00:55:10,135 INFO o.a.j.t.JMeterThread: Stop Thread seen for thread Thread Group 1-96, reason: org.apache.jorphan.util.JMeterStopThreadException: End of file:/Users/gimhuiheon/Documents/study/java-multi-threading/resources/throughput/search_words.csv detected for CSV DataSet:CSV Data Set Config configured with stopThread:true, recycle:false
2026-03-10 00:55:10,135 INFO o.a.j.t.JMeterThread: Thread finished: Thread Group 1-96
2026-03-10 00:55:10,135 INFO o.a.j.t.JMeterThread: Stop Thread seen for thread Thread Group 1-12, reason: org.apache.jorphan.util.JMeterStopThreadException: End of file:/Users/gimhuiheon/Documents/study/java-multi-threading/resources/throughput/search_words.csv detected for CSV DataSet:CSV Data Set Config configured with stopThread:true, recycle:false
2026-03-10 00:55:10,135 INFO o.a.j.t.JMeterThread: Thread finished: Thread Group 1-8
2026-03-10 00:55:10,135 INFO o.a.j.t.JMeterThread: Thread finished: Thread Group 1-12
2026-03-10 00:55:10,135 INFO o.a.j.t.JMeterThread: Stop Thread seen for thread Thread Group 1-72, reason: org.apache.jorphan.util.JMeterStopThreadException: End of file:/Users/gimhuiheon/Documents/study/java-multi-threading/resources/throughput/search_words.csv detected for CSV DataSet:CSV Data Set Config configured with stopThread:true, recycle:false
2026-03-10 00:55:10,135 INFO o.a.j.t.JMeterThread: Thread finished: Thread Group 1-72
2026-03-10 00:55:10,137 INFO o.a.j.t.JMeterThread: Stop Thread seen for thread Thread Group 1-24, reason: org.apache.jorphan.util.JMeterStopThreadException: End of file:/Users/gimhuiheon/Documents/study/java-multi-threading/resources/throughput/search_words.csv detected for CSV DataSet:CSV Data Set Config configured with stopThread:true, recycle:false
2026-03-10 00:55:10,137 INFO o.a.j.t.JMeterThread: Thread finished: Thread Group 1-24
2026-03-10 00:55:10,137 INFO o.a.j.t.JMeterThread: Stop Thread seen for thread Thread Group 1-85, reason: org.apache.jorphan.util.JMeterStopThreadException: End of file:/Users/gimhuiheon/Documents/study/java-multi-threading/resources/throughput/search_words.csv detected for CSV DataSet:CSV Data Set Config configured with stopThread:true, recycle:false
2026-03-10 00:55:10,138 INFO o.a.j.t.JMeterThread: Thread finished: Thread Group 1-85
2026-03-10 00:55:10,138 INFO o.a.j.t.JMeterThread: Stop Thread seen for thread Thread Group 1-65, reason: org.apache.jorphan.util.JMeterStopThreadException: End of file:/Users/gimhuiheon/Documents/study/java-multi-threading/resources/throughput/search_words.csv detected for CSV DataSet:CSV Data Set Config configured with stopThread:true, recycle:false
2026-03-10 00:55:10,138 INFO o.a.j.t.JMeterThread: Thread finished: Thread Group 1-65
2026-03-10 00:55:10,139 INFO o.a.j.t.JMeterThread: Stop Thread seen for thread Thread Group 1-91, reason: org.apache.jorphan.util.JMeterStopThreadException: End of file:/Users/gimhuiheon/Documents/study/java-multi-threading/resources/throughput/search_words.csv detected for CSV DataSet:CSV Data Set Config configured with stopThread:true, recycle:false
2026-03-10 00:55:10,139 INFO o.a.j.t.JMeterThread: Thread finished: Thread Group 1-91
2026-03-10 00:55:10,140 INFO o.a.j.t.JMeterThread: Stop Thread seen for thread Thread Group 1-32, reason: org.apache.jorphan.util.JMeterStopThreadException: End of file:/Users/gimhuiheon/Documents/study/java-multi-threading/resources/throughput/search_words.csv detected for CSV DataSet:CSV Data Set Config configured with stopThread:true, recycle:false
2026-03-10 00:55:10,140 INFO o.a.j.t.JMeterThread: Thread finished: Thread Group 1-32
2026-03-10 00:55:10,140 INFO o.a.j.t.JMeterThread: Stop Thread seen for thread Thread Group 1-86, reason: org.apache.jorphan.util.JMeterStopThreadException: End of file:/Users/gimhuiheon/Documents/study/java-multi-threading/resources/throughput/search_words.csv detected for CSV DataSet:CSV Data Set Config configured with stopThread:true, recycle:false
2026-03-10 00:55:10,140 INFO o.a.j.t.JMeterThread: Thread finished: Thread Group 1-86
2026-03-10 00:55:10,140 INFO o.a.j.t.JMeterThread: Stop Thread seen for thread Thread Group 1-40, reason: org.apache.jorphan.util.JMeterStopThreadException: End of file:/Users/gimhuiheon/Documents/study/java-multi-threading/resources/throughput/search_words.csv detected for CSV DataSet:CSV Data Set Config configured with stopThread:true, recycle:false
2026-03-10 00:55:10,140 INFO o.a.j.t.JMeterThread: Thread finished: Thread Group 1-40
2026-03-10 00:55:10,142 INFO o.a.j.t.JMeterThread: Stop Thread seen for thread Thread Group 1-81, reason: org.apache.jorphan.util.JMeterStopThreadException: End of file:/Users/gimhuiheon/Documents/study/java-multi-threading/resources/throughput/search_words.csv detected for CSV DataSet:CSV Data Set Config configured with stopThread:true, recycle:false
2026-03-10 00:55:10,142 INFO o.a.j.t.JMeterThread: Thread finished: Thread Group 1-81
2026-03-10 00:55:10,143 INFO o.a.j.t.JMeterThread: Stop Thread seen for thread Thread Group 1-9, reason: org.apache.jorphan.util.JMeterStopThreadException: End of file:/Users/gimhuiheon/Documents/study/java-multi-threading/resources/throughput/search_words.csv detected for CSV DataSet:CSV Data Set Config configured with stopThread:true, recycle:false
2026-03-10 00:55:10,143 INFO o.a.j.t.JMeterThread: Thread finished: Thread Group 1-9
2026-03-10 00:55:10,143 INFO o.a.j.t.JMeterThread: Stop Thread seen for thread Thread Group 1-97, reason: org.apache.jorphan.util.JMeterStopThreadException: End of file:/Users/gimhuiheon/Documents/study/java-multi-threading/resources/throughput/search_words.csv detected for CSV DataSet:CSV Data Set Config configured with stopThread:true, recycle:false
2026-03-10 00:55:10,143 INFO o.a.j.t.JMeterThread: Thread finished: Thread Group 1-97
2026-03-10 00:55:10,143 INFO o.a.j.t.JMeterThread: Stop Thread seen for thread Thread Group 1-57, reason: org.apache.jorphan.util.JMeterStopThreadException: End of file:/Users/gimhuiheon/Documents/study/java-multi-threading/resources/throughput/search_words.csv detected for CSV DataSet:CSV Data Set Config configured with stopThread:true, recycle:false
2026-03-10 00:55:10,143 INFO o.a.j.t.JMeterThread: Thread finished: Thread Group 1-57
2026-03-10 00:55:10,145 INFO o.a.j.t.JMeterThread: Stop Thread seen for thread Thread Group 1-30, reason: org.apache.jorphan.util.JMeterStopThreadException: End of file:/Users/gimhuiheon/Documents/study/java-multi-threading/resources/throughput/search_words.csv detected for CSV DataSet:CSV Data Set Config configured with stopThread:true, recycle:false
2026-03-10 00:55:10,145 INFO o.a.j.t.JMeterThread: Thread finished: Thread Group 1-30
2026-03-10 00:55:10,146 INFO o.a.j.t.JMeterThread: Stop Thread seen for thread Thread Group 1-1, reason: org.apache.jorphan.util.JMeterStopThreadException: End of file:/Users/gimhuiheon/Documents/study/java-multi-threading/resources/throughput/search_words.csv detected for CSV DataSet:CSV Data Set Config configured with stopThread:true, recycle:false
2026-03-10 00:55:10,146 INFO o.a.j.t.JMeterThread: Thread finished: Thread Group 1-1
2026-03-10 00:55:10,146 INFO o.a.j.t.JMeterThread: Stop Thread seen for thread Thread Group 1-47, reason: org.apache.jorphan.util.JMeterStopThreadException: End of file:/Users/gimhuiheon/Documents/study/java-multi-threading/resources/throughput/search_words.csv detected for CSV DataSet:CSV Data Set Config configured with stopThread:true, recycle:false
2026-03-10 00:55:10,146 INFO o.a.j.t.JMeterThread: Thread finished: Thread Group 1-47
2026-03-10 00:55:10,146 INFO o.a.j.t.JMeterThread: Stop Thread seen for thread Thread Group 1-13, reason: org.apache.jorphan.util.JMeterStopThreadException: End of file:/Users/gimhuiheon/Documents/study/java-multi-threading/resources/throughput/search_words.csv detected for CSV DataSet:CSV Data Set Config configured with stopThread:true, recycle:false
2026-03-10 00:55:10,146 INFO o.a.j.t.JMeterThread: Thread finished: Thread Group 1-13
2026-03-10 00:55:10,148 INFO o.a.j.t.JMeterThread: Stop Thread seen for thread Thread Group 1-2, reason: org.apache.jorphan.util.JMeterStopThreadException: End of file:/Users/gimhuiheon/Documents/study/java-multi-threading/resources/throughput/search_words.csv detected for CSV DataSet:CSV Data Set Config configured with stopThread:true, recycle:false
2026-03-10 00:55:10,148 INFO o.a.j.t.JMeterThread: Thread finished: Thread Group 1-2
2026-03-10 00:55:10,148 INFO o.a.j.t.JMeterThread: Stop Thread seen for thread Thread Group 1-53, reason: org.apache.jorphan.util.JMeterStopThreadException: End of file:/Users/gimhuiheon/Documents/study/java-multi-threading/resources/throughput/search_words.csv detected for CSV DataSet:CSV Data Set Config configured with stopThread:true, recycle:false
2026-03-10 00:55:10,148 INFO o.a.j.t.JMeterThread: Thread finished: Thread Group 1-53
2026-03-10 00:55:10,149 INFO o.a.j.t.JMeterThread: Stop Thread seen for thread Thread Group 1-20, reason: org.apache.jorphan.util.JMeterStopThreadException: End of file:/Users/gimhuiheon/Documents/study/java-multi-threading/resources/throughput/search_words.csv detected for CSV DataSet:CSV Data Set Config configured with stopThread:true, recycle:false
2026-03-10 00:55:10,149 INFO o.a.j.t.JMeterThread: Thread finished: Thread Group 1-20
2026-03-10 00:55:10,149 INFO o.a.j.t.JMeterThread: Stop Thread seen for thread Thread Group 1-19, reason: org.apache.jorphan.util.JMeterStopThreadException: End of file:/Users/gimhuiheon/Documents/study/java-multi-threading/resources/throughput/search_words.csv detected for CSV DataSet:CSV Data Set Config configured with stopThread:true, recycle:false
2026-03-10 00:55:10,149 INFO o.a.j.t.JMeterThread: Thread finished: Thread Group 1-19
2026-03-10 00:55:10,151 INFO o.a.j.t.JMeterThread: Stop Thread seen for thread Thread Group 1-35, reason: org.apache.jorphan.util.JMeterStopThreadException: End of file:/Users/gimhuiheon/Documents/study/java-multi-threading/resources/throughput/search_words.csv detected for CSV DataSet:CSV Data Set Config configured with stopThread:true, recycle:false
2026-03-10 00:55:10,151 INFO o.a.j.t.JMeterThread: Thread finished: Thread Group 1-35
2026-03-10 00:55:10,152 INFO o.a.j.t.JMeterThread: Stop Thread seen for thread Thread Group 1-61, reason: org.apache.jorphan.util.JMeterStopThreadException: End of file:/Users/gimhuiheon/Documents/study/java-multi-threading/resources/throughput/search_words.csv detected for CSV DataSet:CSV Data Set Config configured with stopThread:true, recycle:false
2026-03-10 00:55:10,152 INFO o.a.j.t.JMeterThread: Thread finished: Thread Group 1-61
2026-03-10 00:55:10,153 INFO o.a.j.t.JMeterThread: Stop Thread seen for thread Thread Group 1-38, reason: org.apache.jorphan.util.JMeterStopThreadException: End of file:/Users/gimhuiheon/Documents/study/java-multi-threading/resources/throughput/search_words.csv detected for CSV DataSet:CSV Data Set Config configured with stopThread:true, recycle:false
2026-03-10 00:55:10,153 INFO o.a.j.t.JMeterThread: Thread finished: Thread Group 1-38
2026-03-10 00:55:10,154 INFO o.a.j.t.JMeterThread: Stop Thread seen for thread Thread Group 1-42, reason: org.apache.jorphan.util.JMeterStopThreadException: End of file:/Users/gimhuiheon/Documents/study/java-multi-threading/resources/throughput/search_words.csv detected for CSV DataSet:CSV Data Set Config configured with stopThread:true, recycle:false
2026-03-10 00:55:10,154 INFO o.a.j.t.JMeterThread: Thread finished: Thread Group 1-42
2026-03-10 00:55:10,154 INFO o.a.j.t.JMeterThread: Stop Thread seen for thread Thread Group 1-76, reason: org.apache.jorphan.util.JMeterStopThreadException: End of file:/Users/gimhuiheon/Documents/study/java-multi-threading/resources/throughput/search_words.csv detected for CSV DataSet:CSV Data Set Config configured with stopThread:true, recycle:false
2026-03-10 00:55:10,154 INFO o.a.j.t.JMeterThread: Thread finished: Thread Group 1-76
2026-03-10 00:55:10,155 INFO o.a.j.t.JMeterThread: Stop Thread seen for thread Thread Group 1-77, reason: org.apache.jorphan.util.JMeterStopThreadException: End of file:/Users/gimhuiheon/Documents/study/java-multi-threading/resources/throughput/search_words.csv detected for CSV DataSet:CSV Data Set Config configured with stopThread:true, recycle:false
2026-03-10 00:55:10,155 INFO o.a.j.t.JMeterThread: Thread finished: Thread Group 1-77
2026-03-10 00:55:10,155 INFO o.a.j.t.JMeterThread: Stop Thread seen for thread Thread Group 1-69, reason: org.apache.jorphan.util.JMeterStopThreadException: End of file:/Users/gimhuiheon/Documents/study/java-multi-threading/resources/throughput/search_words.csv detected for CSV DataSet:CSV Data Set Config configured with stopThread:true, recycle:false
2026-03-10 00:55:10,155 INFO o.a.j.t.JMeterThread: Thread finished: Thread Group 1-69
2026-03-10 00:55:10,158 INFO o.a.j.t.JMeterThread: Stop Thread seen for thread Thread Group 1-92, reason: org.apache.jorphan.util.JMeterStopThreadException: End of file:/Users/gimhuiheon/Documents/study/java-multi-threading/resources/throughput/search_words.csv detected for CSV DataSet:CSV Data Set Config configured with stopThread:true, recycle:false
2026-03-10 00:55:10,158 INFO o.a.j.t.JMeterThread: Thread finished: Thread Group 1-92
2026-03-10 00:55:10,158 INFO o.a.j.t.JMeterThread: Stop Thread seen for thread Thread Group 1-27, reason: org.apache.jorphan.util.JMeterStopThreadException: End of file:/Users/gimhuiheon/Documents/study/java-multi-threading/resources/throughput/search_words.csv detected for CSV DataSet:CSV Data Set Config configured with stopThread:true, recycle:false
2026-03-10 00:55:10,158 INFO o.a.j.t.JMeterThread: Thread finished: Thread Group 1-27
2026-03-10 00:55:10,159 INFO o.a.j.t.JMeterThread: Stop Thread seen for thread Thread Group 1-34, reason: org.apache.jorphan.util.JMeterStopThreadException: End of file:/Users/gimhuiheon/Documents/study/java-multi-threading/resources/throughput/search_words.csv detected for CSV DataSet:CSV Data Set Config configured with stopThread:true, recycle:false
2026-03-10 00:55:10,159 INFO o.a.j.t.JMeterThread: Thread finished: Thread Group 1-34
2026-03-10 00:55:10,159 INFO o.a.j.t.JMeterThread: Stop Thread seen for thread Thread Group 1-73, reason: org.apache.jorphan.util.JMeterStopThreadException: End of file:/Users/gimhuiheon/Documents/study/java-multi-threading/resources/throughput/search_words.csv detected for CSV DataSet:CSV Data Set Config configured with stopThread:true, recycle:false
2026-03-10 00:55:10,159 INFO o.a.j.t.JMeterThread: Thread finished: Thread Group 1-73
2026-03-10 00:55:10,161 INFO o.a.j.t.JMeterThread: Stop Thread seen for thread Thread Group 1-50, reason: org.apache.jorphan.util.JMeterStopThreadException: End of file:/Users/gimhuiheon/Documents/study/java-multi-threading/resources/throughput/search_words.csv detected for CSV DataSet:CSV Data Set Config configured with stopThread:true, recycle:false
2026-03-10 00:55:10,161 INFO o.a.j.t.JMeterThread: Thread finished: Thread Group 1-50
2026-03-10 00:55:10,162 INFO o.a.j.t.JMeterThread: Stop Thread seen for thread Thread Group 1-87, reason: org.apache.jorphan.util.JMeterStopThreadException: End of file:/Users/gimhuiheon/Documents/study/java-multi-threading/resources/throughput/search_words.csv detected for CSV DataSet:CSV Data Set Config configured with stopThread:true, recycle:false
2026-03-10 00:55:10,162 INFO o.a.j.t.JMeterThread: Thread finished: Thread Group 1-87
2026-03-10 00:55:10,162 INFO o.a.j.t.JMeterThread: Stop Thread seen for thread Thread Group 1-23, reason: org.apache.jorphan.util.JMeterStopThreadException: End of file:/Users/gimhuiheon/Documents/study/java-multi-threading/resources/throughput/search_words.csv detected for CSV DataSet:CSV Data Set Config configured with stopThread:true, recycle:false
2026-03-10 00:55:10,162 INFO o.a.j.t.JMeterThread: Thread finished: Thread Group 1-23
2026-03-10 00:55:10,163 INFO o.a.j.t.JMeterThread: Stop Thread seen for thread Thread Group 1-21, reason: org.apache.jorphan.util.JMeterStopThreadException: End of file:/Users/gimhuiheon/Documents/study/java-multi-threading/resources/throughput/search_words.csv detected for CSV DataSet:CSV Data Set Config configured with stopThread:true, recycle:false
2026-03-10 00:55:10,163 INFO o.a.j.t.JMeterThread: Thread finished: Thread Group 1-21
2026-03-10 00:55:10,165 INFO o.a.j.t.JMeterThread: Stop Thread seen for thread Thread Group 1-98, reason: org.apache.jorphan.util.JMeterStopThreadException: End of file:/Users/gimhuiheon/Documents/study/java-multi-threading/resources/throughput/search_words.csv detected for CSV DataSet:CSV Data Set Config configured with stopThread:true, recycle:false
2026-03-10 00:55:10,165 INFO o.a.j.t.JMeterThread: Thread finished: Thread Group 1-98
2026-03-10 00:55:10,165 INFO o.a.j.t.JMeterThread: Stop Thread seen for thread Thread Group 1-45, reason: org.apache.jorphan.util.JMeterStopThreadException: End of file:/Users/gimhuiheon/Documents/study/java-multi-threading/resources/throughput/search_words.csv detected for CSV DataSet:CSV Data Set Config configured with stopThread:true, recycle:false
2026-03-10 00:55:10,165 INFO o.a.j.t.JMeterThread: Thread finished: Thread Group 1-45
2026-03-10 00:55:10,166 INFO o.a.j.t.JMeterThread: Stop Thread seen for thread Thread Group 1-58, reason: org.apache.jorphan.util.JMeterStopThreadException: End of file:/Users/gimhuiheon/Documents/study/java-multi-threading/resources/throughput/search_words.csv detected for CSV DataSet:CSV Data Set Config configured with stopThread:true, recycle:false
2026-03-10 00:55:10,166 INFO o.a.j.t.JMeterThread: Thread finished: Thread Group 1-58
2026-03-10 00:55:10,166 INFO o.a.j.t.JMeterThread: Stop Thread seen for thread Thread Group 1-43, reason: org.apache.jorphan.util.JMeterStopThreadException: End of file:/Users/gimhuiheon/Documents/study/java-multi-threading/resources/throughput/search_words.csv detected for CSV DataSet:CSV Data Set Config configured with stopThread:true, recycle:false
2026-03-10 00:55:10,166 INFO o.a.j.t.JMeterThread: Thread finished: Thread Group 1-43
2026-03-10 00:55:10,169 INFO o.a.j.t.JMeterThread: Stop Thread seen for thread Thread Group 1-62, reason: org.apache.jorphan.util.JMeterStopThreadException: End of file:/Users/gimhuiheon/Documents/study/java-multi-threading/resources/throughput/search_words.csv detected for CSV DataSet:CSV Data Set Config configured with stopThread:true, recycle:false
2026-03-10 00:55:10,169 INFO o.a.j.t.JMeterThread: Thread finished: Thread Group 1-62
2026-03-10 00:55:10,169 INFO o.a.j.t.JMeterThread: Stop Thread seen for thread Thread Group 1-18, reason: org.apache.jorphan.util.JMeterStopThreadException: End of file:/Users/gimhuiheon/Documents/study/java-multi-threading/resources/throughput/search_words.csv detected for CSV DataSet:CSV Data Set Config configured with stopThread:true, recycle:false
2026-03-10 00:55:10,169 INFO o.a.j.t.JMeterThread: Thread finished: Thread Group 1-18
2026-03-10 00:55:10,169 INFO o.a.j.t.JMeterThread: Stop Thread seen for thread Thread Group 1-36, reason: org.apache.jorphan.util.JMeterStopThreadException: End of file:/Users/gimhuiheon/Documents/study/java-multi-threading/resources/throughput/search_words.csv detected for CSV DataSet:CSV Data Set Config configured with stopThread:true, recycle:false
2026-03-10 00:55:10,170 INFO o.a.j.t.JMeterThread: Thread finished: Thread Group 1-36
2026-03-10 00:55:10,170 INFO o.a.j.t.JMeterThread: Stop Thread seen for thread Thread Group 1-78, reason: org.apache.jorphan.util.JMeterStopThreadException: End of file:/Users/gimhuiheon/Documents/study/java-multi-threading/resources/throughput/search_words.csv detected for CSV DataSet:CSV Data Set Config configured with stopThread:true, recycle:false
2026-03-10 00:55:10,170 INFO o.a.j.t.JMeterThread: Thread finished: Thread Group 1-78
2026-03-10 00:55:10,172 INFO o.a.j.t.JMeterThread: Stop Thread seen for thread Thread Group 1-68, reason: org.apache.jorphan.util.JMeterStopThreadException: End of file:/Users/gimhuiheon/Documents/study/java-multi-threading/resources/throughput/search_words.csv detected for CSV DataSet:CSV Data Set Config configured with stopThread:true, recycle:false
2026-03-10 00:55:10,172 INFO o.a.j.t.JMeterThread: Thread finished: Thread Group 1-68
2026-03-10 00:55:10,172 INFO o.a.j.t.JMeterThread: Stop Thread seen for thread Thread Group 1-93, reason: org.apache.jorphan.util.JMeterStopThreadException: End of file:/Users/gimhuiheon/Documents/study/java-multi-threading/resources/throughput/search_words.csv detected for CSV DataSet:CSV Data Set Config configured with stopThread:true, recycle:false
2026-03-10 00:55:10,172 INFO o.a.j.t.JMeterThread: Thread finished: Thread Group 1-93
2026-03-10 00:55:10,173 INFO o.a.j.t.JMeterThread: Stop Thread seen for thread Thread Group 1-82, reason: org.apache.jorphan.util.JMeterStopThreadException: End of file:/Users/gimhuiheon/Documents/study/java-multi-threading/resources/throughput/search_words.csv detected for CSV DataSet:CSV Data Set Config configured with stopThread:true, recycle:false
2026-03-10 00:55:10,173 INFO o.a.j.t.JMeterThread: Thread finished: Thread Group 1-82
2026-03-10 00:55:10,174 INFO o.a.j.t.JMeterThread: Stop Thread seen for thread Thread Group 1-66, reason: org.apache.jorphan.util.JMeterStopThreadException: End of file:/Users/gimhuiheon/Documents/study/java-multi-threading/resources/throughput/search_words.csv detected for CSV DataSet:CSV Data Set Config configured with stopThread:true, recycle:false
2026-03-10 00:55:10,174 INFO o.a.j.t.JMeterThread: Thread finished: Thread Group 1-66
2026-03-10 00:55:10,175 INFO o.a.j.t.JMeterThread: Stop Thread seen for thread Thread Group 1-67, reason: org.apache.jorphan.util.JMeterStopThreadException: End of file:/Users/gimhuiheon/Documents/study/java-multi-threading/resources/throughput/search_words.csv detected for CSV DataSet:CSV Data Set Config configured with stopThread:true, recycle:false
2026-03-10 00:55:10,175 INFO o.a.j.t.JMeterThread: Thread finished: Thread Group 1-67
2026-03-10 00:55:10,176 INFO o.a.j.t.JMeterThread: Stop Thread seen for thread Thread Group 1-44, reason: org.apache.jorphan.util.JMeterStopThreadException: End of file:/Users/gimhuiheon/Documents/study/java-multi-threading/resources/throughput/search_words.csv detected for CSV DataSet:CSV Data Set Config configured with stopThread:true, recycle:false
2026-03-10 00:55:10,176 INFO o.a.j.t.JMeterThread: Thread finished: Thread Group 1-44
2026-03-10 00:55:10,177 INFO o.a.j.t.JMeterThread: Stop Thread seen for thread Thread Group 1-74, reason: org.apache.jorphan.util.JMeterStopThreadException: End of file:/Users/gimhuiheon/Documents/study/java-multi-threading/resources/throughput/search_words.csv detected for CSV DataSet:CSV Data Set Config configured with stopThread:true, recycle:false
2026-03-10 00:55:10,177 INFO o.a.j.t.JMeterThread: Thread finished: Thread Group 1-74
2026-03-10 00:55:10,177 INFO o.a.j.t.JMeterThread: Stop Thread seen for thread Thread Group 1-64, reason: org.apache.jorphan.util.JMeterStopThreadException: End of file:/Users/gimhuiheon/Documents/study/java-multi-threading/resources/throughput/search_words.csv detected for CSV DataSet:CSV Data Set Config configured with stopThread:true, recycle:false
2026-03-10 00:55:10,177 INFO o.a.j.t.JMeterThread: Thread finished: Thread Group 1-64
2026-03-10 00:55:10,179 INFO o.a.j.t.JMeterThread: Stop Thread seen for thread Thread Group 1-60, reason: org.apache.jorphan.util.JMeterStopThreadException: End of file:/Users/gimhuiheon/Documents/study/java-multi-threading/resources/throughput/search_words.csv detected for CSV DataSet:CSV Data Set Config configured with stopThread:true, recycle:false
2026-03-10 00:55:10,179 INFO o.a.j.t.JMeterThread: Thread finished: Thread Group 1-60
2026-03-10 00:55:10,179 INFO o.a.j.t.JMeterThread: Stop Thread seen for thread Thread Group 1-49, reason: org.apache.jorphan.util.JMeterStopThreadException: End of file:/Users/gimhuiheon/Documents/study/java-multi-threading/resources/throughput/search_words.csv detected for CSV DataSet:CSV Data Set Config configured with stopThread:true, recycle:false
2026-03-10 00:55:10,179 INFO o.a.j.t.JMeterThread: Thread finished: Thread Group 1-49
2026-03-10 00:55:10,180 INFO o.a.j.t.JMeterThread: Stop Thread seen for thread Thread Group 1-70, reason: org.apache.jorphan.util.JMeterStopThreadException: End of file:/Users/gimhuiheon/Documents/study/java-multi-threading/resources/throughput/search_words.csv detected for CSV DataSet:CSV Data Set Config configured with stopThread:true, recycle:false
2026-03-10 00:55:10,180 INFO o.a.j.t.JMeterThread: Thread finished: Thread Group 1-70
2026-03-10 00:55:10,181 INFO o.a.j.t.JMeterThread: Stop Thread seen for thread Thread Group 1-28, reason: org.apache.jorphan.util.JMeterStopThreadException: End of file:/Users/gimhuiheon/Documents/study/java-multi-threading/resources/throughput/search_words.csv detected for CSV DataSet:CSV Data Set Config configured with stopThread:true, recycle:false
2026-03-10 00:55:10,181 INFO o.a.j.t.JMeterThread: Thread finished: Thread Group 1-28
2026-03-10 00:55:10,182 INFO o.a.j.t.JMeterThread: Stop Thread seen for thread Thread Group 1-37, reason: org.apache.jorphan.util.JMeterStopThreadException: End of file:/Users/gimhuiheon/Documents/study/java-multi-threading/resources/throughput/search_words.csv detected for CSV DataSet:CSV Data Set Config configured with stopThread:true, recycle:false
2026-03-10 00:55:10,182 INFO o.a.j.t.JMeterThread: Thread finished: Thread Group 1-37
2026-03-10 00:55:10,183 INFO o.a.j.t.JMeterThread: Stop Thread seen for thread Thread Group 1-99, reason: org.apache.jorphan.util.JMeterStopThreadException: End of file:/Users/gimhuiheon/Documents/study/java-multi-threading/resources/throughput/search_words.csv detected for CSV DataSet:CSV Data Set Config configured with stopThread:true, recycle:false
2026-03-10 00:55:10,183 INFO o.a.j.t.JMeterThread: Thread finished: Thread Group 1-99
2026-03-10 00:55:10,183 INFO o.a.j.t.JMeterThread: Stop Thread seen for thread Thread Group 1-75, reason: org.apache.jorphan.util.JMeterStopThreadException: End of file:/Users/gimhuiheon/Documents/study/java-multi-threading/resources/throughput/search_words.csv detected for CSV DataSet:CSV Data Set Config configured with stopThread:true, recycle:false
2026-03-10 00:55:10,183 INFO o.a.j.t.JMeterThread: Thread finished: Thread Group 1-75
2026-03-10 00:55:10,184 INFO o.a.j.t.JMeterThread: Stop Thread seen for thread Thread Group 1-88, reason: org.apache.jorphan.util.JMeterStopThreadException: End of file:/Users/gimhuiheon/Documents/study/java-multi-threading/resources/throughput/search_words.csv detected for CSV DataSet:CSV Data Set Config configured with stopThread:true, recycle:false
2026-03-10 00:55:10,184 INFO o.a.j.t.JMeterThread: Thread finished: Thread Group 1-88
2026-03-10 00:55:10,202 INFO o.a.j.t.JMeterThread: Stop Thread seen for thread Thread Group 1-31, reason: org.apache.jorphan.util.JMeterStopThreadException: End of file:/Users/gimhuiheon/Documents/study/java-multi-threading/resources/throughput/search_words.csv detected for CSV DataSet:CSV Data Set Config configured with stopThread:true, recycle:false
2026-03-10 00:55:10,202 INFO o.a.j.t.JMeterThread: Thread finished: Thread Group 1-31
2026-03-10 00:55:10,202 INFO o.a.j.t.JMeterThread: Stop Thread seen for thread Thread Group 1-71, reason: org.apache.jorphan.util.JMeterStopThreadException: End of file:/Users/gimhuiheon/Documents/study/java-multi-threading/resources/throughput/search_words.csv detected for CSV DataSet:CSV Data Set Config configured with stopThread:true, recycle:false
2026-03-10 00:55:10,202 INFO o.a.j.t.JMeterThread: Thread finished: Thread Group 1-71
2026-03-10 00:55:10,202 INFO o.a.j.t.JMeterThread: Stop Thread seen for thread Thread Group 1-4, reason: org.apache.jorphan.util.JMeterStopThreadException: End of file:/Users/gimhuiheon/Documents/study/java-multi-threading/resources/throughput/search_words.csv detected for CSV DataSet:CSV Data Set Config configured with stopThread:true, recycle:false
2026-03-10 00:55:10,202 INFO o.a.j.t.JMeterThread: Thread finished: Thread Group 1-4
2026-03-10 00:55:10,202 INFO o.a.j.t.JMeterThread: Stop Thread seen for thread Thread Group 1-3, reason: org.apache.jorphan.util.JMeterStopThreadException: End of file:/Users/gimhuiheon/Documents/study/java-multi-threading/resources/throughput/search_words.csv detected for CSV DataSet:CSV Data Set Config configured with stopThread:true, recycle:false
2026-03-10 00:55:10,202 INFO o.a.j.t.JMeterThread: Stop Thread seen for thread Thread Group 1-89, reason: org.apache.jorphan.util.JMeterStopThreadException: End of file:/Users/gimhuiheon/Documents/study/java-multi-threading/resources/throughput/search_words.csv detected for CSV DataSet:CSV Data Set Config configured with stopThread:true, recycle:false
2026-03-10 00:55:10,202 INFO o.a.j.t.JMeterThread: Stop Thread seen for thread Thread Group 1-84, reason: org.apache.jorphan.util.JMeterStopThreadException: End of file:/Users/gimhuiheon/Documents/study/java-multi-threading/resources/throughput/search_words.csv detected for CSV DataSet:CSV Data Set Config configured with stopThread:true, recycle:false
2026-03-10 00:55:10,202 INFO o.a.j.t.JMeterThread: Thread finished: Thread Group 1-84
2026-03-10 00:55:10,202 INFO o.a.j.t.JMeterThread: Stop Thread seen for thread Thread Group 1-22, reason: org.apache.jorphan.util.JMeterStopThreadException: End of file:/Users/gimhuiheon/Documents/study/java-multi-threading/resources/throughput/search_words.csv detected for CSV DataSet:CSV Data Set Config configured with stopThread:true, recycle:false
2026-03-10 00:55:10,202 INFO o.a.j.t.JMeterThread: Thread finished: Thread Group 1-3
2026-03-10 00:55:10,202 INFO o.a.j.t.JMeterThread: Thread finished: Thread Group 1-22
2026-03-10 00:55:10,202 INFO o.a.j.t.JMeterThread: Stop Thread seen for thread Thread Group 1-55, reason: org.apache.jorphan.util.JMeterStopThreadException: End of file:/Users/gimhuiheon/Documents/study/java-multi-threading/resources/throughput/search_words.csv detected for CSV DataSet:CSV Data Set Config configured with stopThread:true, recycle:false
2026-03-10 00:55:10,203 INFO o.a.j.t.JMeterThread: Thread finished: Thread Group 1-55
2026-03-10 00:55:10,202 INFO o.a.j.t.JMeterThread: Stop Thread seen for thread Thread Group 1-14, reason: org.apache.jorphan.util.JMeterStopThreadException: End of file:/Users/gimhuiheon/Documents/study/java-multi-threading/resources/throughput/search_words.csv detected for CSV DataSet:CSV Data Set Config configured with stopThread:true, recycle:false
2026-03-10 00:55:10,203 INFO o.a.j.t.JMeterThread: Thread finished: Thread Group 1-14
2026-03-10 00:55:10,203 INFO o.a.j.t.JMeterThread: Stop Thread seen for thread Thread Group 1-33, reason: org.apache.jorphan.util.JMeterStopThreadException: End of file:/Users/gimhuiheon/Documents/study/java-multi-threading/resources/throughput/search_words.csv detected for CSV DataSet:CSV Data Set Config configured with stopThread:true, recycle:false
2026-03-10 00:55:10,203 INFO o.a.j.t.JMeterThread: Thread finished: Thread Group 1-33
2026-03-10 00:55:10,202 INFO o.a.j.t.JMeterThread: Thread finished: Thread Group 1-89
2026-03-10 00:55:10,203 INFO o.a.j.t.JMeterThread: Stop Thread seen for thread Thread Group 1-16, reason: org.apache.jorphan.util.JMeterStopThreadException: End of file:/Users/gimhuiheon/Documents/study/java-multi-threading/resources/throughput/search_words.csv detected for CSV DataSet:CSV Data Set Config configured with stopThread:true, recycle:false
2026-03-10 00:55:10,203 INFO o.a.j.t.JMeterThread: Stop Thread seen for thread Thread Group 1-79, reason: org.apache.jorphan.util.JMeterStopThreadException: End of file:/Users/gimhuiheon/Documents/study/java-multi-threading/resources/throughput/search_words.csv detected for CSV DataSet:CSV Data Set Config configured with stopThread:true, recycle:false
2026-03-10 00:55:10,203 INFO o.a.j.t.JMeterThread: Thread finished: Thread Group 1-79
2026-03-10 00:55:10,203 INFO o.a.j.t.JMeterThread: Stop Thread seen for thread Thread Group 1-39, reason: org.apache.jorphan.util.JMeterStopThreadException: End of file:/Users/gimhuiheon/Documents/study/java-multi-threading/resources/throughput/search_words.csv detected for CSV DataSet:CSV Data Set Config configured with stopThread:true, recycle:false
2026-03-10 00:55:10,203 INFO o.a.j.t.JMeterThread: Thread finished: Thread Group 1-39
2026-03-10 00:55:10,203 INFO o.a.j.t.JMeterThread: Stop Thread seen for thread Thread Group 1-56, reason: org.apache.jorphan.util.JMeterStopThreadException: End of file:/Users/gimhuiheon/Documents/study/java-multi-threading/resources/throughput/search_words.csv detected for CSV DataSet:CSV Data Set Config configured with stopThread:true, recycle:false
2026-03-10 00:55:10,203 INFO o.a.j.t.JMeterThread: Thread finished: Thread Group 1-56
2026-03-10 00:55:10,203 INFO o.a.j.t.JMeterThread: Stop Thread seen for thread Thread Group 1-41, reason: org.apache.jorphan.util.JMeterStopThreadException: End of file:/Users/gimhuiheon/Documents/study/java-multi-threading/resources/throughput/search_words.csv detected for CSV DataSet:CSV Data Set Config configured with stopThread:true, recycle:false
2026-03-10 00:55:10,203 INFO o.a.j.t.JMeterThread: Thread finished: Thread Group 1-41
2026-03-10 00:55:10,203 INFO o.a.j.t.JMeterThread: Thread finished: Thread Group 1-16
2026-03-10 00:55:10,203 INFO o.a.j.t.JMeterThread: Stop Thread seen for thread Thread Group 1-100, reason: org.apache.jorphan.util.JMeterStopThreadException: End of file:/Users/gimhuiheon/Documents/study/java-multi-threading/resources/throughput/search_words.csv detected for CSV DataSet:CSV Data Set Config configured with stopThread:true, recycle:false
2026-03-10 00:55:10,203 INFO o.a.j.t.JMeterThread: Thread finished: Thread Group 1-100
2026-03-10 00:55:10,203 INFO o.a.j.t.JMeterThread: Stop Thread seen for thread Thread Group 1-83, reason: org.apache.jorphan.util.JMeterStopThreadException: End of file:/Users/gimhuiheon/Documents/study/java-multi-threading/resources/throughput/search_words.csv detected for CSV DataSet:CSV Data Set Config configured with stopThread:true, recycle:false
2026-03-10 00:55:10,203 INFO o.a.j.t.JMeterThread: Thread finished: Thread Group 1-83
2026-03-10 00:55:10,203 INFO o.a.j.t.JMeterThread: Stop Thread seen for thread Thread Group 1-29, reason: org.apache.jorphan.util.JMeterStopThreadException: End of file:/Users/gimhuiheon/Documents/study/java-multi-threading/resources/throughput/search_words.csv detected for CSV DataSet:CSV Data Set Config configured with stopThread:true, recycle:false
2026-03-10 00:55:10,203 INFO o.a.j.t.JMeterThread: Thread finished: Thread Group 1-29
2026-03-10 00:55:10,203 INFO o.a.j.t.JMeterThread: Stop Thread seen for thread Thread Group 1-46, reason: org.apache.jorphan.util.JMeterStopThreadException: End of file:/Users/gimhuiheon/Documents/study/java-multi-threading/resources/throughput/search_words.csv detected for CSV DataSet:CSV Data Set Config configured with stopThread:true, recycle:false
2026-03-10 00:55:10,203 INFO o.a.j.t.JMeterThread: Thread finished: Thread Group 1-46
2026-03-10 00:55:10,203 INFO o.a.j.t.JMeterThread: Stop Thread seen for thread Thread Group 1-54, reason: org.apache.jorphan.util.JMeterStopThreadException: End of file:/Users/gimhuiheon/Documents/study/java-multi-threading/resources/throughput/search_words.csv detected for CSV DataSet:CSV Data Set Config configured with stopThread:true, recycle:false
2026-03-10 00:55:10,203 INFO o.a.j.t.JMeterThread: Thread finished: Thread Group 1-54
2026-03-10 00:55:10,203 INFO o.a.j.t.JMeterThread: Stop Thread seen for thread Thread Group 1-59, reason: org.apache.jorphan.util.JMeterStopThreadException: End of file:/Users/gimhuiheon/Documents/study/java-multi-threading/resources/throughput/search_words.csv detected for CSV DataSet:CSV Data Set Config configured with stopThread:true, recycle:false
2026-03-10 00:55:10,203 INFO o.a.j.t.JMeterThread: Thread finished: Thread Group 1-59
2026-03-10 00:55:10,203 INFO o.a.j.t.JMeterThread: Stop Thread seen for thread Thread Group 1-52, reason: org.apache.jorphan.util.JMeterStopThreadException: End of file:/Users/gimhuiheon/Documents/study/java-multi-threading/resources/throughput/search_words.csv detected for CSV DataSet:CSV Data Set Config configured with stopThread:true, recycle:false
2026-03-10 00:55:10,203 INFO o.a.j.t.JMeterThread: Thread finished: Thread Group 1-52
2026-03-10 00:55:10,204 INFO o.a.j.t.JMeterThread: Stop Thread seen for thread Thread Group 1-11, reason: org.apache.jorphan.util.JMeterStopThreadException: End of file:/Users/gimhuiheon/Documents/study/java-multi-threading/resources/throughput/search_words.csv detected for CSV DataSet:CSV Data Set Config configured with stopThread:true, recycle:false
2026-03-10 00:55:10,204 INFO o.a.j.t.JMeterThread: Stop Thread seen for thread Thread Group 1-26, reason: org.apache.jorphan.util.JMeterStopThreadException: End of file:/Users/gimhuiheon/Documents/study/java-multi-threading/resources/throughput/search_words.csv detected for CSV DataSet:CSV Data Set Config configured with stopThread:true, recycle:false
2026-03-10 00:55:10,204 INFO o.a.j.t.JMeterThread: Thread finished: Thread Group 1-26
2026-03-10 00:55:10,204 INFO o.a.j.t.JMeterThread: Stop Thread seen for thread Thread Group 1-94, reason: org.apache.jorphan.util.JMeterStopThreadException: End of file:/Users/gimhuiheon/Documents/study/java-multi-threading/resources/throughput/search_words.csv detected for CSV DataSet:CSV Data Set Config configured with stopThread:true, recycle:false
2026-03-10 00:55:10,204 INFO o.a.j.t.JMeterThread: Thread finished: Thread Group 1-94
2026-03-10 00:55:10,204 INFO o.a.j.t.JMeterThread: Stop Thread seen for thread Thread Group 1-15, reason: org.apache.jorphan.util.JMeterStopThreadException: End of file:/Users/gimhuiheon/Documents/study/java-multi-threading/resources/throughput/search_words.csv detected for CSV DataSet:CSV Data Set Config configured with stopThread:true, recycle:false
2026-03-10 00:55:10,204 INFO o.a.j.t.JMeterThread: Thread finished: Thread Group 1-11
2026-03-10 00:55:10,204 INFO o.a.j.t.JMeterThread: Thread finished: Thread Group 1-15
2026-03-10 00:55:10,204 INFO o.a.j.e.StandardJMeterEngine: Notifying test listeners of end of test
2026-03-10 00:55:10,204 INFO o.a.j.s.FileServer: Close: /Users/gimhuiheon/Documents/study/java-multi-threading/resources/throughput/search_words.csv
2026-03-10 00:55:10,204 INFO o.a.j.g.u.JMeterMenuBar: setRunning(false, *local*)
2026-03-10 00:55:14,418 INFO o.a.j.e.StandardJMeterEngine: Running the test!
2026-03-10 00:55:14,418 INFO o.a.j.s.SampleEvent: List of sample_variables: []
2026-03-10 00:55:14,419 INFO o.a.j.g.u.JMeterMenuBar: setRunning(true, *local*)
2026-03-10 00:55:14,446 INFO o.a.j.e.StandardJMeterEngine: Starting ThreadGroup: 1 : Thread Group
2026-03-10 00:55:14,446 INFO o.a.j.e.StandardJMeterEngine: Starting 100 threads for group Thread Group.
2026-03-10 00:55:14,447 INFO o.a.j.e.StandardJMeterEngine: Thread will continue on error
2026-03-10 00:55:14,447 INFO o.a.j.t.ThreadGroup: Starting thread group... number=1 threads=100 ramp-up=1 delayedStart=false
2026-03-10 00:55:14,447 INFO o.a.j.t.JMeterThread: Thread started: Thread Group 1-1
2026-03-10 00:55:14,448 INFO o.a.j.s.FileServer: Stored: /Users/gimhuiheon/Documents/study/java-multi-threading/resources/throughput/search_words.csv
2026-03-10 00:55:14,455 INFO o.a.j.t.ThreadGroup: Started thread group number 1
2026-03-10 00:55:14,455 INFO o.a.j.e.StandardJMeterEngine: All thread groups have been started
2026-03-10 00:55:14,460 INFO o.a.j.t.JMeterThread: Thread started: Thread Group 1-2
2026-03-10 00:55:14,472 INFO o.a.j.t.JMeterThread: Thread started: Thread Group 1-3
2026-03-10 00:55:14,483 INFO o.a.j.t.JMeterThread: Thread started: Thread Group 1-4
2026-03-10 00:55:14,488 INFO o.a.j.t.JMeterThread: Thread started: Thread Group 1-5
2026-03-10 00:55:14,501 INFO o.a.j.t.JMeterThread: Thread started: Thread Group 1-6
2026-03-10 00:55:14,511 INFO o.a.j.t.JMeterThread: Thread started: Thread Group 1-7
2026-03-10 00:55:14,520 INFO o.a.j.t.JMeterThread: Thread started: Thread Group 1-8
2026-03-10 00:55:14,532 INFO o.a.j.t.JMeterThread: Thread started: Thread Group 1-9
2026-03-10 00:55:14,542 INFO o.a.j.t.JMeterThread: Thread started: Thread Group 1-10
2026-03-10 00:55:14,548 INFO o.a.j.t.JMeterThread: Thread started: Thread Group 1-11
2026-03-10 00:55:14,562 INFO o.a.j.t.JMeterThread: Thread started: Thread Group 1-12
2026-03-10 00:55:14,572 INFO o.a.j.t.JMeterThread: Thread started: Thread Group 1-13
2026-03-10 00:55:14,581 INFO o.a.j.t.JMeterThread: Thread started: Thread Group 1-14
2026-03-10 00:55:14,590 INFO o.a.j.t.JMeterThread: Thread started: Thread Group 1-15
2026-03-10 00:55:14,601 INFO o.a.j.t.JMeterThread: Thread started: Thread Group 1-16
2026-03-10 00:55:14,612 INFO o.a.j.t.JMeterThread: Thread started: Thread Group 1-17
2026-03-10 00:55:14,619 INFO o.a.j.t.JMeterThread: Thread started: Thread Group 1-18
2026-03-10 00:55:14,632 INFO o.a.j.t.JMeterThread: Thread started: Thread Group 1-19
2026-03-10 00:55:14,640 INFO o.a.j.t.JMeterThread: Thread started: Thread Group 1-20
2026-03-10 00:55:14,651 INFO o.a.j.t.JMeterThread: Thread started: Thread Group 1-21
2026-03-10 00:55:14,662 INFO o.a.j.t.JMeterThread: Thread started: Thread Group 1-22
2026-03-10 00:55:14,669 INFO o.a.j.t.JMeterThread: Thread started: Thread Group 1-23
2026-03-10 00:55:14,681 INFO o.a.j.t.JMeterThread: Thread started: Thread Group 1-24
2026-03-10 00:55:14,689 INFO o.a.j.t.JMeterThread: Thread started: Thread Group 1-25
2026-03-10 00:55:14,702 INFO o.a.j.t.JMeterThread: Thread started: Thread Group 1-26
2026-03-10 00:55:14,713 INFO o.a.j.t.JMeterThread: Thread started: Thread Group 1-27
2026-03-10 00:55:14,719 INFO o.a.j.t.JMeterThread: Thread started: Thread Group 1-28
2026-03-10 00:55:14,728 INFO o.a.j.t.JMeterThread: Thread started: Thread Group 1-29
2026-03-10 00:55:14,741 INFO o.a.j.t.JMeterThread: Thread started: Thread Group 1-30
2026-03-10 00:55:14,752 INFO o.a.j.t.JMeterThread: Thread started: Thread Group 1-31
2026-03-10 00:55:14,762 INFO o.a.j.t.JMeterThread: Thread started: Thread Group 1-32
2026-03-10 00:55:14,772 INFO o.a.j.t.JMeterThread: Thread started: Thread Group 1-33
2026-03-10 00:55:14,782 INFO o.a.j.t.JMeterThread: Thread started: Thread Group 1-34
2026-03-10 00:55:14,788 INFO o.a.j.t.JMeterThread: Thread started: Thread Group 1-35
2026-03-10 00:55:14,803 INFO o.a.j.t.JMeterThread: Thread started: Thread Group 1-36
2026-03-10 00:55:14,809 INFO o.a.j.t.JMeterThread: Thread started: Thread Group 1-37
2026-03-10 00:55:14,819 INFO o.a.j.t.JMeterThread: Thread started: Thread Group 1-38
2026-03-10 00:55:14,831 INFO o.a.j.t.JMeterThread: Thread started: Thread Group 1-39
2026-03-10 00:55:14,841 INFO o.a.j.t.JMeterThread: Thread started: Thread Group 1-40
2026-03-10 00:55:14,851 INFO o.a.j.t.JMeterThread: Thread started: Thread Group 1-41
2026-03-10 00:55:14,857 INFO o.a.j.t.JMeterThread: Thread started: Thread Group 1-42
2026-03-10 00:55:14,872 INFO o.a.j.t.JMeterThread: Thread started: Thread Group 1-43
2026-03-10 00:55:14,882 INFO o.a.j.t.JMeterThread: Thread started: Thread Group 1-44
2026-03-10 00:55:14,889 INFO o.a.j.t.JMeterThread: Thread started: Thread Group 1-45
2026-03-10 00:55:14,899 INFO o.a.j.t.JMeterThread: Thread started: Thread Group 1-46
2026-03-10 00:55:14,912 INFO o.a.j.t.JMeterThread: Thread started: Thread Group 1-47
2026-03-10 00:55:14,922 INFO o.a.j.t.JMeterThread: Thread started: Thread Group 1-48
2026-03-10 00:55:14,928 INFO o.a.j.t.JMeterThread: Thread started: Thread Group 1-49
2026-03-10 00:55:14,939 INFO o.a.j.t.JMeterThread: Thread started: Thread Group 1-50
2026-03-10 00:55:14,952 INFO o.a.j.t.JMeterThread: Thread started: Thread Group 1-51
2026-03-10 00:55:14,958 INFO o.a.j.t.JMeterThread: Thread started: Thread Group 1-52
2026-03-10 00:55:14,973 INFO o.a.j.t.JMeterThread: Thread started: Thread Group 1-53
2026-03-10 00:55:14,977 INFO o.a.j.t.JMeterThread: Thread started: Thread Group 1-54
2026-03-10 00:55:14,991 INFO o.a.j.t.JMeterThread: Thread started: Thread Group 1-55
2026-03-10 00:55:15,002 INFO o.a.j.t.JMeterThread: Thread started: Thread Group 1-56
2026-03-10 00:55:15,012 INFO o.a.j.t.JMeterThread: Thread started: Thread Group 1-57
2026-03-10 00:55:15,019 INFO o.a.j.t.JMeterThread: Thread started: Thread Group 1-58
2026-03-10 00:55:15,031 INFO o.a.j.t.JMeterThread: Thread started: Thread Group 1-59
2026-03-10 00:55:15,042 INFO o.a.j.t.JMeterThread: Thread started: Thread Group 1-60
2026-03-10 00:55:15,052 INFO o.a.j.t.JMeterThread: Thread started: Thread Group 1-61
2026-03-10 00:55:15,062 INFO o.a.j.t.JMeterThread: Thread started: Thread Group 1-62
2026-03-10 00:55:15,068 INFO o.a.j.t.JMeterThread: Thread started: Thread Group 1-63
2026-03-10 00:55:15,081 INFO o.a.j.t.JMeterThread: Thread started: Thread Group 1-64
2026-03-10 00:55:15,092 INFO o.a.j.t.JMeterThread: Thread started: Thread Group 1-65
2026-03-10 00:55:15,102 INFO o.a.j.t.JMeterThread: Thread started: Thread Group 1-66
2026-03-10 00:55:15,110 INFO o.a.j.t.JMeterThread: Thread started: Thread Group 1-67
2026-03-10 00:55:15,118 INFO o.a.j.t.JMeterThread: Thread started: Thread Group 1-68
2026-03-10 00:55:15,131 INFO o.a.j.t.JMeterThread: Thread started: Thread Group 1-69
2026-03-10 00:55:15,142 INFO o.a.j.t.JMeterThread: Thread started: Thread Group 1-70
2026-03-10 00:55:15,152 INFO o.a.j.t.JMeterThread: Thread started: Thread Group 1-71
2026-03-10 00:55:15,162 INFO o.a.j.t.JMeterThread: Thread started: Thread Group 1-72
2026-03-10 00:55:15,167 INFO o.a.j.t.JMeterThread: Thread started: Thread Group 1-73
2026-03-10 00:55:15,181 INFO o.a.j.t.JMeterThread: Thread started: Thread Group 1-74
2026-03-10 00:55:15,192 INFO o.a.j.t.JMeterThread: Thread started: Thread Group 1-75
2026-03-10 00:55:15,202 INFO o.a.j.t.JMeterThread: Thread started: Thread Group 1-76
2026-03-10 00:55:15,212 INFO o.a.j.t.JMeterThread: Thread started: Thread Group 1-77
2026-03-10 00:55:15,222 INFO o.a.j.t.JMeterThread: Thread started: Thread Group 1-78
2026-03-10 00:55:15,233 INFO o.a.j.t.JMeterThread: Thread started: Thread Group 1-79
2026-03-10 00:55:15,239 INFO o.a.j.t.JMeterThread: Thread started: Thread Group 1-80
2026-03-10 00:55:15,252 INFO o.a.j.t.JMeterThread: Thread started: Thread Group 1-81
2026-03-10 00:55:15,262 INFO o.a.j.t.JMeterThread: Thread started: Thread Group 1-82
2026-03-10 00:55:15,267 INFO o.a.j.t.JMeterThread: Thread started: Thread Group 1-83
2026-03-10 00:55:15,281 INFO o.a.j.t.JMeterThread: Thread started: Thread Group 1-84
2026-03-10 00:55:15,289 INFO o.a.j.t.JMeterThread: Thread started: Thread Group 1-85
2026-03-10 00:55:15,298 INFO o.a.j.t.JMeterThread: Thread started: Thread Group 1-86
2026-03-10 00:55:15,312 INFO o.a.j.t.JMeterThread: Thread started: Thread Group 1-87
2026-03-10 00:55:15,322 INFO o.a.j.t.JMeterThread: Thread started: Thread Group 1-88
2026-03-10 00:55:15,331 INFO o.a.j.t.JMeterThread: Thread started: Thread Group 1-89
2026-03-10 00:55:15,339 INFO o.a.j.t.JMeterThread: Thread started: Thread Group 1-90
2026-03-10 00:55:15,350 INFO o.a.j.t.JMeterThread: Thread started: Thread Group 1-91
2026-03-10 00:55:15,362 INFO o.a.j.t.JMeterThread: Thread started: Thread Group 1-92
2026-03-10 00:55:15,370 INFO o.a.j.t.JMeterThread: Thread started: Thread Group 1-93
2026-03-10 00:55:15,377 INFO o.a.j.t.JMeterThread: Thread started: Thread Group 1-94
2026-03-10 00:55:15,389 INFO o.a.j.t.JMeterThread: Thread started: Thread Group 1-95
2026-03-10 00:55:15,400 INFO o.a.j.t.JMeterThread: Thread started: Thread Group 1-96
2026-03-10 00:55:15,412 INFO o.a.j.t.JMeterThread: Thread started: Thread Group 1-97
2026-03-10 00:55:15,421 INFO o.a.j.t.JMeterThread: Thread started: Thread Group 1-98
2026-03-10 00:55:15,431 INFO o.a.j.t.JMeterThread: Thread started: Thread Group 1-99
2026-03-10 00:55:15,439 INFO o.a.j.t.JMeterThread: Thread started: Thread Group 1-100
2026-03-10 00:55:16,080 INFO o.a.j.t.JMeterThread: Stop Thread seen for thread Thread Group 1-64, reason: org.apache.jorphan.util.JMeterStopThreadException: End of file:/Users/gimhuiheon/Documents/study/java-multi-threading/resources/throughput/search_words.csv detected for CSV DataSet:CSV Data Set Config configured with stopThread:true, recycle:false
2026-03-10 00:55:16,080 INFO o.a.j.t.JMeterThread: Thread finished: Thread Group 1-64
2026-03-10 00:55:16,081 INFO o.a.j.t.JMeterThread: Stop Thread seen for thread Thread Group 1-44, reason: org.apache.jorphan.util.JMeterStopThreadException: End of file:/Users/gimhuiheon/Documents/study/java-multi-threading/resources/throughput/search_words.csv detected for CSV DataSet:CSV Data Set Config configured with stopThread:true, recycle:false
2026-03-10 00:55:16,081 INFO o.a.j.t.JMeterThread: Thread finished: Thread Group 1-44
2026-03-10 00:55:16,081 INFO o.a.j.t.JMeterThread: Stop Thread seen for thread Thread Group 1-76, reason: org.apache.jorphan.util.JMeterStopThreadException: End of file:/Users/gimhuiheon/Documents/study/java-multi-threading/resources/throughput/search_words.csv detected for CSV DataSet:CSV Data Set Config configured with stopThread:true, recycle:false
2026-03-10 00:55:16,081 INFO o.a.j.t.JMeterThread: Thread finished: Thread Group 1-76
2026-03-10 00:55:16,083 INFO o.a.j.t.JMeterThread: Stop Thread seen for thread Thread Group 1-23, reason: org.apache.jorphan.util.JMeterStopThreadException: End of file:/Users/gimhuiheon/Documents/study/java-multi-threading/resources/throughput/search_words.csv detected for CSV DataSet:CSV Data Set Config configured with stopThread:true, recycle:false
2026-03-10 00:55:16,083 INFO o.a.j.t.JMeterThread: Thread finished: Thread Group 1-23
2026-03-10 00:55:16,083 INFO o.a.j.t.JMeterThread: Stop Thread seen for thread Thread Group 1-97, reason: org.apache.jorphan.util.JMeterStopThreadException: End of file:/Users/gimhuiheon/Documents/study/java-multi-threading/resources/throughput/search_words.csv detected for CSV DataSet:CSV Data Set Config configured with stopThread:true, recycle:false
2026-03-10 00:55:16,083 INFO o.a.j.t.JMeterThread: Thread finished: Thread Group 1-97
2026-03-10 00:55:16,085 INFO o.a.j.t.JMeterThread: Stop Thread seen for thread Thread Group 1-35, reason: org.apache.jorphan.util.JMeterStopThreadException: End of file:/Users/gimhuiheon/Documents/study/java-multi-threading/resources/throughput/search_words.csv detected for CSV DataSet:CSV Data Set Config configured with stopThread:true, recycle:false
2026-03-10 00:55:16,085 INFO o.a.j.t.JMeterThread: Thread finished: Thread Group 1-35
2026-03-10 00:55:16,085 INFO o.a.j.t.JMeterThread: Stop Thread seen for thread Thread Group 1-10, reason: org.apache.jorphan.util.JMeterStopThreadException: End of file:/Users/gimhuiheon/Documents/study/java-multi-threading/resources/throughput/search_words.csv detected for CSV DataSet:CSV Data Set Config configured with stopThread:true, recycle:false
2026-03-10 00:55:16,085 INFO o.a.j.t.JMeterThread: Thread finished: Thread Group 1-10
2026-03-10 00:55:16,086 INFO o.a.j.t.JMeterThread: Stop Thread seen for thread Thread Group 1-11, reason: org.apache.jorphan.util.JMeterStopThreadException: End of file:/Users/gimhuiheon/Documents/study/java-multi-threading/resources/throughput/search_words.csv detected for CSV DataSet:CSV Data Set Config configured with stopThread:true, recycle:false
2026-03-10 00:55:16,086 INFO o.a.j.t.JMeterThread: Thread finished: Thread Group 1-11
2026-03-10 00:55:16,088 INFO o.a.j.t.JMeterThread: Stop Thread seen for thread Thread Group 1-25, reason: org.apache.jorphan.util.JMeterStopThreadException: End of file:/Users/gimhuiheon/Documents/study/java-multi-threading/resources/throughput/search_words.csv detected for CSV DataSet:CSV Data Set Config configured with stopThread:true, recycle:false
2026-03-10 00:55:16,088 INFO o.a.j.t.JMeterThread: Thread finished: Thread Group 1-25
2026-03-10 00:55:16,088 INFO o.a.j.t.JMeterThread: Stop Thread seen for thread Thread Group 1-39, reason: org.apache.jorphan.util.JMeterStopThreadException: End of file:/Users/gimhuiheon/Documents/study/java-multi-threading/resources/throughput/search_words.csv detected for CSV DataSet:CSV Data Set Config configured with stopThread:true, recycle:false
2026-03-10 00:55:16,088 INFO o.a.j.t.JMeterThread: Thread finished: Thread Group 1-39
2026-03-10 00:55:16,088 INFO o.a.j.t.JMeterThread: Stop Thread seen for thread Thread Group 1-17, reason: org.apache.jorphan.util.JMeterStopThreadException: End of file:/Users/gimhuiheon/Documents/study/java-multi-threading/resources/throughput/search_words.csv detected for CSV DataSet:CSV Data Set Config configured with stopThread:true, recycle:false
2026-03-10 00:55:16,088 INFO o.a.j.t.JMeterThread: Thread finished: Thread Group 1-17
2026-03-10 00:55:16,090 INFO o.a.j.t.JMeterThread: Stop Thread seen for thread Thread Group 1-72, reason: org.apache.jorphan.util.JMeterStopThreadException: End of file:/Users/gimhuiheon/Documents/study/java-multi-threading/resources/throughput/search_words.csv detected for CSV DataSet:CSV Data Set Config configured with stopThread:true, recycle:false
2026-03-10 00:55:16,090 INFO o.a.j.t.JMeterThread: Thread finished: Thread Group 1-72
2026-03-10 00:55:16,090 INFO o.a.j.t.JMeterThread: Stop Thread seen for thread Thread Group 1-60, reason: org.apache.jorphan.util.JMeterStopThreadException: End of file:/Users/gimhuiheon/Documents/study/java-multi-threading/resources/throughput/search_words.csv detected for CSV DataSet:CSV Data Set Config configured with stopThread:true, recycle:false
2026-03-10 00:55:16,090 INFO o.a.j.t.JMeterThread: Thread finished: Thread Group 1-60
2026-03-10 00:55:16,091 INFO o.a.j.t.JMeterThread: Stop Thread seen for thread Thread Group 1-47, reason: org.apache.jorphan.util.JMeterStopThreadException: End of file:/Users/gimhuiheon/Documents/study/java-multi-threading/resources/throughput/search_words.csv detected for CSV DataSet:CSV Data Set Config configured with stopThread:true, recycle:false
2026-03-10 00:55:16,092 INFO o.a.j.t.JMeterThread: Stop Thread seen for thread Thread Group 1-86, reason: org.apache.jorphan.util.JMeterStopThreadException: End of file:/Users/gimhuiheon/Documents/study/java-multi-threading/resources/throughput/search_words.csv detected for CSV DataSet:CSV Data Set Config configured with stopThread:true, recycle:false
2026-03-10 00:55:16,092 INFO o.a.j.t.JMeterThread: Thread finished: Thread Group 1-47
2026-03-10 00:55:16,092 INFO o.a.j.t.JMeterThread: Thread finished: Thread Group 1-86
2026-03-10 00:55:16,093 INFO o.a.j.t.JMeterThread: Stop Thread seen for thread Thread Group 1-53, reason: org.apache.jorphan.util.JMeterStopThreadException: End of file:/Users/gimhuiheon/Documents/study/java-multi-threading/resources/throughput/search_words.csv detected for CSV DataSet:CSV Data Set Config configured with stopThread:true, recycle:false
2026-03-10 00:55:16,093 INFO o.a.j.t.JMeterThread: Thread finished: Thread Group 1-53
2026-03-10 00:55:16,093 INFO o.a.j.t.JMeterThread: Stop Thread seen for thread Thread Group 1-98, reason: org.apache.jorphan.util.JMeterStopThreadException: End of file:/Users/gimhuiheon/Documents/study/java-multi-threading/resources/throughput/search_words.csv detected for CSV DataSet:CSV Data Set Config configured with stopThread:true, recycle:false
2026-03-10 00:55:16,093 INFO o.a.j.t.JMeterThread: Thread finished: Thread Group 1-98
2026-03-10 00:55:16,093 INFO o.a.j.t.JMeterThread: Stop Thread seen for thread Thread Group 1-50, reason: org.apache.jorphan.util.JMeterStopThreadException: End of file:/Users/gimhuiheon/Documents/study/java-multi-threading/resources/throughput/search_words.csv detected for CSV DataSet:CSV Data Set Config configured with stopThread:true, recycle:false
2026-03-10 00:55:16,094 INFO o.a.j.t.JMeterThread: Thread finished: Thread Group 1-50
2026-03-10 00:55:16,095 INFO o.a.j.t.JMeterThread: Stop Thread seen for thread Thread Group 1-65, reason: org.apache.jorphan.util.JMeterStopThreadException: End of file:/Users/gimhuiheon/Documents/study/java-multi-threading/resources/throughput/search_words.csv detected for CSV DataSet:CSV Data Set Config configured with stopThread:true, recycle:false
2026-03-10 00:55:16,095 INFO o.a.j.t.JMeterThread: Thread finished: Thread Group 1-65
2026-03-10 00:55:16,096 INFO o.a.j.t.JMeterThread: Stop Thread seen for thread Thread Group 1-4, reason: org.apache.jorphan.util.JMeterStopThreadException: End of file:/Users/gimhuiheon/Documents/study/java-multi-threading/resources/throughput/search_words.csv detected for CSV DataSet:CSV Data Set Config configured with stopThread:true, recycle:false
2026-03-10 00:55:16,096 INFO o.a.j.t.JMeterThread: Thread finished: Thread Group 1-4
2026-03-10 00:55:16,096 INFO o.a.j.t.JMeterThread: Stop Thread seen for thread Thread Group 1-45, reason: org.apache.jorphan.util.JMeterStopThreadException: End of file:/Users/gimhuiheon/Documents/study/java-multi-threading/resources/throughput/search_words.csv detected for CSV DataSet:CSV Data Set Config configured with stopThread:true, recycle:false
2026-03-10 00:55:16,096 INFO o.a.j.t.JMeterThread: Thread finished: Thread Group 1-45
2026-03-10 00:55:16,097 INFO o.a.j.t.JMeterThread: Stop Thread seen for thread Thread Group 1-73, reason: org.apache.jorphan.util.JMeterStopThreadException: End of file:/Users/gimhuiheon/Documents/study/java-multi-threading/resources/throughput/search_words.csv detected for CSV DataSet:CSV Data Set Config configured with stopThread:true, recycle:false
2026-03-10 00:55:16,097 INFO o.a.j.t.JMeterThread: Thread finished: Thread Group 1-73
2026-03-10 00:55:16,097 INFO o.a.j.t.JMeterThread: Stop Thread seen for thread Thread Group 1-42, reason: org.apache.jorphan.util.JMeterStopThreadException: End of file:/Users/gimhuiheon/Documents/study/java-multi-threading/resources/throughput/search_words.csv detected for CSV DataSet:CSV Data Set Config configured with stopThread:true, recycle:false
2026-03-10 00:55:16,097 INFO o.a.j.t.JMeterThread: Thread finished: Thread Group 1-42
2026-03-10 00:55:16,099 INFO o.a.j.t.JMeterThread: Stop Thread seen for thread Thread Group 1-81, reason: org.apache.jorphan.util.JMeterStopThreadException: End of file:/Users/gimhuiheon/Documents/study/java-multi-threading/resources/throughput/search_words.csv detected for CSV DataSet:CSV Data Set Config configured with stopThread:true, recycle:false
2026-03-10 00:55:16,099 INFO o.a.j.t.JMeterThread: Thread finished: Thread Group 1-81
2026-03-10 00:55:16,100 INFO o.a.j.t.JMeterThread: Stop Thread seen for thread Thread Group 1-19, reason: org.apache.jorphan.util.JMeterStopThreadException: End of file:/Users/gimhuiheon/Documents/study/java-multi-threading/resources/throughput/search_words.csv detected for CSV DataSet:CSV Data Set Config configured with stopThread:true, recycle:false
2026-03-10 00:55:16,100 INFO o.a.j.t.JMeterThread: Thread finished: Thread Group 1-19
2026-03-10 00:55:16,100 INFO o.a.j.t.JMeterThread: Stop Thread seen for thread Thread Group 1-69, reason: org.apache.jorphan.util.JMeterStopThreadException: End of file:/Users/gimhuiheon/Documents/study/java-multi-threading/resources/throughput/search_words.csv detected for CSV DataSet:CSV Data Set Config configured with stopThread:true, recycle:false
2026-03-10 00:55:16,100 INFO o.a.j.t.JMeterThread: Thread finished: Thread Group 1-69
2026-03-10 00:55:16,101 INFO o.a.j.t.JMeterThread: Stop Thread seen for thread Thread Group 1-9, reason: org.apache.jorphan.util.JMeterStopThreadException: End of file:/Users/gimhuiheon/Documents/study/java-multi-threading/resources/throughput/search_words.csv detected for CSV DataSet:CSV Data Set Config configured with stopThread:true, recycle:false
2026-03-10 00:55:16,101 INFO o.a.j.t.JMeterThread: Thread finished: Thread Group 1-9
2026-03-10 00:55:16,103 INFO o.a.j.t.JMeterThread: Stop Thread seen for thread Thread Group 1-77, reason: org.apache.jorphan.util.JMeterStopThreadException: End of file:/Users/gimhuiheon/Documents/study/java-multi-threading/resources/throughput/search_words.csv detected for CSV DataSet:CSV Data Set Config configured with stopThread:true, recycle:false
2026-03-10 00:55:16,103 INFO o.a.j.t.JMeterThread: Thread finished: Thread Group 1-77
2026-03-10 00:55:16,103 INFO o.a.j.t.JMeterThread: Stop Thread seen for thread Thread Group 1-92, reason: org.apache.jorphan.util.JMeterStopThreadException: End of file:/Users/gimhuiheon/Documents/study/java-multi-threading/resources/throughput/search_words.csv detected for CSV DataSet:CSV Data Set Config configured with stopThread:true, recycle:false
2026-03-10 00:55:16,103 INFO o.a.j.t.JMeterThread: Thread finished: Thread Group 1-92
2026-03-10 00:55:16,104 INFO o.a.j.t.JMeterThread: Stop Thread seen for thread Thread Group 1-61, reason: org.apache.jorphan.util.JMeterStopThreadException: End of file:/Users/gimhuiheon/Documents/study/java-multi-threading/resources/throughput/search_words.csv detected for CSV DataSet:CSV Data Set Config configured with stopThread:true, recycle:false
2026-03-10 00:55:16,104 INFO o.a.j.t.JMeterThread: Thread finished: Thread Group 1-61
2026-03-10 00:55:16,105 INFO o.a.j.t.JMeterThread: Stop Thread seen for thread Thread Group 1-27, reason: org.apache.jorphan.util.JMeterStopThreadException: End of file:/Users/gimhuiheon/Documents/study/java-multi-threading/resources/throughput/search_words.csv detected for CSV DataSet:CSV Data Set Config configured with stopThread:true, recycle:false
2026-03-10 00:55:16,105 INFO o.a.j.t.JMeterThread: Thread finished: Thread Group 1-27
2026-03-10 00:55:16,106 INFO o.a.j.t.JMeterThread: Stop Thread seen for thread Thread Group 1-26, reason: org.apache.jorphan.util.JMeterStopThreadException: End of file:/Users/gimhuiheon/Documents/study/java-multi-threading/resources/throughput/search_words.csv detected for CSV DataSet:CSV Data Set Config configured with stopThread:true, recycle:false
2026-03-10 00:55:16,106 INFO o.a.j.t.JMeterThread: Thread finished: Thread Group 1-26
2026-03-10 00:55:16,106 INFO o.a.j.t.JMeterThread: Stop Thread seen for thread Thread Group 1-28, reason: org.apache.jorphan.util.JMeterStopThreadException: End of file:/Users/gimhuiheon/Documents/study/java-multi-threading/resources/throughput/search_words.csv detected for CSV DataSet:CSV Data Set Config configured with stopThread:true, recycle:false
2026-03-10 00:55:16,106 INFO o.a.j.t.JMeterThread: Thread finished: Thread Group 1-28
2026-03-10 00:55:16,106 INFO o.a.j.t.JMeterThread: Stop Thread seen for thread Thread Group 1-57, reason: org.apache.jorphan.util.JMeterStopThreadException: End of file:/Users/gimhuiheon/Documents/study/java-multi-threading/resources/throughput/search_words.csv detected for CSV DataSet:CSV Data Set Config configured with stopThread:true, recycle:false
2026-03-10 00:55:16,107 INFO o.a.j.t.JMeterThread: Thread finished: Thread Group 1-57
2026-03-10 00:55:16,108 INFO o.a.j.t.JMeterThread: Stop Thread seen for thread Thread Group 1-18, reason: org.apache.jorphan.util.JMeterStopThreadException: End of file:/Users/gimhuiheon/Documents/study/java-multi-threading/resources/throughput/search_words.csv detected for CSV DataSet:CSV Data Set Config configured with stopThread:true, recycle:false
2026-03-10 00:55:16,108 INFO o.a.j.t.JMeterThread: Thread finished: Thread Group 1-18
2026-03-10 00:55:16,109 INFO o.a.j.t.JMeterThread: Stop Thread seen for thread Thread Group 1-87, reason: org.apache.jorphan.util.JMeterStopThreadException: End of file:/Users/gimhuiheon/Documents/study/java-multi-threading/resources/throughput/search_words.csv detected for CSV DataSet:CSV Data Set Config configured with stopThread:true, recycle:false
2026-03-10 00:55:16,109 INFO o.a.j.t.JMeterThread: Thread finished: Thread Group 1-87
2026-03-10 00:55:16,109 INFO o.a.j.t.JMeterThread: Stop Thread seen for thread Thread Group 1-54, reason: org.apache.jorphan.util.JMeterStopThreadException: End of file:/Users/gimhuiheon/Documents/study/java-multi-threading/resources/throughput/search_words.csv detected for CSV DataSet:CSV Data Set Config configured with stopThread:true, recycle:false
2026-03-10 00:55:16,109 INFO o.a.j.t.JMeterThread: Thread finished: Thread Group 1-54
2026-03-10 00:55:16,110 INFO o.a.j.t.JMeterThread: Stop Thread seen for thread Thread Group 1-7, reason: org.apache.jorphan.util.JMeterStopThreadException: End of file:/Users/gimhuiheon/Documents/study/java-multi-threading/resources/throughput/search_words.csv detected for CSV DataSet:CSV Data Set Config configured with stopThread:true, recycle:false
2026-03-10 00:55:16,110 INFO o.a.j.t.JMeterThread: Thread finished: Thread Group 1-7
2026-03-10 00:55:16,112 INFO o.a.j.t.JMeterThread: Stop Thread seen for thread Thread Group 1-29, reason: org.apache.jorphan.util.JMeterStopThreadException: End of file:/Users/gimhuiheon/Documents/study/java-multi-threading/resources/throughput/search_words.csv detected for CSV DataSet:CSV Data Set Config configured with stopThread:true, recycle:false
2026-03-10 00:55:16,112 INFO o.a.j.t.JMeterThread: Thread finished: Thread Group 1-29
2026-03-10 00:55:16,112 INFO o.a.j.t.JMeterThread: Stop Thread seen for thread Thread Group 1-16, reason: org.apache.jorphan.util.JMeterStopThreadException: End of file:/Users/gimhuiheon/Documents/study/java-multi-threading/resources/throughput/search_words.csv detected for CSV DataSet:CSV Data Set Config configured with stopThread:true, recycle:false
2026-03-10 00:55:16,112 INFO o.a.j.t.JMeterThread: Thread finished: Thread Group 1-16
2026-03-10 00:55:16,112 INFO o.a.j.t.JMeterThread: Stop Thread seen for thread Thread Group 1-99, reason: org.apache.jorphan.util.JMeterStopThreadException: End of file:/Users/gimhuiheon/Documents/study/java-multi-threading/resources/throughput/search_words.csv detected for CSV DataSet:CSV Data Set Config configured with stopThread:true, recycle:false
2026-03-10 00:55:16,112 INFO o.a.j.t.JMeterThread: Thread finished: Thread Group 1-99
2026-03-10 00:55:16,113 INFO o.a.j.t.JMeterThread: Stop Thread seen for thread Thread Group 1-33, reason: org.apache.jorphan.util.JMeterStopThreadException: End of file:/Users/gimhuiheon/Documents/study/java-multi-threading/resources/throughput/search_words.csv detected for CSV DataSet:CSV Data Set Config configured with stopThread:true, recycle:false
2026-03-10 00:55:16,113 INFO o.a.j.t.JMeterThread: Thread finished: Thread Group 1-33
2026-03-10 00:55:16,115 INFO o.a.j.t.JMeterThread: Stop Thread seen for thread Thread Group 1-93, reason: org.apache.jorphan.util.JMeterStopThreadException: End of file:/Users/gimhuiheon/Documents/study/java-multi-threading/resources/throughput/search_words.csv detected for CSV DataSet:CSV Data Set Config configured with stopThread:true, recycle:false
2026-03-10 00:55:16,115 INFO o.a.j.t.JMeterThread: Thread finished: Thread Group 1-93
2026-03-10 00:55:16,116 INFO o.a.j.t.JMeterThread: Stop Thread seen for thread Thread Group 1-78, reason: org.apache.jorphan.util.JMeterStopThreadException: End of file:/Users/gimhuiheon/Documents/study/java-multi-threading/resources/throughput/search_words.csv detected for CSV DataSet:CSV Data Set Config configured with stopThread:true, recycle:false
2026-03-10 00:55:16,116 INFO o.a.j.t.JMeterThread: Thread finished: Thread Group 1-78
2026-03-10 00:55:16,116 INFO o.a.j.t.JMeterThread: Stop Thread seen for thread Thread Group 1-82, reason: org.apache.jorphan.util.JMeterStopThreadException: End of file:/Users/gimhuiheon/Documents/study/java-multi-threading/resources/throughput/search_words.csv detected for CSV DataSet:CSV Data Set Config configured with stopThread:true, recycle:false
2026-03-10 00:55:16,116 INFO o.a.j.t.JMeterThread: Thread finished: Thread Group 1-82
2026-03-10 00:55:16,117 INFO o.a.j.t.JMeterThread: Stop Thread seen for thread Thread Group 1-59, reason: org.apache.jorphan.util.JMeterStopThreadException: End of file:/Users/gimhuiheon/Documents/study/java-multi-threading/resources/throughput/search_words.csv detected for CSV DataSet:CSV Data Set Config configured with stopThread:true, recycle:false
2026-03-10 00:55:16,117 INFO o.a.j.t.JMeterThread: Thread finished: Thread Group 1-59
2026-03-10 00:55:16,120 INFO o.a.j.t.JMeterThread: Stop Thread seen for thread Thread Group 1-88, reason: org.apache.jorphan.util.JMeterStopThreadException: End of file:/Users/gimhuiheon/Documents/study/java-multi-threading/resources/throughput/search_words.csv detected for CSV DataSet:CSV Data Set Config configured with stopThread:true, recycle:false
2026-03-10 00:55:16,120 INFO o.a.j.t.JMeterThread: Thread finished: Thread Group 1-88
2026-03-10 00:55:16,121 INFO o.a.j.t.JMeterThread: Stop Thread seen for thread Thread Group 1-94, reason: org.apache.jorphan.util.JMeterStopThreadException: End of file:/Users/gimhuiheon/Documents/study/java-multi-threading/resources/throughput/search_words.csv detected for CSV DataSet:CSV Data Set Config configured with stopThread:true, recycle:false
2026-03-10 00:55:16,121 INFO o.a.j.t.JMeterThread: Thread finished: Thread Group 1-94
2026-03-10 00:55:16,121 INFO o.a.j.t.JMeterThread: Stop Thread seen for thread Thread Group 1-79, reason: org.apache.jorphan.util.JMeterStopThreadException: End of file:/Users/gimhuiheon/Documents/study/java-multi-threading/resources/throughput/search_words.csv detected for CSV DataSet:CSV Data Set Config configured with stopThread:true, recycle:false
2026-03-10 00:55:16,121 INFO o.a.j.t.JMeterThread: Thread finished: Thread Group 1-79
2026-03-10 00:55:16,121 INFO o.a.j.t.JMeterThread: Stop Thread seen for thread Thread Group 1-71, reason: org.apache.jorphan.util.JMeterStopThreadException: End of file:/Users/gimhuiheon/Documents/study/java-multi-threading/resources/throughput/search_words.csv detected for CSV DataSet:CSV Data Set Config configured with stopThread:true, recycle:false
2026-03-10 00:55:16,121 INFO o.a.j.t.JMeterThread: Thread finished: Thread Group 1-71
2026-03-10 00:55:16,123 INFO o.a.j.t.JMeterThread: Stop Thread seen for thread Thread Group 1-14, reason: org.apache.jorphan.util.JMeterStopThreadException: End of file:/Users/gimhuiheon/Documents/study/java-multi-threading/resources/throughput/search_words.csv detected for CSV DataSet:CSV Data Set Config configured with stopThread:true, recycle:false
2026-03-10 00:55:16,123 INFO o.a.j.t.JMeterThread: Thread finished: Thread Group 1-14
2026-03-10 00:55:16,124 INFO o.a.j.t.JMeterThread: Stop Thread seen for thread Thread Group 1-36, reason: org.apache.jorphan.util.JMeterStopThreadException: End of file:/Users/gimhuiheon/Documents/study/java-multi-threading/resources/throughput/search_words.csv detected for CSV DataSet:CSV Data Set Config configured with stopThread:true, recycle:false
2026-03-10 00:55:16,124 INFO o.a.j.t.JMeterThread: Thread finished: Thread Group 1-36
2026-03-10 00:55:16,125 INFO o.a.j.t.JMeterThread: Stop Thread seen for thread Thread Group 1-2, reason: org.apache.jorphan.util.JMeterStopThreadException: End of file:/Users/gimhuiheon/Documents/study/java-multi-threading/resources/throughput/search_words.csv detected for CSV DataSet:CSV Data Set Config configured with stopThread:true, recycle:false
2026-03-10 00:55:16,125 INFO o.a.j.t.JMeterThread: Thread finished: Thread Group 1-2
2026-03-10 00:55:16,126 INFO o.a.j.t.JMeterThread: Stop Thread seen for thread Thread Group 1-8, reason: org.apache.jorphan.util.JMeterStopThreadException: End of file:/Users/gimhuiheon/Documents/study/java-multi-threading/resources/throughput/search_words.csv detected for CSV DataSet:CSV Data Set Config configured with stopThread:true, recycle:false
2026-03-10 00:55:16,126 INFO o.a.j.t.JMeterThread: Thread finished: Thread Group 1-8
2026-03-10 00:55:16,127 INFO o.a.j.t.JMeterThread: Stop Thread seen for thread Thread Group 1-83, reason: org.apache.jorphan.util.JMeterStopThreadException: End of file:/Users/gimhuiheon/Documents/study/java-multi-threading/resources/throughput/search_words.csv detected for CSV DataSet:CSV Data Set Config configured with stopThread:true, recycle:false
2026-03-10 00:55:16,127 INFO o.a.j.t.JMeterThread: Thread finished: Thread Group 1-83
2026-03-10 00:55:16,127 INFO o.a.j.t.JMeterThread: Stop Thread seen for thread Thread Group 1-75, reason: org.apache.jorphan.util.JMeterStopThreadException: End of file:/Users/gimhuiheon/Documents/study/java-multi-threading/resources/throughput/search_words.csv detected for CSV DataSet:CSV Data Set Config configured with stopThread:true, recycle:false
2026-03-10 00:55:16,127 INFO o.a.j.t.JMeterThread: Thread finished: Thread Group 1-75
2026-03-10 00:55:16,128 INFO o.a.j.t.JMeterThread: Stop Thread seen for thread Thread Group 1-100, reason: org.apache.jorphan.util.JMeterStopThreadException: End of file:/Users/gimhuiheon/Documents/study/java-multi-threading/resources/throughput/search_words.csv detected for CSV DataSet:CSV Data Set Config configured with stopThread:true, recycle:false
2026-03-10 00:55:16,129 INFO o.a.j.t.JMeterThread: Thread finished: Thread Group 1-100
2026-03-10 00:55:16,129 INFO o.a.j.t.JMeterThread: Stop Thread seen for thread Thread Group 1-49, reason: org.apache.jorphan.util.JMeterStopThreadException: End of file:/Users/gimhuiheon/Documents/study/java-multi-threading/resources/throughput/search_words.csv detected for CSV DataSet:CSV Data Set Config configured with stopThread:true, recycle:false
2026-03-10 00:55:16,129 INFO o.a.j.t.JMeterThread: Thread finished: Thread Group 1-49
2026-03-10 00:55:16,130 INFO o.a.j.t.JMeterThread: Stop Thread seen for thread Thread Group 1-55, reason: org.apache.jorphan.util.JMeterStopThreadException: End of file:/Users/gimhuiheon/Documents/study/java-multi-threading/resources/throughput/search_words.csv detected for CSV DataSet:CSV Data Set Config configured with stopThread:true, recycle:false
2026-03-10 00:55:16,130 INFO o.a.j.t.JMeterThread: Thread finished: Thread Group 1-55
2026-03-10 00:55:16,130 INFO o.a.j.t.JMeterThread: Stop Thread seen for thread Thread Group 1-32, reason: org.apache.jorphan.util.JMeterStopThreadException: End of file:/Users/gimhuiheon/Documents/study/java-multi-threading/resources/throughput/search_words.csv detected for CSV DataSet:CSV Data Set Config configured with stopThread:true, recycle:false
2026-03-10 00:55:16,130 INFO o.a.j.t.JMeterThread: Thread finished: Thread Group 1-32
2026-03-10 00:55:16,132 INFO o.a.j.t.JMeterThread: Stop Thread seen for thread Thread Group 1-24, reason: org.apache.jorphan.util.JMeterStopThreadException: End of file:/Users/gimhuiheon/Documents/study/java-multi-threading/resources/throughput/search_words.csv detected for CSV DataSet:CSV Data Set Config configured with stopThread:true, recycle:false
2026-03-10 00:55:16,132 INFO o.a.j.t.JMeterThread: Thread finished: Thread Group 1-24
2026-03-10 00:55:16,133 INFO o.a.j.t.JMeterThread: Stop Thread seen for thread Thread Group 1-20, reason: org.apache.jorphan.util.JMeterStopThreadException: End of file:/Users/gimhuiheon/Documents/study/java-multi-threading/resources/throughput/search_words.csv detected for CSV DataSet:CSV Data Set Config configured with stopThread:true, recycle:false
2026-03-10 00:55:16,133 INFO o.a.j.t.JMeterThread: Thread finished: Thread Group 1-20
2026-03-10 00:55:16,133 INFO o.a.j.t.JMeterThread: Stop Thread seen for thread Thread Group 1-68, reason: org.apache.jorphan.util.JMeterStopThreadException: End of file:/Users/gimhuiheon/Documents/study/java-multi-threading/resources/throughput/search_words.csv detected for CSV DataSet:CSV Data Set Config configured with stopThread:true, recycle:false
2026-03-10 00:55:16,133 INFO o.a.j.t.JMeterThread: Thread finished: Thread Group 1-68
2026-03-10 00:55:16,134 INFO o.a.j.t.JMeterThread: Stop Thread seen for thread Thread Group 1-30, reason: org.apache.jorphan.util.JMeterStopThreadException: End of file:/Users/gimhuiheon/Documents/study/java-multi-threading/resources/throughput/search_words.csv detected for CSV DataSet:CSV Data Set Config configured with stopThread:true, recycle:false
2026-03-10 00:55:16,134 INFO o.a.j.t.JMeterThread: Thread finished: Thread Group 1-30
2026-03-10 00:55:16,137 INFO o.a.j.t.JMeterThread: Stop Thread seen for thread Thread Group 1-74, reason: org.apache.jorphan.util.JMeterStopThreadException: End of file:/Users/gimhuiheon/Documents/study/java-multi-threading/resources/throughput/search_words.csv detected for CSV DataSet:CSV Data Set Config configured with stopThread:true, recycle:false
2026-03-10 00:55:16,137 INFO o.a.j.t.JMeterThread: Stop Thread seen for thread Thread Group 1-22, reason: org.apache.jorphan.util.JMeterStopThreadException: End of file:/Users/gimhuiheon/Documents/study/java-multi-threading/resources/throughput/search_words.csv detected for CSV DataSet:CSV Data Set Config configured with stopThread:true, recycle:false
2026-03-10 00:55:16,137 INFO o.a.j.t.JMeterThread: Thread finished: Thread Group 1-74
2026-03-10 00:55:16,137 INFO o.a.j.t.JMeterThread: Thread finished: Thread Group 1-22
2026-03-10 00:55:16,137 INFO o.a.j.t.JMeterThread: Stop Thread seen for thread Thread Group 1-41, reason: org.apache.jorphan.util.JMeterStopThreadException: End of file:/Users/gimhuiheon/Documents/study/java-multi-threading/resources/throughput/search_words.csv detected for CSV DataSet:CSV Data Set Config configured with stopThread:true, recycle:false
2026-03-10 00:55:16,137 INFO o.a.j.t.JMeterThread: Thread finished: Thread Group 1-41
2026-03-10 00:55:16,138 INFO o.a.j.t.JMeterThread: Stop Thread seen for thread Thread Group 1-12, reason: org.apache.jorphan.util.JMeterStopThreadException: End of file:/Users/gimhuiheon/Documents/study/java-multi-threading/resources/throughput/search_words.csv detected for CSV DataSet:CSV Data Set Config configured with stopThread:true, recycle:false
2026-03-10 00:55:16,138 INFO o.a.j.t.JMeterThread: Thread finished: Thread Group 1-12
2026-03-10 00:55:16,140 INFO o.a.j.t.JMeterThread: Stop Thread seen for thread Thread Group 1-96, reason: org.apache.jorphan.util.JMeterStopThreadException: End of file:/Users/gimhuiheon/Documents/study/java-multi-threading/resources/throughput/search_words.csv detected for CSV DataSet:CSV Data Set Config configured with stopThread:true, recycle:false
2026-03-10 00:55:16,140 INFO o.a.j.t.JMeterThread: Thread finished: Thread Group 1-96
2026-03-10 00:55:16,141 INFO o.a.j.t.JMeterThread: Stop Thread seen for thread Thread Group 1-84, reason: org.apache.jorphan.util.JMeterStopThreadException: End of file:/Users/gimhuiheon/Documents/study/java-multi-threading/resources/throughput/search_words.csv detected for CSV DataSet:CSV Data Set Config configured with stopThread:true, recycle:false
2026-03-10 00:55:16,141 INFO o.a.j.t.JMeterThread: Thread finished: Thread Group 1-84
2026-03-10 00:55:16,141 INFO o.a.j.t.JMeterThread: Stop Thread seen for thread Thread Group 1-58, reason: org.apache.jorphan.util.JMeterStopThreadException: End of file:/Users/gimhuiheon/Documents/study/java-multi-threading/resources/throughput/search_words.csv detected for CSV DataSet:CSV Data Set Config configured with stopThread:true, recycle:false
2026-03-10 00:55:16,141 INFO o.a.j.t.JMeterThread: Thread finished: Thread Group 1-58
2026-03-10 00:55:16,142 INFO o.a.j.t.JMeterThread: Stop Thread seen for thread Thread Group 1-3, reason: org.apache.jorphan.util.JMeterStopThreadException: End of file:/Users/gimhuiheon/Documents/study/java-multi-threading/resources/throughput/search_words.csv detected for CSV DataSet:CSV Data Set Config configured with stopThread:true, recycle:false
2026-03-10 00:55:16,142 INFO o.a.j.t.JMeterThread: Thread finished: Thread Group 1-3
2026-03-10 00:55:16,143 INFO o.a.j.t.JMeterThread: Stop Thread seen for thread Thread Group 1-70, reason: org.apache.jorphan.util.JMeterStopThreadException: End of file:/Users/gimhuiheon/Documents/study/java-multi-threading/resources/throughput/search_words.csv detected for CSV DataSet:CSV Data Set Config configured with stopThread:true, recycle:false
2026-03-10 00:55:16,143 INFO o.a.j.t.JMeterThread: Thread finished: Thread Group 1-70
2026-03-10 00:55:16,144 INFO o.a.j.t.JMeterThread: Stop Thread seen for thread Thread Group 1-38, reason: org.apache.jorphan.util.JMeterStopThreadException: End of file:/Users/gimhuiheon/Documents/study/java-multi-threading/resources/throughput/search_words.csv detected for CSV DataSet:CSV Data Set Config configured with stopThread:true, recycle:false
2026-03-10 00:55:16,144 INFO o.a.j.t.JMeterThread: Thread finished: Thread Group 1-38
2026-03-10 00:55:16,144 INFO o.a.j.t.JMeterThread: Stop Thread seen for thread Thread Group 1-90, reason: org.apache.jorphan.util.JMeterStopThreadException: End of file:/Users/gimhuiheon/Documents/study/java-multi-threading/resources/throughput/search_words.csv detected for CSV DataSet:CSV Data Set Config configured with stopThread:true, recycle:false
2026-03-10 00:55:16,144 INFO o.a.j.t.JMeterThread: Thread finished: Thread Group 1-90
2026-03-10 00:55:16,144 INFO o.a.j.t.JMeterThread: Stop Thread seen for thread Thread Group 1-1, reason: org.apache.jorphan.util.JMeterStopThreadException: End of file:/Users/gimhuiheon/Documents/study/java-multi-threading/resources/throughput/search_words.csv detected for CSV DataSet:CSV Data Set Config configured with stopThread:true, recycle:false
2026-03-10 00:55:16,144 INFO o.a.j.t.JMeterThread: Thread finished: Thread Group 1-1
2026-03-10 00:55:16,146 INFO o.a.j.t.JMeterThread: Stop Thread seen for thread Thread Group 1-5, reason: org.apache.jorphan.util.JMeterStopThreadException: End of file:/Users/gimhuiheon/Documents/study/java-multi-threading/resources/throughput/search_words.csv detected for CSV DataSet:CSV Data Set Config configured with stopThread:true, recycle:false
2026-03-10 00:55:16,146 INFO o.a.j.t.JMeterThread: Thread finished: Thread Group 1-5
2026-03-10 00:55:16,146 INFO o.a.j.t.JMeterThread: Stop Thread seen for thread Thread Group 1-66, reason: org.apache.jorphan.util.JMeterStopThreadException: End of file:/Users/gimhuiheon/Documents/study/java-multi-threading/resources/throughput/search_words.csv detected for CSV DataSet:CSV Data Set Config configured with stopThread:true, recycle:false
2026-03-10 00:55:16,146 INFO o.a.j.t.JMeterThread: Thread finished: Thread Group 1-66
2026-03-10 00:55:16,146 INFO o.a.j.t.JMeterThread: Stop Thread seen for thread Thread Group 1-37, reason: org.apache.jorphan.util.JMeterStopThreadException: End of file:/Users/gimhuiheon/Documents/study/java-multi-threading/resources/throughput/search_words.csv detected for CSV DataSet:CSV Data Set Config configured with stopThread:true, recycle:false
2026-03-10 00:55:16,146 INFO o.a.j.t.JMeterThread: Thread finished: Thread Group 1-37
2026-03-10 00:55:16,147 INFO o.a.j.t.JMeterThread: Stop Thread seen for thread Thread Group 1-80, reason: org.apache.jorphan.util.JMeterStopThreadException: End of file:/Users/gimhuiheon/Documents/study/java-multi-threading/resources/throughput/search_words.csv detected for CSV DataSet:CSV Data Set Config configured with stopThread:true, recycle:false
2026-03-10 00:55:16,147 INFO o.a.j.t.JMeterThread: Thread finished: Thread Group 1-80
2026-03-10 00:55:16,148 INFO o.a.j.t.JMeterThread: Stop Thread seen for thread Thread Group 1-46, reason: org.apache.jorphan.util.JMeterStopThreadException: End of file:/Users/gimhuiheon/Documents/study/java-multi-threading/resources/throughput/search_words.csv detected for CSV DataSet:CSV Data Set Config configured with stopThread:true, recycle:false
2026-03-10 00:55:16,148 INFO o.a.j.t.JMeterThread: Thread finished: Thread Group 1-46
2026-03-10 00:55:16,148 INFO o.a.j.t.JMeterThread: Stop Thread seen for thread Thread Group 1-40, reason: org.apache.jorphan.util.JMeterStopThreadException: End of file:/Users/gimhuiheon/Documents/study/java-multi-threading/resources/throughput/search_words.csv detected for CSV DataSet:CSV Data Set Config configured with stopThread:true, recycle:false
2026-03-10 00:55:16,148 INFO o.a.j.t.JMeterThread: Thread finished: Thread Group 1-40
2026-03-10 00:55:16,149 INFO o.a.j.t.JMeterThread: Stop Thread seen for thread Thread Group 1-48, reason: org.apache.jorphan.util.JMeterStopThreadException: End of file:/Users/gimhuiheon/Documents/study/java-multi-threading/resources/throughput/search_words.csv detected for CSV DataSet:CSV Data Set Config configured with stopThread:true, recycle:false
2026-03-10 00:55:16,149 INFO o.a.j.t.JMeterThread: Thread finished: Thread Group 1-48
2026-03-10 00:55:16,149 INFO o.a.j.t.JMeterThread: Stop Thread seen for thread Thread Group 1-43, reason: org.apache.jorphan.util.JMeterStopThreadException: End of file:/Users/gimhuiheon/Documents/study/java-multi-threading/resources/throughput/search_words.csv detected for CSV DataSet:CSV Data Set Config configured with stopThread:true, recycle:false
2026-03-10 00:55:16,149 INFO o.a.j.t.JMeterThread: Thread finished: Thread Group 1-43
2026-03-10 00:55:16,151 INFO o.a.j.t.JMeterThread: Stop Thread seen for thread Thread Group 1-62, reason: org.apache.jorphan.util.JMeterStopThreadException: End of file:/Users/gimhuiheon/Documents/study/java-multi-threading/resources/throughput/search_words.csv detected for CSV DataSet:CSV Data Set Config configured with stopThread:true, recycle:false
2026-03-10 00:55:16,151 INFO o.a.j.t.JMeterThread: Thread finished: Thread Group 1-62
2026-03-10 00:55:16,151 INFO o.a.j.t.JMeterThread: Stop Thread seen for thread Thread Group 1-13, reason: org.apache.jorphan.util.JMeterStopThreadException: End of file:/Users/gimhuiheon/Documents/study/java-multi-threading/resources/throughput/search_words.csv detected for CSV DataSet:CSV Data Set Config configured with stopThread:true, recycle:false
2026-03-10 00:55:16,151 INFO o.a.j.t.JMeterThread: Thread finished: Thread Group 1-13
2026-03-10 00:55:16,151 INFO o.a.j.t.JMeterThread: Stop Thread seen for thread Thread Group 1-51, reason: org.apache.jorphan.util.JMeterStopThreadException: End of file:/Users/gimhuiheon/Documents/study/java-multi-threading/resources/throughput/search_words.csv detected for CSV DataSet:CSV Data Set Config configured with stopThread:true, recycle:false
2026-03-10 00:55:16,151 INFO o.a.j.t.JMeterThread: Thread finished: Thread Group 1-51
2026-03-10 00:55:16,152 INFO o.a.j.t.JMeterThread: Stop Thread seen for thread Thread Group 1-95, reason: org.apache.jorphan.util.JMeterStopThreadException: End of file:/Users/gimhuiheon/Documents/study/java-multi-threading/resources/throughput/search_words.csv detected for CSV DataSet:CSV Data Set Config configured with stopThread:true, recycle:false
2026-03-10 00:55:16,152 INFO o.a.j.t.JMeterThread: Thread finished: Thread Group 1-95
2026-03-10 00:55:16,152 INFO o.a.j.t.JMeterThread: Stop Thread seen for thread Thread Group 1-89, reason: org.apache.jorphan.util.JMeterStopThreadException: End of file:/Users/gimhuiheon/Documents/study/java-multi-threading/resources/throughput/search_words.csv detected for CSV DataSet:CSV Data Set Config configured with stopThread:true, recycle:false
2026-03-10 00:55:16,152 INFO o.a.j.t.JMeterThread: Thread finished: Thread Group 1-89
2026-03-10 00:55:16,153 INFO o.a.j.t.JMeterThread: Stop Thread seen for thread Thread Group 1-15, reason: org.apache.jorphan.util.JMeterStopThreadException: End of file:/Users/gimhuiheon/Documents/study/java-multi-threading/resources/throughput/search_words.csv detected for CSV DataSet:CSV Data Set Config configured with stopThread:true, recycle:false
2026-03-10 00:55:16,153 INFO o.a.j.t.JMeterThread: Thread finished: Thread Group 1-15
2026-03-10 00:55:16,154 INFO o.a.j.t.JMeterThread: Stop Thread seen for thread Thread Group 1-63, reason: org.apache.jorphan.util.JMeterStopThreadException: End of file:/Users/gimhuiheon/Documents/study/java-multi-threading/resources/throughput/search_words.csv detected for CSV DataSet:CSV Data Set Config configured with stopThread:true, recycle:false
2026-03-10 00:55:16,154 INFO o.a.j.t.JMeterThread: Thread finished: Thread Group 1-63
2026-03-10 00:55:16,155 INFO o.a.j.t.JMeterThread: Stop Thread seen for thread Thread Group 1-34, reason: org.apache.jorphan.util.JMeterStopThreadException: End of file:/Users/gimhuiheon/Documents/study/java-multi-threading/resources/throughput/search_words.csv detected for CSV DataSet:CSV Data Set Config configured with stopThread:true, recycle:false
2026-03-10 00:55:16,155 INFO o.a.j.t.JMeterThread: Thread finished: Thread Group 1-34
2026-03-10 00:55:16,155 INFO o.a.j.t.JMeterThread: Stop Thread seen for thread Thread Group 1-52, reason: org.apache.jorphan.util.JMeterStopThreadException: End of file:/Users/gimhuiheon/Documents/study/java-multi-threading/resources/throughput/search_words.csv detected for CSV DataSet:CSV Data Set Config configured with stopThread:true, recycle:false
2026-03-10 00:55:16,155 INFO o.a.j.t.JMeterThread: Thread finished: Thread Group 1-52
2026-03-10 00:55:16,156 INFO o.a.j.t.JMeterThread: Stop Thread seen for thread Thread Group 1-21, reason: org.apache.jorphan.util.JMeterStopThreadException: End of file:/Users/gimhuiheon/Documents/study/java-multi-threading/resources/throughput/search_words.csv detected for CSV DataSet:CSV Data Set Config configured with stopThread:true, recycle:false
2026-03-10 00:55:16,156 INFO o.a.j.t.JMeterThread: Thread finished: Thread Group 1-21
2026-03-10 00:55:16,157 INFO o.a.j.t.JMeterThread: Stop Thread seen for thread Thread Group 1-67, reason: org.apache.jorphan.util.JMeterStopThreadException: End of file:/Users/gimhuiheon/Documents/study/java-multi-threading/resources/throughput/search_words.csv detected for CSV DataSet:CSV Data Set Config configured with stopThread:true, recycle:false
2026-03-10 00:55:16,157 INFO o.a.j.t.JMeterThread: Thread finished: Thread Group 1-67
2026-03-10 00:55:16,157 INFO o.a.j.t.JMeterThread: Stop Thread seen for thread Thread Group 1-85, reason: org.apache.jorphan.util.JMeterStopThreadException: End of file:/Users/gimhuiheon/Documents/study/java-multi-threading/resources/throughput/search_words.csv detected for CSV DataSet:CSV Data Set Config configured with stopThread:true, recycle:false
2026-03-10 00:55:16,157 INFO o.a.j.t.JMeterThread: Thread finished: Thread Group 1-85
2026-03-10 00:55:16,158 INFO o.a.j.t.JMeterThread: Stop Thread seen for thread Thread Group 1-6, reason: org.apache.jorphan.util.JMeterStopThreadException: End of file:/Users/gimhuiheon/Documents/study/java-multi-threading/resources/throughput/search_words.csv detected for CSV DataSet:CSV Data Set Config configured with stopThread:true, recycle:false
2026-03-10 00:55:16,158 INFO o.a.j.t.JMeterThread: Thread finished: Thread Group 1-6
2026-03-10 00:55:16,159 INFO o.a.j.t.JMeterThread: Stop Thread seen for thread Thread Group 1-56, reason: org.apache.jorphan.util.JMeterStopThreadException: End of file:/Users/gimhuiheon/Documents/study/java-multi-threading/resources/throughput/search_words.csv detected for CSV DataSet:CSV Data Set Config configured with stopThread:true, recycle:false
2026-03-10 00:55:16,159 INFO o.a.j.t.JMeterThread: Thread finished: Thread Group 1-56
2026-03-10 00:55:16,159 INFO o.a.j.t.JMeterThread: Stop Thread seen for thread Thread Group 1-91, reason: org.apache.jorphan.util.JMeterStopThreadException: End of file:/Users/gimhuiheon/Documents/study/java-multi-threading/resources/throughput/search_words.csv detected for CSV DataSet:CSV Data Set Config configured with stopThread:true, recycle:false
2026-03-10 00:55:16,159 INFO o.a.j.t.JMeterThread: Thread finished: Thread Group 1-91
2026-03-10 00:55:16,159 INFO o.a.j.t.JMeterThread: Stop Thread seen for thread Thread Group 1-31, reason: org.apache.jorphan.util.JMeterStopThreadException: End of file:/Users/gimhuiheon/Documents/study/java-multi-threading/resources/throughput/search_words.csv detected for CSV DataSet:CSV Data Set Config configured with stopThread:true, recycle:false
2026-03-10 00:55:16,160 INFO o.a.j.t.JMeterThread: Thread finished: Thread Group 1-31
2026-03-10 00:55:16,160 INFO o.a.j.e.StandardJMeterEngine: Notifying test listeners of end of test
2026-03-10 00:55:16,160 INFO o.a.j.s.FileServer: Close: /Users/gimhuiheon/Documents/study/java-multi-threading/resources/throughput/search_words.csv
2026-03-10 00:55:16,160 INFO o.a.j.g.u.JMeterMenuBar: setRunning(false, *local*)
2026-03-10 00:55:18,747 INFO o.a.j.g.a.What: TestElement: class org.apache.jmeter.reporters.ResultCollector, guiClassName: org.apache.jmeter.visualizers.SummaryReport
